area_base,area_log,indice_forma,densidad_zona,centroide_x,centroide_y,nivel_consolidacion_urbana
21.118,3.0963917566531682,0.06515985133384516,0.26459156069379747,23.687055897448207,44.25773459328154,0
95.308,4.567551389081583,0.2045629423436353,0.4201784164740347,35.01252591667301,55.704051327503514,0
34.042,3.5565473420648956,0.007601795110598209,0.5970356784884848,93.09486955069778,2.0934117826733267,0
10.198,2.4157351909267017,0.0648516641217329,0.281186241120396,26.806364082287626,82.6858560972753,0
17.059,2.8936441754702065,0.02854559233559828,0.5927540849389498,38.08908566310215,43.34722327556344,0
21.118,3.0963917566531682,-0.01755030909888734,0.48322293438705305,68.11178539649828,72.20660642037853,0
34.042,3.5565473420648956,0.1822349482485348,0.5316814098836685,86.89049844787182,55.646463734882204,0
479.0,6.173786103901937,0.4680677301750429,0.5910413912579957,14.879596940511563,55.768869118545275,1
338.0,5.82600010738045,0.4188903186807033,0.41459728646282934,83.54802257421944,80.01375827520759,0
9.838,2.3830584771439223,-0.0108748655849226,0.521638028342306,15.241601333041743,41.54430005920896,0
338.0,5.82600010738045,0.2875604241981631,0.47655854949424353,11.15122123212764,39.09174268411623,1
13.813,2.695505173599915,-0.007252450684436421,0.2768207444764066,79.52673118598902,97.33826191648211,0
11.723,2.5434113791605633,0.013060466409510255,0.364932730793296,17.436642900499145,92.09945210965759,0
948.0,6.855408798609928,1.019737590692999,0.36778494421595065,85.56964681062857,23.74785567522575,0
95.308,4.567551389081583,0.09492965130309285,0.4038252605904724,7.613085949030019,96.57472098197475,1
479.0,6.173786103901937,0.4639984260634896,0.4112185900485361,20.322309108608728,19.26763964867003,1
13.813,2.695505173599915,-0.0022894349483190968,0.3518201134790342,60.67150463828559,36.14037790671863,0
10.198,2.4157351909267017,0.05549157627341714,0.27045812961053184,60.31521094663882,90.43597749938573,0
13.549,2.677522262733252,0.0025134383264570834,0.27152413037392287,40.99048896962883,71.87181132622024,0
17.804,2.934069613161884,0.05296896127344035,0.48559990073992126,50.723480868839246,84.99593305032053,0
95.308,4.567551389081583,0.10557285513476213,0.6895783908644583,95.02373538208025,56.660525890546296,0
21.118,3.0963917566531682,0.07103856667060687,0.45344047943660465,2.3638586046336396,60.50895185405384,1
26.903,3.3287342099284394,0.007377050565175732,0.5594550434701027,44.84455219783198,35.442494879305485,0
21.118,3.0963917566531682,0.024299135223590503,0.6523441825991706,10.410964938416633,5.115020562039763,1
13.549,2.677522262733252,0.07066144855090048,0.4787506052191635,14.888805033244468,54.42573370152508,0
13.813,2.695505173599915,-0.02756631011537849,0.14223294519604457,99.68742518459473,0.06533907612995549,0
17.059,2.8936441754702065,0.04977415149765223,0.49938907443178476,35.33522280260528,83.61177032072487,0
21.118,3.0963917566531682,-0.02766244097740839,0.7352778478208831,8.565824959643054,83.91466080707525,1
13.813,2.695505173599915,-0.021123912104420963,0.32668223092735105,61.06200424416326,83.81549749886426,0
226.0,5.424950017481403,0.22674512988712212,0.6010209194237346,20.376645912768907,13.22687150984817,1
19.755,3.032787181505002,0.14023524874784227,0.4249608475119987,66.01973767177313,74.83843496762313,0
226.0,5.424950017481403,0.29262224538144005,0.6052734560815016,9.653447019544082,47.34356593750214,1
19.755,3.032787181505002,0.05425865563163124,0.5914820070785628,90.53506419560637,89.53460891531692,0
17.059,2.8936441754702065,-0.033514828465026916,0.6064116470879908,43.747492202372904,27.09426983163654,0
226.0,5.424950017481403,0.24777799286000926,0.607285487583685,59.83574842977588,77.67984372086308,0
34.042,3.5565473420648956,-0.04785202939779398,0.5919898316991715,51.55960285792502,10.548342746103568,0
17.059,2.8936441754702065,0.0671099211005624,0.676762897634558,61.81282404578958,58.37135877313639,0
13.549,2.677522262733252,0.02937080286112962,0.573376752595669,72.84906771616131,75.18251459566811,0
13.549,2.677522262733252,-0.08957885886361468,0.5410866630270769,11.833619092338733,62.13306241557073,0
479.0,6.173786103901937,0.5101959820264484,0.4251128578258017,15.41450431784871,22.833125236861086,1
18.254,2.9577188313557747,0.07373023214842983,0.5650343690287819,76.93048936413398,57.71170823879065,0
95.308,4.567551389081583,0.15151107544179737,0.278501416472292,18.643826214425452,16.82036557665182,1
95.308,4.567551389081583,0.04561890999471716,0.4183555780528562,49.636624720123635,34.2107620863594,0
13.813,2.695505173599915,0.03976971406015145,0.3938840682781718,0.4632023004602859,14.122354337314945,1
21.118,3.0963917566531682,0.014654528671342416,0.5153812159726283,60.79050927934446,57.69816124176819,0
95.308,4.567551389081583,0.10074358404736633,0.508084602054981,98.7668007996647,21.469588746335543,0
226.0,5.424950017481403,0.20012723416680148,0.43930422199385805,79.45782787001903,85.79349139973289,0
5.076,1.8043465847335263,0.03386984686614304,0.6064899122220856,62.296658356348274,13.457626710410775,0
18.254,2.9577188313557747,0.040075062918044,0.26824153888903474,51.22219208126745,67.48932030541548,0
18.254,2.9577188313557747,0.09820687877863128,0.5521096229652143,45.94467684059866,79.86557803566366,0
13.549,2.677522262733252,0.0403149398430146,0.20862534635573454,97.99703293588506,37.66764404294625,0
13.813,2.695505173599915,0.017958934853368882,0.4126907998860481,98.99602323899452,58.31908042770976,0
338.0,5.82600010738045,0.4143673911909407,0.3386524274637669,64.78174459905284,85.3317186666586,0
95.308,4.567551389081583,0.10789702179113944,0.5393754336277751,44.600577295795574,65.70304982341074,0
338.0,5.82600010738045,0.3284089221652263,0.4735798703433832,36.87071708647952,60.73244167930659,0
338.0,5.82600010738045,0.317195617298638,0.5708959644485018,49.28645844474466,85.8322938878858,1
26.903,3.3287342099284394,-0.004184203170315922,0.4462394636730667,77.64129607419969,15.949226254135828,0
52.0,3.970291913552122,0.048467891560592204,0.6724231046015553,14.055296757836079,33.21725220617326,1
19.755,3.032787181505002,0.06838196131929451,0.4541068352702612,62.28904758190003,10.590580440375764,0
11.723,2.5434113791605633,-0.010629835452427508,0.42959803003599334,33.90297910487007,73.44439320755914,0
19.755,3.032787181505002,0.04129845503852002,0.3838694272470649,15.643704267108605,10.189310087293679,0
13.549,2.677522262733252,0.05474036873717832,0.6657495802706621,24.697879907199983,6.81866197654627,1
18.254,2.9577188313557747,0.07782549135758055,0.3851583264454718,52.70414639116516,47.16494907505954,0
226.0,5.424950017481403,0.21847630134037516,0.36390101609416015,7.896916219082861,32.20675351957297,1
18.254,2.9577188313557747,-0.018205005607114383,0.6000598209092531,73.74337687214856,50.00582591910867,0
52.0,3.970291913552122,0.024431449843640977,0.42658786482583694,63.69023174547432,53.836310210102276,0
6.774,2.0507848324300313,0.024656550861466543,0.523523452414729,6.505159298527952,64.06151835488873,1
13.265,2.6578089846654636,-0.01790150566017333,0.3323108587944891,25.178229582536417,32.52951340230311,0
6.774,2.0507848324300313,0.09960614711146869,0.6032307959679324,80.21969807540397,78.75490858587793,0
226.0,5.424950017481403,0.1877520205665015,0.5990514581844022,30.39464012407238,29.191117349780725,1
21.118,3.0963917566531682,0.04221430743411071,0.37761356972771704,53.582768447308126,94.89806670470014,0
16.067,2.83714677443662,0.008509467507091242,0.5341107618487431,44.554163874189086,73.59204063739489,0
52.0,3.970291913552122,0.13160235919069246,0.5171714088228169,44.33800143791877,19.202336913634454,0
52.0,3.970291913552122,0.011595528094141286,0.5403959284343507,68.82742357802371,27.556677630917846,0
95.308,4.567551389081583,0.09587613322049406,0.4189435491519419,82.89154741506773,5.034952696935324,0
9.838,2.3830584771439223,0.06136852713646382,0.4425773778519875,30.552431065802356,34.9937853570714,0
13.813,2.695505173599915,0.06810934641107809,0.6443753887929948,53.71065418185478,58.095037988817936,0
226.0,5.424950017481403,0.17698440472451152,0.5587743061574152,65.42925523249619,24.080381607317324,0
18.254,2.9577188313557747,0.013511365603945159,0.5935013451012243,50.94221281497897,28.56259885622431,0
18.038,2.9464369818291134,-0.008969938079015069,0.5430908771041141,3.2526179491251916,39.69921622074742,1
19.755,3.032787181505002,-0.13770463768958247,0.39989999281752797,75.78461104643691,63.76882468959355,0
52.0,3.970291913552122,0.1447185249048511,0.6303197507458324,90.96268194365923,30.277512827196716,0
5.076,1.8043465847335263,-0.11997979032873259,0.39193173939874115,24.871427258762992,58.27144493446815,0
5.076,1.8043465847335263,-0.04371750862776998,0.2956934943717864,17.968310887024195,40.20272168882407,0
19.755,3.032787181505002,0.05441387949504521,0.4940110304939954,19.579113478929642,66.64630475268358,0
226.0,5.424950017481403,0.23607182732765064,0.5161640083178815,52.14456890435895,93.016520286255,0
9.838,2.3830584771439223,0.07129071253494365,0.5571239627517881,82.60676302525283,23.692399389672346,0
338.0,5.82600010738045,0.35358727313126126,0.4273057153099878,60.34930960433786,16.91618938424202,0
5.076,1.8043465847335263,-0.005509152158739565,0.45173709440146875,80.17280830697918,13.097374299417408,0
13.549,2.677522262733252,0.013057205463271198,0.490418325075298,61.02251494776413,40.34809690269996,0
13.813,2.695505173599915,0.0450316236513679,0.45386428743263013,96.94704332753689,69.08839765508228,0
17.059,2.8936441754702065,-0.0013078675868270807,0.25762302935497516,87.66536026583451,19.497519990028923,0
6.774,2.0507848324300313,-0.03789147758465346,0.37342191838626515,60.75448519014384,71.8331175372004,0
95.308,4.567551389081583,0.11290081062239751,0.5029993229309629,1.787393473341381,61.27958355365104,1
21.118,3.0963917566531682,0.048192548659730425,0.3817928565150488,89.41908746641182,14.53266924205041,0
9.838,2.3830584771439223,-0.028174238345075146,0.47742977877575266,97.56102008599149,40.273948474683074,0
34.042,3.5565473420648956,0.024049001788075314,0.3846850384942219,30.79299415911909,82.00675020556494,0
95.308,4.567551389081583,0.06735285411238082,0.7180760355682827,40.845321307069874,51.40954425512597,1
21.118,3.0963917566531682,-0.12272279620627975,0.3318298980863117,1.823258267636163,56.58505603132467,1
13.549,2.677522262733252,0.06263603994702652,0.49087257199956086,73.28015447662506,84.90980199586761,0
11.723,2.5434113791605633,-0.0003308007158967091,0.4626539517078987,69.18951976926932,17.925561190779003,0
10.501,2.4424339881104444,0.052953543005675084,0.4659586300793114,17.711067940704893,6.835320030995861,0
13.549,2.677522262733252,-0.056834348650231334,0.31189660213572257,13.535408227768553,23.47544217249713,0
18.038,2.9464369818291134,0.014131106998177205,0.7028543818889226,22.995460589108617,3.4672704226066386,1
17.059,2.8936441754702065,0.05354629293534009,0.5903710154423545,17.70104842767468,43.23462264033473,1
21.118,3.0963917566531682,0.034245785079609195,0.5441123058189821,98.77855202148874,52.34013709220082,0
95.308,4.567551389081583,0.11752118693589375,0.19288442213438745,88.5977748236187,32.8179482797612,0
11.69,2.540814281726296,0.025747908767704882,0.44237275014395366,95.18117854232389,58.55637287933019,0
13.813,2.695505173599915,0.039806375804626176,0.6290273957592735,24.240973241508023,60.96974251526159,1
52.0,3.970291913552122,0.13341443106146156,0.25846053218123,31.12174950633936,13.36956543994362,0
11.723,2.5434113791605633,-0.024295441794965608,0.4436749939886644,49.25176938188639,30.67765995221412,0
338.0,5.82600010738045,0.39190166605609106,0.6607213895381839,70.69764874557161,96.69685146183153,0
8.209,2.22018126673923,0.015184659284336082,0.44575578359411816,96.21725484745419,69.64298070361072,0
6.774,2.0507848324300313,0.028022077654119668,0.4823517602596754,81.54614284548342,19.159294573482576,0
52.0,3.970291913552122,-4.923342125410374e-05,0.4660208791425743,82.24223736682784,22.578955215062912,0
95.308,4.567551389081583,0.14058766336884654,0.4293867351312827,54.190094737835814,39.95187845869348,0
52.0,3.970291913552122,0.009449376811842151,0.719966358678287,21.78925542549901,67.66172335525064,1
479.0,6.173786103901937,0.5263594692189738,0.5670055416213716,0.88632851134689,38.920861862343884,1
479.0,6.173786103901937,0.46176115781503413,0.271460328399775,62.659251109321026,2.1846711986201806,0
21.118,3.0963917566531682,0.07925629011190238,0.4551396372154918,33.300191305819794,4.55851579486688,0
13.549,2.677522262733252,0.003450973948270349,0.5998816735559586,12.150137630091805,68.2540478767157,1
18.254,2.9577188313557747,-0.004592586967073764,0.6337760869392219,62.46635688542638,23.22246909013431,0
5.076,1.8043465847335263,0.03490559409429989,0.1468275615955097,7.349674733001265,17.689695082398394,1
226.0,5.424950017481403,0.11910846095143315,0.43472918780569486,77.20124763099903,91.76472779044335,0
21.118,3.0963917566531682,0.030826363666663907,0.7150749257989767,32.33715621155208,6.20414169565543,0
226.0,5.424950017481403,0.2360785559871495,0.6245242058519457,52.739962212267635,53.45592191563087,0
18.254,2.9577188313557747,0.1338305475348226,0.7053641874144276,17.410933533408436,13.07173235897573,1
95.308,4.567551389081583,0.13558705334914561,0.6703430878237214,39.62420189026587,93.43041141674902,1
19.755,3.032787181505002,-0.02259639897559628,0.43949303810469764,7.056874740042984,54.42539661136977,1
18.254,2.9577188313557747,-0.01135299778134094,0.3517995772995589,78.50165438370568,93.27529390603132,0
6.774,2.0507848324300313,0.04942818367029604,0.6450210656375817,86.31034258755935,17.522177210582733,0
13.813,2.695505173599915,-0.010623159554448043,0.35878952464969627,12.748866233198243,13.714848815274316,0
338.0,5.82600010738045,0.46071909719826765,0.6399599908581478,52.016989231075115,43.180709510777724,0
95.308,4.567551389081583,0.027883531682584214,0.6547070787915996,12.886986747344519,75.72829782755008,1
95.308,4.567551389081583,0.07631424769133027,0.5343642247469569,94.47320222914102,25.533637376324414,0
21.118,3.0963917566531682,0.12494383229147414,0.7217181839149226,42.37382536487628,58.800046342962844,0
13.813,2.695505173599915,-0.05565665692214161,0.3208720022882234,73.08674752036443,19.66535849529587,0
21.118,3.0963917566531682,-0.0563047197687498,0.6353136967382402,2.5642065806435688,73.43656764922184,1
13.549,2.677522262733252,-0.00015162203262602918,0.659325117138299,7.705827913433117,43.52622796565539,1
338.0,5.82600010738045,0.28604591939045254,0.45474004190620465,55.25009674078891,34.69589503775858,0
18.038,2.9464369818291134,-0.052805317060947515,0.5282110035487659,86.01223971892045,93.44330387534414,0
13.813,2.695505173599915,-0.010952719291573033,0.3606610276308905,92.55685129067763,45.3989911199699,0
17.059,2.8936441754702065,0.029903511650752293,0.7363813714252954,55.543170560262745,70.87656552291543,0
13.549,2.677522262733252,0.036249768347978564,0.6601996667088458,76.55128989911097,34.5579585870813,0
18.254,2.9577188313557747,0.025529310722721195,0.7401611459246589,76.92231478381336,74.52147426908346,0
9.838,2.3830584771439223,-0.031417748459642486,0.38877526251309125,86.80566901074504,57.835976311654,0
13.813,2.695505173599915,0.05173791016794649,0.4407074677975729,17.33735952947548,5.3347996988897695,0
18.038,2.9464369818291134,0.03558975954174652,0.7306326978551515,63.64302495436367,27.592269438054686,0
17.059,2.8936441754702065,0.06636706516332554,0.6139680855429616,90.11580104909889,79.27581135728128,0
18.038,2.9464369818291134,0.011312114836723997,0.6014535571512363,63.85259476640856,14.92494697414739,0
13.549,2.677522262733252,0.03250520769285188,0.55197905274695,96.33944342135504,63.49066591531628,0
13.813,2.695505173599915,0.04456596967815172,0.7247017655456641,49.83677727394797,79.7732263348214,0
6.774,2.0507848324300313,-0.009891895303343444,0.7332797801221013,25.87799816000169,22.207587069332057,0
95.308,4.567551389081583,0.1376874694523863,0.16762663624689977,64.96466489923685,39.525931543115775,0
11.723,2.5434113791605633,-0.018326377106917383,0.42417653668332334,72.59556788702393,2.519341395922936,0
52.0,3.970291913552122,-0.030735647173880512,0.43929562147050105,67.86699566725648,61.0363007818157,0
5.076,1.8043465847335263,-0.004173521098357573,0.5356744311137503,3.0652502205806065,14.328145870264109,1
26.903,3.3287342099284394,0.08742717401906058,0.6056504314781118,11.752624677710488,55.68784431720959,1
52.0,3.970291913552122,0.04068823170124964,0.6129784924598823,67.71206397350093,93.53944896677987,0
226.0,5.424950017481403,0.10723875629299401,0.2823160551648263,15.124682873493455,90.92021362064871,1
95.308,4.567551389081583,0.030082756212486947,0.4630143418610638,35.071181545171015,45.91240232866809,0
6.774,2.0507848324300313,-0.0217579987994859,0.6310984626510323,56.127719756949624,89.25582274864745,0
10.501,2.4424339881104444,0.04570378352078865,0.34249178152652204,37.5582952639944,9.206698608247542,0
13.549,2.677522262733252,0.0779985551594581,0.6493122785674211,84.19335667918087,46.073360024167386,0
16.067,2.83714677443662,-0.03050698165486471,0.44552366619007755,2.3594964645529126,56.9304984412202,1
338.0,5.82600010738045,0.3577963253961874,0.8458455256050783,38.76488054556471,32.099704564089784,1
5.076,1.8043465847335263,0.010079840431571167,0.566875831284387,82.88833658826094,87.36185287372153,0
17.059,2.8936441754702065,-0.0016180743072779884,0.368627776303056,91.09271844938425,7.569972730978747,0
95.308,4.567551389081583,0.11408584795282764,0.5474101804594926,63.40057030996113,13.545953679469081,0
10.198,2.4157351909267017,-0.004887373814541997,0.3953953658125744,34.1817351697876,92.91447172116874,0
19.755,3.032787181505002,0.05691182337622741,0.38959045197972286,38.610263780077425,26.885351438219352,0
17.059,2.8936441754702065,-0.05071597728286767,0.5081077494269002,98.0032575285477,79.62414505413685,0
948.0,6.855408798609928,0.924797037621111,0.7117035292618438,6.570863942835237,29.14609134937939,1
479.0,6.173786103901937,0.4819818882681489,0.5289292764725286,79.42106625494054,41.716427897570206,0
11.69,2.540814281726296,0.07216377715355761,0.8878962763525844,86.79182945200222,8.603215703294321,0
11.723,2.5434113791605633,0.05279896663085831,0.5189688828591035,93.67299887367345,86.16909037873452,0
226.0,5.424950017481403,0.17467215292696736,0.6172913803177877,25.862083488803876,94.77796979692297,1
21.118,3.0963917566531682,-0.046522646691292774,0.5196678987012721,45.17676787372291,82.59323085500162,0
5.076,1.8043465847335263,-0.024844158363744467,0.7869032201535193,81.48251137465122,84.94464062257356,0
26.903,3.3287342099284394,-0.05144591023060241,0.599380405009792,95.0061967050805,30.779583168074566,0
226.0,5.424950017481403,0.3151674782164417,0.3570439304952725,18.741194409758222,37.20822549628959,1
52.0,3.970291913552122,0.12651000401554902,0.4932433822983614,42.18281785388314,26.240837648930192,0
338.0,5.82600010738045,0.2985101669746547,0.5783781149663585,41.6504431903879,59.61426495498969,1
338.0,5.82600010738045,0.2775933836447288,0.530822964134003,78.18238633449356,30.946954908860093,0
95.308,4.567551389081583,0.15158275400075738,0.5982850442770641,6.78370591051719,30.643282270337156,1
13.549,2.677522262733252,0.05828043197294615,0.41998213313361493,27.1949726128631,29.13610728377445,0
17.059,2.8936441754702065,0.03323792028863298,0.6337794533241123,27.340707193070624,37.25332737595508,0
479.0,6.173786103901937,0.4373791376298894,0.7277633045978269,27.576756825135696,87.7749404862625,1
226.0,5.424950017481403,0.223750112384212,0.5463570252536052,87.1204482263052,21.60314403930722,0
479.0,6.173786103901937,0.4386640441834043,0.5813635954298153,82.84692994491171,33.581636464153455,0
95.308,4.567551389081583,0.09146737497029983,0.7867409100594982,68.32587636595959,97.83547870568566,0
6.774,2.0507848324300313,-0.021862776590534608,0.4035224986959454,77.22447692966574,35.85784615248732,0
338.0,5.82600010738045,0.36306830398252116,0.49553502674953975,0.992382112783563,31.283419752422002,1
13.813,2.695505173599915,0.03293084191796794,0.3829784177918342,94.72833396118153,77.7049285651756,0
8.209,2.22018126673923,-0.07558322080020238,0.6417967656853798,96.98788267076391,53.25040664159818,0
13.813,2.695505173599915,0.011073648725932422,0.5583228365395569,16.36559428657045,84.73879305713737,1
6.774,2.0507848324300313,-0.017610233976254025,0.599339447323943,8.84925020519195,91.95310246560497,1
52.0,3.970291913552122,0.07210038698783133,0.4298391974212127,29.504070765415623,12.611532237541056,0
479.0,6.173786103901937,0.6043436653069223,0.45137347084390383,11.613896020052561,37.72017824576387,1
95.308,4.567551389081583,0.06978076267461095,0.4240047749318121,79.07231648389636,35.08191093350156,0
13.813,2.695505173599915,-0.03188428268168511,0.4741437563819507,45.221794088980715,92.71237818644494,0
5.076,1.8043465847335263,-0.08310372698886669,0.34760068532479566,86.70314961224486,0.11120941961874076,0
52.0,3.970291913552122,0.11489110402492236,0.4496332073389367,37.117242343762754,98.46544775908396,0
26.903,3.3287342099284394,-0.009589474698665484,0.5244194927149869,37.06421470668909,8.355433751068976,0
16.067,2.83714677443662,0.030542289374904705,0.21332610121092688,52.96597239456199,7.527871665167362,0
13.813,2.695505173599915,-0.06321336530112429,0.5540339055616144,86.55071258939803,69.71358058918092,0
95.308,4.567551389081583,0.04147451552000301,0.8309703469827008,47.42142166574638,25.967083895041398,1
338.0,5.82600010738045,0.3841005754088681,0.4422811964593894,33.73455467690927,31.690413772062477,1
26.903,3.3287342099284394,0.025479019944401465,0.6783839691883677,1.083765148029836,35.68859751711102,1
18.254,2.9577188313557747,0.03244772237425526,0.3728789164152403,36.753442229153144,35.543933736406174,0
13.265,2.6578089846654636,0.03139495840593121,0.34117997776282705,22.793516254194166,41.65658284822922,0
13.549,2.677522262733252,0.07051596982436967,0.499756742455493,36.22354416522884,18.987532909591998,0
13.813,2.695505173599915,0.0045233564496662375,0.7455623611989113,46.20058036441327,66.72123371941811,0
18.254,2.9577188313557747,-0.04678968797636328,0.3592299341388373,84.08715794259226,93.17404033165082,0
95.308,4.567551389081583,0.025286395804025946,0.47191590177396797,55.08573706091393,84.42123252861431,0
52.0,3.970291913552122,0.09950615927299195,0.47720733147920213,90.24533072858418,37.698616728684165,0
13.813,2.695505173599915,0.05644684815241187,0.8181490348767664,41.462412372702374,24.966895274023017,0
479.0,6.173786103901937,0.5265981724955094,0.3159478884067196,96.64173858664074,66.47392049108463,0
13.549,2.677522262733252,0.03955502648582941,0.42190540901565515,35.538456868573945,96.14166196420496,0
52.0,3.970291913552122,0.07168282550067527,0.457723272590435,43.459596085871176,72.76311376996887,0
13.549,2.677522262733252,-0.05777194790116691,0.4838932072384932,36.79407513020845,13.925407078470398,0
95.308,4.567551389081583,0.10456857142741671,0.7577545993645813,99.11686261369765,67.58229251040736,0
479.0,6.173786103901937,0.47383381107477546,0.7245320410776284,62.06604798245841,90.99301581597186,0
21.118,3.0963917566531682,0.13118100648672745,0.22765265361817738,56.22968158779098,51.85616886657339,0
10.198,2.4157351909267017,-0.014880657060251636,0.476037725301262,65.14203883518643,83.45717902556277,0
226.0,5.424950017481403,0.24541677709789597,0.5610635575098247,80.36035354415351,91.08262646863152,0
18.254,2.9577188313557747,0.02360867187792527,0.4586156417839739,50.61418628402441,55.347177620984986,0
338.0,5.82600010738045,0.38303831879196526,0.5858707117669604,90.61110021324971,73.31603781367996,0
17.059,2.8936441754702065,0.05933153539035374,0.41045096173686013,98.72761293149445,7.410542257486707,0
21.118,3.0963917566531682,0.06082298753233269,0.4535735171109156,55.022654215626176,2.2066148682290843,0
95.308,4.567551389081583,0.06612743838638642,0.5514737831296125,33.98749637680661,57.76317543444226,1
52.0,3.970291913552122,0.09055324005434812,0.4939090652482205,48.20410581120825,33.63233942703335,0
17.059,2.8936441754702065,-0.03291245149178232,0.5799174813983936,82.2537242923169,38.782608991693124,0
13.813,2.695505173599915,-0.04195361508329634,0.7243187367864435,56.98896848713165,86.46589218581401,0
13.549,2.677522262733252,-0.05000241621272235,0.6886419668864976,24.95461998495061,55.55495698856199,1
9.838,2.3830584771439223,0.0792257486165874,0.31324231647440076,55.38022407123763,28.060081323791596,0
18.254,2.9577188313557747,-0.009324214510321022,0.7644469478806099,1.1031264428647214,89.06584554618424,1
18.254,2.9577188313557747,0.0184065637027623,0.5589152544576687,76.0289823122135,91.3041466889856,0
18.038,2.9464369818291134,0.08626475720807911,0.6510956536209893,0.9770847419183659,76.53633638580408,1
95.308,4.567551389081583,0.005791817358642828,0.7292497345229368,80.65611478614497,82.65510741914642,0
21.118,3.0963917566531682,-0.01837439071895493,0.2776404819506347,66.75498992914704,35.31028889383895,0
8.209,2.22018126673923,0.05609081288469797,0.335358352658641,58.336876509715964,54.090500383808084,0
6.774,2.0507848324300313,0.03214519169784382,0.33282015274879073,66.2522284353982,32.16699896595486,0
52.0,3.970291913552122,0.05560075994296883,0.5388395642338535,61.07800710757682,1.2003027272682543,0
34.042,3.5565473420648956,0.008612131388552186,0.6532944165017213,61.78472402012139,70.17382738772572,0
479.0,6.173786103901937,0.5717081629829568,0.5727101971953386,47.68434683178171,46.77206159711509,1
21.118,3.0963917566531682,-0.027669144856691554,0.7192575524385677,69.51445540475937,66.65219766930349,0
81.0,4.406719247264253,0.03161995118957918,0.2982608319402241,83.41445970006758,50.895904042204755,0
52.0,3.970291913552122,0.023333913071473082,0.40586899958838907,27.538117425541852,67.6398368910006,0
13.813,2.695505173599915,-0.07809560275394063,0.49381278065311957,34.56959935039195,5.697872699736828,0
6.774,2.0507848324300313,-0.059518377696740704,0.4614421386780403,35.67533266935893,91.84264321454087,0
13.549,2.677522262733252,-0.003840244052226084,0.6345195998049853,59.03476904587729,16.827858850771282,0
338.0,5.82600010738045,0.41736120077353833,0.48000819271562667,10.536492225085647,19.225791846809194,1
479.0,6.173786103901937,0.5031659078425517,0.680536708180019,27.875987241455302,43.28399210571723,1
13.549,2.677522262733252,0.14617122143808903,0.4640666211594351,84.19985528900615,66.231373873072,0
13.813,2.695505173599915,0.11796662346622903,0.4433920223806685,66.35373720167107,67.27646144124667,0
18.254,2.9577188313557747,0.06702512144951235,0.2427230043944869,48.13441516353236,81.01610899597024,0
18.254,2.9577188313557747,0.008885754738969867,0.33861592569136106,14.224936868719617,41.90994729170853,0
95.308,4.567551389081583,0.07624906926037359,0.05852876517924005,81.58331249906178,40.32106331838228,0
52.0,3.970291913552122,0.09840217583214796,0.8012709516472549,91.66352358412072,4.0333852138451975,0
338.0,5.82600010738045,0.3412745757504458,0.3201193512356535,29.33086107805647,60.96819082757774,1
10.198,2.4157351909267017,-0.0028744523581084903,0.42185471731533564,29.44657595419177,3.010387221131894,0
13.549,2.677522262733252,0.010854809191758248,0.798814161124618,44.861063095454256,52.054383730485846,0
13.813,2.695505173599915,-0.03937031567729203,0.6813845970835907,39.90027038701302,22.982672579761843,0
52.0,3.970291913552122,0.06100880529048774,0.40613404344023357,7.093221613377343,55.817118389044076,1
10.198,2.4157351909267017,-0.006613276283537254,0.5508463840502392,20.64212717606032,18.573307200518563,1
6.774,2.0507848324300313,0.054431522226356915,0.621992060909689,4.645041271999773,47.690010646797,1
18.254,2.9577188313557747,0.026406312536762965,0.4770109169901042,73.73570773877996,81.18661240103798,0
479.0,6.173786103901937,0.5285538511783402,0.527744388101313,34.72770390305075,70.109758736427,1
13.549,2.677522262733252,-0.007337625130287483,0.5096611283647913,59.82252940637388,6.760474947238315,0
338.0,5.82600010738045,0.3716880212706814,0.30326840509444986,0.43632696503090873,27.34745153749798,1
13.813,2.695505173599915,-0.08917668048638058,0.20418664600342729,87.67656367617495,8.27368356181899,0
95.308,4.567551389081583,0.09054890284834714,0.7711446208506029,86.72942009598023,68.80455570741289,0
11.723,2.5434113791605633,0.012055267700585872,0.5995469520549263,52.965057835600646,56.20727944025711,0
11.723,2.5434113791605633,0.051945968680625725,0.3635479341031287,67.75643618422824,93.29248625696721,0
6.774,2.0507848324300313,-0.0064891960259408285,0.4112907905242929,90.9320402078782,63.43636888716871,0
6.774,2.0507848324300313,0.02142820438188628,0.7975450478654029,63.75574713552131,51.669838522626776,0
95.308,4.567551389081583,0.062220586906253095,0.43849558826916335,91.54882975880419,10.326500887504842,0
13.813,2.695505173599915,-0.04439085317397844,0.45100286552170826,11.203890216805235,16.7357032236781,0
19.755,3.032787181505002,0.04971557528629819,0.4161806271672564,27.083225126207424,58.29260568042631,0
479.0,6.173786103901937,0.5258635821540288,0.2923222970862505,84.69688542070605,5.0175350319974,0
34.042,3.5565473420648956,-0.05403929334558709,0.3331508795494129,65.12329770414921,67.5662902207073,0
19.755,3.032787181505002,0.05695799385359594,0.8186834344743521,95.48652806631941,43.402097270875885,0
479.0,6.173786103901937,0.5562748239210348,0.4674759424666785,96.40288471655137,38.60509356518358,0
52.0,3.970291913552122,-0.007880780070642884,0.23908621336515828,48.76670686212644,80.51743973603767,0
13.265,2.6578089846654636,-0.015905512719117988,0.4316799415625389,27.864646423661142,75.42482596820807,0
13.813,2.695505173599915,0.008799836694775872,0.3647011025835204,53.258943255158584,40.18871998907301,0
17.059,2.8936441754702065,0.08063240520047751,0.7314104550919664,2.8782676313338973,90.82284887003229,1
226.0,5.424950017481403,0.1711719274797202,0.6819768782587385,25.0966661340298,88.8191349661304,1
338.0,5.82600010738045,0.39501096817938525,0.2678645308795533,0.3819922658583108,13.945023620516018,1
13.549,2.677522262733252,0.06027070962280054,0.5056329614990844,72.64617151130048,83.88538619040689,0
17.059,2.8936441754702065,-0.0006876483350003737,0.4677329299744265,72.571950838836,90.17740285462287,0
13.265,2.6578089846654636,0.011322531358779336,0.715455205136563,94.29097039125192,96.68454997992853,0
17.059,2.8936441754702065,0.047345348952365945,0.33300577488280536,5.6375496650927115,6.8713677723960975,1
18.254,2.9577188313557747,0.0025831032412002193,0.5707086894147486,50.25660764634424,90.70419604150219,0
19.755,3.032787181505002,0.016680897909495677,0.5932020109953653,76.99935530986109,86.60956336116915,0
17.059,2.8936441754702065,0.01180856075975981,0.47891697717463527,90.41586944937484,20.22541805245349,0
9.838,2.3830584771439223,0.05349387602211784,0.5098606490070932,52.09579772720422,95.67204338893498,0
26.903,3.3287342099284394,-0.04142363703965034,0.6000867721143863,90.53819764192636,35.3789158736436,0
18.254,2.9577188313557747,-0.05464563615208394,0.45498068197577,97.58737549100537,30.64154493510364,0
5.076,1.8043465847335263,-0.01593899203447626,0.3518715556359508,15.954468011318834,63.1375326048251,0
18.254,2.9577188313557747,-0.0255327344890717,0.4419605830100079,15.20248531286481,56.389292105540235,0
11.723,2.5434113791605633,-0.0031294825381807216,0.5066093851109899,56.830860333547164,67.2702994208898,0
9.838,2.3830584771439223,0.010465544029149863,0.2950702493496624,26.311256991084285,54.69288759854769,0
95.308,4.567551389081583,0.06876835640239656,0.25216359839697655,2.440078155653802,46.66931208844084,1
26.903,3.3287342099284394,0.05265802777620021,0.2901157611163053,50.525237244785714,28.918744629594983,0
11.723,2.5434113791605633,-0.04910617672879847,0.376675158996589,22.649577519793795,71.43266357349975,0
13.813,2.695505173599915,0.039639573649377244,0.3019884218394048,80.98744458546349,35.492466087701004,0
13.549,2.677522262733252,0.07022186372161249,0.5348291756963491,87.27302504846018,77.80463064831991,0
338.0,5.82600010738045,0.41199844731501994,0.5609141028273,23.238432305604782,53.75401436403463,1
226.0,5.424950017481403,0.29594574970016435,0.17580441705464572,21.264437637109612,54.56959688130259,1
18.038,2.9464369818291134,0.002019425803082186,0.5139403479024467,76.10239909429988,82.60646845482856,0
479.0,6.173786103901937,0.46134571037139915,0.6903070841864856,31.396671737735282,43.45309633044954,1
13.265,2.6578089846654636,0.00895408541503961,0.6061387732961929,14.48948720912231,66.10142542473203,1
226.0,5.424950017481403,0.25641512832386504,0.4409973312765691,29.72378077086172,84.75476330547363,1
95.308,4.567551389081583,0.11998632008478173,0.3014525643736732,70.81720886452815,58.835222098315334,0
10.501,2.4424339881104444,0.04698620310192768,0.618230621119578,80.93611554785136,26.42762631586393,0
5.076,1.8043465847335263,-0.00656289555467761,0.5260920812619218,80.56701529500532,12.832586218876452,0
95.308,4.567551389081583,0.1804034732438349,0.37035721070891964,17.38952492194873,88.61817721293451,1
13.813,2.695505173599915,0.0500229471137037,0.37630244895639686,60.577481935688716,52.7677466221695,0
19.755,3.032787181505002,0.018921995018478792,0.34111824374406474,71.45959227000624,9.26254830513672,0
13.813,2.695505173599915,0.08845891630876004,0.0724954836024227,55.67628930139298,17.935601028924097,0
9.838,2.3830584771439223,0.013833559877126722,0.5469298477236366,84.20332943764213,9.842418910136875,0
26.903,3.3287342099284394,0.02521637709201219,0.3726342723514665,14.299168205283586,61.054675501542455,0
52.0,3.970291913552122,0.11632966579716872,0.33769733224370957,60.57792494526903,75.14233175313026,0
10.501,2.4424339881104444,0.04239601379149917,0.5059570732579453,69.6029796674973,43.2018927594506,0
13.549,2.677522262733252,-0.005116655268044449,0.6532944732590005,64.23255259052274,19.571264009964906,0
479.0,6.173786103901937,0.46873123245861736,0.7226962792814762,57.352895145557326,48.523045576535615,0
18.254,2.9577188313557747,0.020975361218879916,0.46654614781003967,41.4129752528927,19.629430231106703,0
52.0,3.970291913552122,0.14563230202670044,0.7313820817061175,60.19234310151316,76.2212058314177,0
10.501,2.4424339881104444,-0.06977033681905509,0.3243612659288819,16.94927466860925,10.137289755315916,0
18.038,2.9464369818291134,-0.06750576033875888,0.8314408364063566,48.0506947257829,55.619069263001165,0
13.813,2.695505173599915,0.0017080651348487536,0.4829656152814323,63.22642879195304,79.59263871435024,0
948.0,6.855408798609928,0.9321531390118012,0.3939939847440491,2.538635566034486,17.070836331248017,1
11.723,2.5434113791605633,-0.03246362976838075,0.5617929498592714,4.077514155476392,50.889055559105586,1
5.076,1.8043465847335263,0.10246106793591825,0.6845690071639963,51.977394855601766,44.41035569066186,0
13.549,2.677522262733252,-0.09598758481271627,0.4955972446826458,65.61618376810715,94.57497022259301,0
18.038,2.9464369818291134,-0.005876249985993592,0.5905569860816294,68.94649691372658,59.42418273085972,0
10.501,2.4424339881104444,0.044333778679987126,0.8166944501149376,3.7348188749214417,70.66298698787095,1
226.0,5.424950017481403,0.18129377207023364,0.4312665456115249,73.08209649807299,54.46308711071358,0
17.059,2.8936441754702065,0.06766487468858728,0.3740708662973514,4.5446380341457875,6.904590631459973,1
26.903,3.3287342099284394,0.04371606903350177,0.4847020018109483,79.15790437258485,39.27307432714162,0
13.265,2.6578089846654636,-0.01357121873328761,0.34247201939574956,32.320293202075526,22.429348328504506,0
948.0,6.855408798609928,1.0198195137112966,0.2837134465832286,94.61154621336327,59.69106905466561,0
226.0,5.424950017481403,0.27860105576417693,0.4550459756100666,51.93858595039374,98.12575773912768,0
21.118,3.0963917566531682,0.029082767566581978,0.4650187252690409,61.09809888509917,5.456540828269896,0
34.042,3.5565473420648956,0.10397806380912225,0.12365642322573867,2.9973589872677953,63.777414184559156,1
18.038,2.9464369818291134,-0.054919970664481566,0.46451939249471974,29.166257870930323,85.0574528015116,0
16.067,2.83714677443662,0.0699932660341412,0.4675371932542443,89.85606046748393,63.17224183265841,0
21.118,3.0963917566531682,0.04689709637973785,0.548028178238281,95.14033422066571,81.43867792687614,0
226.0,5.424950017481403,0.14987603687610931,0.6832707027465053,73.99041207669303,83.90996987996115,0
95.308,4.567551389081583,0.15493909978916776,0.4984471565138395,35.462215764077655,56.218881106452514,0
52.0,3.970291913552122,0.05523394267954879,0.45243457511390517,60.1074166800233,20.909736458961426,0
5.076,1.8043465847335263,-0.01704927872439549,0.46052580919102604,55.53635509376312,57.68812013112085,0
5.076,1.8043465847335263,-0.020584547782957242,0.7546435669564011,73.3113022415281,83.15183331122236,0
10.198,2.4157351909267017,-0.0029940667655585333,0.632788448129894,17.53712786234496,96.80763814507335,1
11.723,2.5434113791605633,-0.04225407651021432,0.3806016634986869,54.87337893665861,86.2640471149179,0
479.0,6.173786103901937,0.5026772654197238,0.7384161925342547,20.04745155284028,89.11400917935094,1
18.254,2.9577188313557747,0.08316374259085703,0.5800542872009289,8.479201604580322,76.00055449620984,1
26.903,3.3287342099284394,0.07178741322764182,0.4926755246099445,7.276300636419353,11.755130015021997,1
26.903,3.3287342099284394,0.0429269720322019,0.2700974043614399,17.743954377972283,92.71106288584274,0
95.308,4.567551389081583,0.10108209495699302,0.28637485997186013,22.018320194981133,0.6379043406590679,1
9.838,2.3830584771439223,0.046489051052408296,0.39399963438902896,93.05952146439162,18.089190137889833,0
26.903,3.3287342099284394,0.08666731548156588,0.3902214037376171,77.71469159274368,22.236130474817028,0
9.838,2.3830584771439223,0.07143144907561673,0.5203143252079936,60.625293775097745,15.873676337430954,0
338.0,5.82600010738045,0.39153726910486286,0.5484870781300344,83.93384923560023,86.34315777893845,0
13.549,2.677522262733252,0.03625143622550461,0.7415439470724307,34.73433262588427,32.04012861402149,0
21.118,3.0963917566531682,-0.00735914445349637,0.20681104932750866,9.571455552016172,54.11138248788448,1
5.076,1.8043465847335263,0.11025986192544061,0.639202348872753,45.37895413836392,31.491844458889574,0
21.118,3.0963917566531682,0.016096076019530982,0.4044676416591564,78.05255152438619,4.836271104878087,0
19.755,3.032787181505002,0.031346691069202424,0.16371260982366304,1.4393488629755868,24.202207998087722,1
13.549,2.677522262733252,0.06072373450168979,0.34465939159319087,64.5810812655206,64.57250433510536,0
13.549,2.677522262733252,0.08761626167002784,0.6384466347710647,18.802473461541613,4.719670169737899,1
13.549,2.677522262733252,0.04882268169468867,0.6366416605759213,78.48969771114676,5.4732706924985886,0
13.813,2.695505173599915,0.03452120147689437,0.745844079139975,33.519724164590095,37.21732552468971,0
13.549,2.677522262733252,0.0597879230083163,0.3964585650144193,63.629135397924806,60.431298224031984,0
13.813,2.695505173599915,0.02548828672880272,0.44293161437504736,58.339179476612046,72.50060762991187,0
5.076,1.8043465847335263,0.06420803635732021,0.5944609271613107,20.584121003676824,70.06114963944516,1
21.118,3.0963917566531682,0.011545382251584923,0.3253004977231408,88.00790875614582,4.40658615703814,0
11.723,2.5434113791605633,-0.09622556707680004,0.44098431555881745,77.98755458576238,70.3699779629051,0
95.308,4.567551389081583,0.12197304718889729,0.44171476692631956,5.784267656339637,23.1380636376848,1
10.198,2.4157351909267017,-0.015141823889035119,0.20287452936160488,98.44021807035521,71.60499732421445,0
10.501,2.4424339881104444,-0.023909429080036536,0.32285412745034214,59.08332605690107,25.089304569110247,0
10.501,2.4424339881104444,0.05176437493823269,0.4628179821382005,42.81841483173143,37.39210470128136,0
226.0,5.424950017481403,0.18319345500101505,0.4625159396281931,6.364090928664234,52.75879732721657,1
13.549,2.677522262733252,-0.062969662282591,0.4710376888990081,38.3832951933044,3.5590230806476386,0
13.549,2.677522262733252,-0.018955421050024096,0.5946836535457675,28.218707469320016,24.116521430776196,0
26.903,3.3287342099284394,0.015211450813778064,0.70464893662563,31.93136375904149,78.92928483196856,0
26.903,3.3287342099284394,0.05933572743324671,0.3788524163379853,8.134878064189976,71.87396178535302,1
26.903,3.3287342099284394,0.032574045482746394,0.3903118146780565,61.82180633162611,67.36454174749078,0
13.813,2.695505173599915,0.0530928318718772,0.4890713466738417,11.323804584075525,12.600202786399429,0
17.059,2.8936441754702065,-0.04425136104217081,0.4423266318437723,96.9302535619099,20.62521138361526,0
5.076,1.8043465847335263,0.009699612217722593,0.39147700663703,52.640266093611324,46.5336933939486,0
226.0,5.424950017481403,0.1956593701537232,0.38548020450363324,20.488127415071254,38.161649910913496,1
95.308,4.567551389081583,0.1704042475867626,0.6584151877504983,98.40834691992951,53.15721526867312,0
95.308,4.567551389081583,0.13685585841387224,0.4867440068710406,87.74608626303804,14.64362566028161,0
948.0,6.855408798609928,0.978322308625835,0.797807059289044,52.439026932758004,90.84345518793752,0
34.042,3.5565473420648956,-0.038067412567446,0.7495979419712149,23.754413087432745,94.05039528794026,1
52.0,3.970291913552122,0.0992974071717182,0.4158366303528504,64.58223862864843,8.670656759564022,0
226.0,5.424950017481403,0.26810058282078775,0.49797451331105347,33.02150648714976,76.35158436682123,1
52.0,3.970291913552122,0.09800693978287703,0.46233232480363384,23.74334683748063,52.86566039892756,0
6.774,2.0507848324300313,-0.10134583084413548,0.48991545392058033,90.7566473926093,7.115828517343282,0
13.549,2.677522262733252,0.07958074401866048,0.6099768976133837,6.485359448296835,82.02533189448897,1
13.549,2.677522262733252,-0.0022904811293134285,0.6161034161106579,93.73880664971189,70.50409063535928,0
17.059,2.8936441754702065,0.04313028239325267,0.5315012462033883,58.991768685463306,47.39212201161027,0
13.813,2.695505173599915,-0.014149712373242088,0.5701535155788329,38.38912213732114,14.727556355209092,0
52.0,3.970291913552122,-0.04228386948306587,0.41045419581483267,1.1706610730904066,93.2566708705961,1
21.118,3.0963917566531682,0.12182141870798958,0.3057112068999319,42.819961492561475,44.183370480195464,0
226.0,5.424950017481403,0.3157076795489945,0.6337550871604363,44.032341836834895,8.058081228651359,1
11.723,2.5434113791605633,-0.0103288162183618,0.7048289693789398,97.30105547524455,83.28303767882711,0
11.723,2.5434113791605633,0.07542896578799814,0.3841711418293431,50.26370931051921,54.88586650773559,0
21.118,3.0963917566531682,-0.06536595696990548,0.595728049827286,31.130769915600364,78.34695600492677,0
17.059,2.8936441754702065,0.029619168333410245,0.4904915221947784,52.30978441701488,39.1859373188026,0
13.265,2.6578089846654636,0.03294814132388035,0.6874565630276478,16.122128725400444,33.21910331156046,1
6.774,2.0507848324300313,-0.030929723448297405,0.49819346705601025,77.51328233611146,48.0890146603009,0
21.118,3.0963917566531682,0.0028546493417717506,0.6307333949432212,71.81230762264944,54.027889318742105,0
17.059,2.8936441754702065,0.01539961753583303,0.5779806527152868,35.058755880659696,15.647671600360058,0
52.0,3.970291913552122,-0.05608503341999334,0.5108432520687304,44.64195164015822,75.64510879889119,0
95.308,4.567551389081583,0.17744612522913972,0.7439646101913289,87.15368061523763,27.149200254271133,0
13.813,2.695505173599915,0.005348030606777727,0.8628166668970195,3.353243473577938,34.26451465225215,1
26.903,3.3287342099284394,0.15579927363398938,0.660939442176102,46.86606419941263,21.955392322980195,0
13.549,2.677522262733252,-0.02642339963949876,0.48572778153840196,77.67105569551812,87.59049249998945,0
479.0,6.173786103901937,0.5123122030401958,0.28899208511606633,62.34059581594401,42.07365625686168,0
13.549,2.677522262733252,0.08112558750287704,0.4743230945305401,6.265320345535452,10.680070400236364,1
95.308,4.567551389081583,0.03831759956068396,0.4161800641906489,59.507793070025485,19.060983307444978,0
34.042,3.5565473420648956,0.10549424069902166,0.845891987895161,69.54672066898621,64.8233468807846,0
17.059,2.8936441754702065,-0.004451377864327737,0.45504559150035284,99.66368370739053,65.6729484721608,0
21.118,3.0963917566531682,0.04879761349794183,0.21793466839053782,35.34213793027181,21.633277763082702,0
5.076,1.8043465847335263,0.040228136715063215,0.3886507980685142,35.92333693997657,85.11507354259817,0
16.067,2.83714677443662,0.00946237832605324,0.47895866216743577,37.17392949063303,56.826861626876834,0
479.0,6.173786103901937,0.6014098208946748,0.5561093132196565,47.554603748682666,86.43662664559733,1
26.903,3.3287342099284394,0.06824851567871508,0.3653510922087419,10.112267612279025,17.925325573928074,0
81.0,4.406719247264253,0.13336826156555576,0.5154617332296272,6.600984414024158,43.95629417728987,1
11.723,2.5434113791605633,-0.004905232111267482,0.5471194244675999,65.19612595026005,80.00034817636814,0
16.067,2.83714677443662,-0.07977393416444356,0.645573268942007,47.38098283979466,13.328425808217315,0
13.813,2.695505173599915,0.10462682635426224,0.7028059048961489,54.27244433475962,30.646346804282032,0
5.076,1.8043465847335263,-0.023355340656260215,0.571943797932736,25.76828885112137,71.4718833502036,0
26.903,3.3287342099284394,0.09436948868729499,0.40087486462847816,9.120610304869036,50.313247255154,1
18.038,2.9464369818291134,0.09741649766182468,0.6245747200978928,12.518579220255043,8.122963480667266,1
19.755,3.032787181505002,-0.00338927562492055,0.6843284825300839,96.26484146779251,39.903531764243475,0
226.0,5.424950017481403,0.17763739107856374,0.671534906739292,90.61432547657664,34.29296627591959,0
16.067,2.83714677443662,-0.00696153942665426,0.5554888419506585,24.66036349780246,32.28097934478503,1
95.308,4.567551389081583,0.09016572526333286,0.5948324471047776,70.55751725156884,73.88666771330327,0
17.059,2.8936441754702065,0.05465315463735862,0.5170956002191659,27.687764814720374,82.5415664123948,0
52.0,3.970291913552122,0.017323721200096537,0.3754894257306145,31.69465877911193,96.98188646337847,0
226.0,5.424950017481403,0.30970302211569506,0.2748796977106738,67.0732311905834,89.79552161850192,0
11.723,2.5434113791605633,0.08445025345131683,0.5117011127718286,64.96328990472146,30.978785920909925,0
13.813,2.695505173599915,-0.007760704370779418,0.4054312318721784,40.08514167636399,57.428757509021096,0
479.0,6.173786103901937,0.532598714429131,0.5285334832767341,88.84036723086813,86.95336718149798,0
21.118,3.0963917566531682,0.10582027655901817,0.7070208408302772,19.57779856835461,90.80185454216624,1
13.549,2.677522262733252,0.052025072132177254,0.5408950271479122,65.69551562671396,33.733060884576545,0
13.549,2.677522262733252,0.0050222513540180945,0.4133698603971181,88.61957804650746,87.99146267270145,0
10.198,2.4157351909267017,-0.01732085135003443,0.5628056867438552,59.74131021703083,16.279098920622936,0
10.198,2.4157351909267017,-0.070854695779245,0.4816346015378904,24.534910968132095,81.74078473061094,0
338.0,5.82600010738045,0.3092066050731097,0.43535056996702803,39.51309076115032,28.972798373821462,0
16.067,2.83714677443662,-0.10144342956012861,0.4496726251950401,0.1353625715468154,27.46658697879054,1
17.059,2.8936441754702065,0.0794752823839995,0.39289023230267317,67.17006844058567,76.65150495325847,0
226.0,5.424950017481403,0.24608321877448516,0.5252345811775542,30.531067669673128,74.93694366449569,1
16.067,2.83714677443662,0.004594231902813273,0.6301708189313668,16.574977982015593,11.250313052663174,1
18.038,2.9464369818291134,0.06224859811000895,0.4780278993907758,47.32099066915572,88.60861088135164,0
17.059,2.8936441754702065,-0.0244275159394601,0.4658343531314548,46.077876803272574,3.3676403874464023,0
52.0,3.970291913552122,0.07547533342652923,0.7112929240168879,84.56043629899068,30.96917111051891,0
13.549,2.677522262733252,-0.023520401509516994,0.38978851797909364,94.30758377447076,69.0322846900729,0
338.0,5.82600010738045,0.3547951675414566,0.6537161168422592,67.78132003100443,13.3778144993968,0
18.038,2.9464369818291134,-0.01801712913114955,0.49386236972073966,86.4358249839637,25.982813794029948,0
13.813,2.695505173599915,0.017066706349221854,0.449318333678929,30.13778741641421,22.936577703767234,0
13.549,2.677522262733252,-0.011565210333612398,0.4485212646969932,56.06600944161709,45.80286165838686,0
95.308,4.567551389081583,0.029877084684841335,0.3823754212460251,18.513292883861965,89.83864665840349,1
13.813,2.695505173599915,0.014011964539189223,0.4715459759821389,31.172206779554823,21.050693966534297,0
948.0,6.855408798609928,0.9720175755554006,0.43776255828195093,47.206694510999924,92.07396503426354,0
338.0,5.82600010738045,0.3994288713684063,0.5569549516125669,51.90322801295487,0.9827552569787845,0
19.755,3.032787181505002,0.00902082263871414,0.5924995964706677,94.02302414249576,73.79173933540254,0
95.308,4.567551389081583,0.07110916879370675,0.38570881427973747,68.84023964277361,29.994206977702266,0
10.501,2.4424339881104444,-0.021018009078173493,0.7254101489458382,86.70723185801037,48.303969755889,0
18.038,2.9464369818291134,-0.06814000033887488,0.5920190248507755,48.152235151255006,67.12708252291326,0
6.774,2.0507848324300313,-0.03312054754499419,0.3944125511876683,31.435598107632668,85.50302016199352,0
95.308,4.567551389081583,0.09703635715317133,0.4243365975054246,59.68428489168892,42.99576197798217,0
10.501,2.4424339881104444,0.042235688842341405,0.5691908126476747,9.717649377076853,6.750254668382194,1
6.774,2.0507848324300313,0.02690908931155154,0.37485929853980515,52.27328293819941,47.63357333010988,0
10.501,2.4424339881104444,0.09188033406444146,0.23087847332020994,38.50977286019253,19.899213895943678,0
18.038,2.9464369818291134,-0.024784744139297134,0.6111525427004674,26.899340443509768,57.78070502510847,0
226.0,5.424950017481403,0.2483133892275464,0.6540726553839726,30.47510953861333,6.844070924262613,1
16.067,2.83714677443662,-0.002589983805488253,0.619379571851184,36.568074826137135,64.39079570677647,0
13.549,2.677522262733252,0.045228781154505654,0.6138472543190169,60.34876665964548,25.66472071860958,0
226.0,5.424950017481403,0.23618731045547003,0.2619217895482319,29.99191115069847,18.181765283733874,1
11.69,2.540814281726296,-0.0009436473080201221,0.33972188688763416,96.51186964360456,10.80445593764071,0
18.038,2.9464369818291134,-0.005924318603964196,0.370335994199642,51.771164338471145,86.55623831722035,0
226.0,5.424950017481403,0.27330242608941047,0.38503003534703184,77.56118509253275,81.43839206690815,0
479.0,6.173786103901937,0.4704148958512684,0.45473022599056206,68.77220424305607,60.5896815179483,0
338.0,5.82600010738045,0.4045541070118151,0.40202939151050887,82.21798868164232,73.95811772217426,0
226.0,5.424950017481403,0.22927082203889385,0.51451323776582,82.82492524372184,74.39051873021519,0
18.254,2.9577188313557747,0.021426424166909718,0.4238424846275429,41.615399817976154,59.69452234131726,0
26.903,3.3287342099284394,-0.10289206462060232,0.5592436955484961,1.1353644767419069,23.420337092633414,1
8.209,2.22018126673923,0.052187490290537125,0.4373325481229572,74.60448792654233,42.89443334301443,0
16.067,2.83714677443662,0.04817563284123745,0.5954829810309896,95.77898009882038,86.7702097919239,0
26.903,3.3287342099284394,0.09971405641256409,0.6226972316680792,63.183721216979926,32.67425420300408,0
18.038,2.9464369818291134,-0.02799101527204495,0.6747486323845885,98.39776479598282,40.84555814084826,0
95.308,4.567551389081583,0.12136792424452025,0.6864293844287472,42.6181302235973,87.06884554574394,1
16.067,2.83714677443662,-0.0032228402933008084,0.3105555594699016,95.79341210567705,62.60547089808013,0
34.042,3.5565473420648956,0.0694861140268884,0.2900986751226844,38.85581012703457,6.144629013078751,0
21.118,3.0963917566531682,0.07988530295022898,0.29340567660918504,22.6656402226988,7.1155678877909745,0
52.0,3.970291913552122,-0.015189554688689114,0.2886558879811941,34.52231428016921,57.680791963825584,0
17.059,2.8936441754702065,0.0108128181938557,0.39098387932492357,94.47657298824281,21.766739958053606,0
338.0,5.82600010738045,0.30954582140254444,0.5171463129588871,64.4149221475916,97.4904272810235,0
17.059,2.8936441754702065,-0.028997398137233805,0.37851648513658875,39.65427823212701,42.48508428680869,0
13.549,2.677522262733252,-0.035894811349896145,0.7020411866583494,98.46697395245081,13.168690343620703,0
17.059,2.8936441754702065,-0.01049672476254019,0.19776481512400879,97.43948076661665,48.50946599795402,0
17.059,2.8936441754702065,0.04631435027127431,0.4564337776983276,4.086861626647886,8.838494698451871,1
479.0,6.173786103901937,0.43092870630886787,0.6911408388101555,76.17981913776973,12.907124693088146,0
10.198,2.4157351909267017,0.020665724330950205,0.21876619039287004,13.935607407282413,96.3360320446038,0
95.308,4.567551389081583,0.12184702877118167,0.6254726206947412,51.26885110165086,15.68127053168057,0
5.076,1.8043465847335263,-0.012701672964525217,0.7796072795617637,5.708685608931486,49.995899196478845,1
16.067,2.83714677443662,0.08263420218476551,0.6373735672396407,84.70608269838995,88.90006108146659,0
18.254,2.9577188313557747,0.04115561916872057,0.5499140717955515,31.540689574801274,45.851856218701535,0
338.0,5.82600010738045,0.43644537518989973,0.5376426531068065,89.02150026361744,41.1144336479987,0
226.0,5.424950017481403,0.2822597408575688,0.3991409623510247,61.529802506980204,14.716325109494532,0
95.308,4.567551389081583,0.06485681653396018,0.33984161344421826,23.06698117177587,82.73021497372459,1
52.0,3.970291913552122,0.06903225021722362,0.4351010729905112,41.102107526554576,42.17126175259164,0
13.549,2.677522262733252,-0.032684943209021315,0.528294662235197,19.747048985993732,33.16168491078339,0
13.549,2.677522262733252,0.008549162451453048,0.45147275798233144,5.85509292439792,92.06914007786196,1
226.0,5.424950017481403,0.2722325866683651,0.6212539324498563,82.9394664858847,89.73973183215863,0
338.0,5.82600010738045,0.39619948093892265,0.5887502074539697,1.4693388654953843,24.165892081918518,1
18.038,2.9464369818291134,0.053703537845021285,0.3723229276328772,77.98509888933498,68.90876537482296,0
226.0,5.424950017481403,0.29950910733167113,0.45394274886123476,85.7179256998753,88.36839676879897,0
52.0,3.970291913552122,0.027540159048165685,0.404468528869035,77.38796557301563,92.26037570939579,0
13.813,2.695505173599915,-0.011904729099637815,0.4738028081477558,78.85972112245308,67.39942081457303,0
26.903,3.3287342099284394,-0.024182377893286793,0.4436888830274057,70.096913145912,22.959816075396866,0
479.0,6.173786103901937,0.5058587954748872,0.39619022020029626,99.38483888996981,36.82501073951331,0
11.723,2.5434113791605633,-0.014612247561941181,0.6578316733935587,2.431596643145384,73.26990505902803,1
338.0,5.82600010738045,0.4042816420249723,-0.08836003774275136,49.669542281794655,57.64889031398659,0
6.774,2.0507848324300313,0.02778798564903951,0.7950375443762381,7.697990982879299,81.08785810079185,1
18.254,2.9577188313557747,0.036109087930208256,0.4180388570804491,3.8426348962324997,99.69494174116697,1
13.265,2.6578089846654636,0.03198608064091321,0.49451299401847315,53.57746840747585,29.65599122059307,0
18.254,2.9577188313557747,-0.0356221982875524,0.4539130661507403,18.519556786746794,39.355533610631554,0
10.501,2.4424339881104444,-0.0585714416800042,0.5809646769242514,85.11366715168569,41.833386410228016,0
5.076,1.8043465847335263,-0.026058398760355653,0.6932650433755083,74.2706521199981,90.02641112020704,0
5.076,1.8043465847335263,0.020288677214191364,0.5625642986634869,81.72977699624937,47.85283699195225,0
52.0,3.970291913552122,0.04404677864399764,0.37996658969001446,65.22242595454725,18.577695469870783,0
17.059,2.8936441754702065,0.05461721805315259,0.8910288744724655,3.9312139841098936,66.6847391305658,1
226.0,5.424950017481403,0.2959871052794575,0.7116038480631341,34.79414115821666,90.95484730121383,1
52.0,3.970291913552122,0.10361608940784861,0.5155072994318143,43.05293384622075,56.541593975253804,0
479.0,6.173786103901937,0.5176104888298243,0.27660736033396727,21.070496386720315,53.554247309779825,1
11.69,2.540814281726296,0.021125752309874596,0.4345605451729957,14.834320096208886,12.55497898984771,0
95.308,4.567551389081583,0.048614463869456906,0.3519430731595527,42.13570022770702,40.774810500273226,0
13.549,2.677522262733252,-0.01596820437132971,0.632158833808615,28.590678923916013,51.05704087285036,0
226.0,5.424950017481403,0.2380597085441548,0.5254961809623904,54.069847664491036,39.363552027744205,0
26.903,3.3287342099284394,0.1455314908387345,0.7778060067220505,64.92103021160635,41.57751035233219,0
95.308,4.567551389081583,0.13501085499421484,0.4435366168117707,25.98035810641598,97.46905960485515,1
13.265,2.6578089846654636,0.055945327155204984,0.9414572502902931,76.16196153287176,78.06317174255571,0
479.0,6.173786103901937,0.592288130605314,0.5922441848070162,80.4437207679505,89.33044937881228,0
34.042,3.5565473420648956,0.05378866917866845,0.7376741562735588,69.26259522261645,73.02217177572491,0
11.723,2.5434113791605633,0.03167213585362539,0.5146151165445955,64.54722959071678,40.45273855738697,0
226.0,5.424950017481403,0.20497360836663361,0.6994691547807614,87.05784250460069,62.76688771588087,0
21.118,3.0963917566531682,-0.020812581197711042,0.32620951045107727,6.0142342600785215,12.328377929894685,1
338.0,5.82600010738045,0.34071638283174843,0.3390214588899426,53.093767841209385,35.967556122306775,0
6.774,2.0507848324300313,0.049973164054277416,0.46612898763859373,3.142918568673425,18.613589775334795,1
19.755,3.032787181505002,0.018879504354843184,0.5375942348154953,69.59742060936979,18.854060574925114,0
226.0,5.424950017481403,0.23912539705648944,0.5559263372983737,71.93536223691585,19.54580003683999,0
338.0,5.82600010738045,0.29831731370017023,0.6464759883594746,71.30460506343186,5.165735711464103,0
226.0,5.424950017481403,0.21910724603451778,0.31810143010650294,20.13637821359744,39.221779343354015,1
226.0,5.424950017481403,0.1941448171430698,0.7003355683305135,11.098946921348107,70.72789119056672,1
10.501,2.4424339881104444,0.11881176579750274,0.4323508974456036,99.00538501042632,17.936468201221047,0
18.254,2.9577188313557747,0.004293979742428096,0.4923146246701713,34.97032297458495,76.5858643884742,0
17.804,2.934069613161884,-0.1030048157461518,0.5203783852349436,31.61561049767505,61.71059444286563,0
18.254,2.9577188313557747,0.0013227652985129054,0.5938376890512501,77.46535311811819,69.16556518665415,0
95.308,4.567551389081583,0.0815009390774877,0.7445194947311615,79.48095487499293,75.24683375864943,0
11.723,2.5434113791605633,-0.01686976143129957,0.4245696869493566,13.752094414599325,27.4071589342191,0
81.0,4.406719247264253,0.02029753984165507,0.5892281560095867,48.76278096672109,5.4966306839822066,1
226.0,5.424950017481403,0.22300115403765836,0.5031833976251388,63.41421382957368,94.09923225744372,0
34.042,3.5565473420648956,-0.08431198643015823,0.5189468771880499,39.61726916092554,44.203342093112354,0
13.549,2.677522262733252,0.0838790714044336,0.5672117511519338,67.64679372263622,75.21143326969748,0
17.059,2.8936441754702065,-0.012424543184800848,0.5724185186090477,62.93986381352625,89.56747776187787,0
13.813,2.695505173599915,0.0559582621356033,0.5425766850954106,8.69202880874237,58.69365065589071,1
338.0,5.82600010738045,0.31703481543423717,0.33659860434318406,36.005046590097834,44.47127768583358,0
18.254,2.9577188313557747,-0.05739092964759489,0.47819758665291723,39.44762785700353,66.88765310406853,0
10.198,2.4157351909267017,0.049286159471474425,0.4651589745800791,1.0995828658480478,37.25089315534659,1
948.0,6.855408798609928,0.9756083186226598,0.7252929447782893,56.48411332626164,4.005911905069448,0
338.0,5.82600010738045,0.332320560529452,0.45327992076511975,67.75422674589532,40.91825874584886,0
34.042,3.5565473420648956,0.004299592250709118,0.5763942985463012,4.821203886055603,41.22797278316656,1
34.042,3.5565473420648956,0.11948473882974467,0.4512713110252181,37.325179162934006,64.8765386159386,0
13.813,2.695505173599915,-0.02006221732075188,0.4314172191021206,23.22126951468173,10.09781068177611,0
226.0,5.424950017481403,0.2224108747882034,0.37902202513151584,45.12393441809881,14.602101929696254,0
13.549,2.677522262733252,-0.032179683200408885,0.7314210160654523,76.09907600280938,24.879178873917706,0
13.813,2.695505173599915,0.06624937413714826,0.6756652957504339,90.6472110964547,75.92925069184736,0
10.501,2.4424339881104444,0.017496204448593955,0.4357522613303366,96.66548190436696,94.44485826943034,0
5.076,1.8043465847335263,-0.01634488495085619,0.6596256053511566,18.211791568869927,66.38244748527251,1
13.549,2.677522262733252,0.0339707947333162,0.46960913406228894,74.8073179429532,48.6173654104883,0
19.755,3.032787181505002,0.045606900155698876,0.6478099567175074,4.530400977204452,67.28716685980798,1
13.813,2.695505173599915,0.06657686602317978,0.610290396496248,15.33514031160802,86.22029736581888,1
95.308,4.567551389081583,0.14254479258884056,0.4966954891224589,79.94158789689793,11.658307455569672,0
226.0,5.424950017481403,0.2914142298405882,0.605304548550099,14.071152804875842,69.00468884094497,1
95.308,4.567551389081583,0.10597424537956632,0.5009572311444972,40.193091360924214,93.2554878419312,0
16.067,2.83714677443662,0.07531754938492426,0.5185631963786416,63.09217902291634,64.95560067569618,0
5.076,1.8043465847335263,-0.06244972904489493,0.5720095426856155,59.23503285933622,66.50559890066312,0
13.549,2.677522262733252,0.004884163774643055,0.5987947929185764,42.96568127389351,0.9910695491153643,0
26.903,3.3287342099284394,-0.004335168833767684,0.30305472050790905,94.72485773838586,16.57481769652207,0
5.076,1.8043465847335263,0.003086073099886443,0.4331363810304727,90.07018640112585,1.62434432094537,0
13.813,2.695505173599915,0.02994694001663208,0.49162217260207836,1.3094456588333636,17.512314013035322,1
13.813,2.695505173599915,-0.03911108022020694,0.6916784982545771,45.24395161326934,57.126046993709735,0
21.118,3.0963917566531682,0.10341573231354706,0.6457118536508539,40.431876810429216,8.010572660960225,0
5.076,1.8043465847335263,-0.013844948868435875,0.34170137621113106,43.86154191895905,21.7891379626744,0
16.067,2.83714677443662,0.08458391111685568,0.47194137252895063,78.1321855747305,52.87073198840526,0
13.549,2.677522262733252,-0.08482109046185664,0.6575479328414533,57.18722712271865,99.43303026857149,0
52.0,3.970291913552122,0.0626992643412857,0.306574989541403,4.373907230894735,40.64165365740187,1
10.501,2.4424339881104444,-0.035985803104973325,0.3841186832236646,51.832965236373674,11.33035047274642,0
13.549,2.677522262733252,0.02969173700702008,0.5604949406250236,72.59799099852955,87.30431470152034,0
21.118,3.0963917566531682,0.052381911186061406,0.5310709155167853,27.48060355481361,82.04875844802748,0
19.755,3.032787181505002,-0.033489665854750154,0.6523905835345334,16.29344270814297,93.27105081327613,1
11.723,2.5434113791605633,0.09410632288759832,0.5593060521778499,0.5061583846218687,50.479559830452814,1
52.0,3.970291913552122,0.020037052644101584,0.3972781835391656,0.7664032649225327,97.24613900279022,1
10.198,2.4157351909267017,0.019124553762125386,0.5877531998431698,16.628336875607943,75.11771369540428,1
21.118,3.0963917566531682,0.07684316474087664,0.5635261811033057,39.88227808969005,55.236613781723435,0
21.118,3.0963917566531682,0.05587236466771349,0.5995396802841144,71.61506742231936,94.08801695592042,0
6.774,2.0507848324300313,-0.017740584873311066,0.34413332474483915,19.59828624191452,99.32550154229641,0
21.118,3.0963917566531682,-0.10386099808725317,0.33138172117088405,53.360254672687844,87.19130612805056,0
13.549,2.677522262733252,-0.07591039037954579,0.22875570072507284,2.18233967754895,78.31614309236971,1
226.0,5.424950017481403,0.3119010344431008,0.47573490782514966,17.48814371759594,5.126345917599817,1
11.723,2.5434113791605633,0.05094281202300541,0.48352038153470966,63.11386259972629,67.40199190587927,0
34.042,3.5565473420648956,0.09942470992521996,0.47933884094181095,81.78342161750216,40.070416683446666,0
13.813,2.695505173599915,0.005221373275265581,0.5286686350754588,12.758030279556376,70.73970000329277,0
16.067,2.83714677443662,0.07119156629161688,0.4078942757675883,54.65771420322949,61.03760597816921,0
18.254,2.9577188313557747,-0.1163956439966336,0.6992969617316965,95.65013982994802,64.56025770584117,0
13.549,2.677522262733252,0.012020989308876448,0.48752423420980706,51.72690564416094,21.963492859456903,0
21.118,3.0963917566531682,-0.032699339790599274,0.484428127339555,25.677656772050796,82.84386709389908,0
13.549,2.677522262733252,0.02011864253368822,0.44337032771602625,90.62545805210367,18.712427041050173,0
6.774,2.0507848324300313,0.06527996891889892,0.3719265368743434,98.68869366005173,56.40740288335178,0
21.118,3.0963917566531682,0.08448115580490714,0.5219713417479978,96.29268752375798,48.1277951219237,0
34.042,3.5565473420648956,-0.013846309656675389,0.449070476500102,57.060974663882966,35.86215819535914,0
95.308,4.567551389081583,0.07377540613735377,0.27391612694240924,10.698063882695841,92.64637979561849,1
16.067,2.83714677443662,0.03461898465310478,0.5383965719628157,29.98005275652359,47.44349141471741,0
13.813,2.695505173599915,0.01838577491352081,0.4324697162501235,18.45210193563773,57.67023988577563,0
10.198,2.4157351909267017,0.07688327181633266,0.38076595294974647,20.78862551460273,39.20935769045727,0
338.0,5.82600010738045,0.37613785219175305,0.623385938180072,70.38570916343312,68.77692063657348,0
13.813,2.695505173599915,0.09574957103149545,0.36554486782622286,11.976213181925122,3.893801668766561,0
226.0,5.424950017481403,0.22117985687070008,0.6406051121380519,55.975568363838256,55.399325550313094,0
13.813,2.695505173599915,-0.03824621860739555,0.564653443701634,58.05883502780434,84.51208514960348,0
13.813,2.695505173599915,0.0035718487733898234,0.8003641201467195,39.785559904574164,50.03594462155606,0
95.308,4.567551389081583,0.11145910312501346,0.5185143772555473,45.13870243296755,8.352491468001876,0
18.254,2.9577188313557747,-0.026665968888059943,0.35172064882011495,48.82411370217782,21.399467869831355,0
10.501,2.4424339881104444,-0.04169005184567685,0.3404968250254522,79.57926694361011,7.558361385406698,0
52.0,3.970291913552122,0.12790725074968165,0.6792766117267125,99.28168389990704,11.797248362806156,0
18.038,2.9464369818291134,0.0029881232136186597,0.4943469318886643,39.75943979627943,26.817436774491334,0
52.0,3.970291913552122,0.004728787838046852,0.8257704001094903,63.60960464095422,85.20484158046929,0
34.042,3.5565473420648956,-0.07743116108259586,0.39699014066489724,60.34485933813779,47.74161894803537,0
13.549,2.677522262733252,0.0742421124711583,0.6201772645982274,4.195122343163627,89.69952893644111,1
17.059,2.8936441754702065,-0.08699204925888594,0.6749792504331504,66.75577385210272,77.80252431446532,0
479.0,6.173786103901937,0.4960995497682513,0.5651395474883107,96.1135485407593,75.61922341067805,0
338.0,5.82600010738045,0.33546963644790095,0.5442793052238254,50.04011457102012,98.33407684142266,0
81.0,4.406719247264253,0.13951026379425907,0.38740597670348664,11.099809879131485,25.8792408364524,1
26.903,3.3287342099284394,-0.06721705638502194,0.4412645033965941,8.483771408519193,73.24010490583791,1
17.059,2.8936441754702065,-0.033394413614235216,0.37917099762342193,94.9799913291924,80.35376594626034,0
6.774,2.0507848324300313,0.023297314165059924,0.2793310391939723,77.12703466859458,50.595790773493164,0
9.838,2.3830584771439223,-0.06097462704770779,0.6028429061327725,53.99571302805596,17.708225539728982,0
13.813,2.695505173599915,-0.026085858125890416,0.4258714965399631,49.84421989290573,86.4433246868364,0
17.059,2.8936441754702065,0.07110862850144166,0.7183400718885947,96.99143978146031,99.71823539029504,0
18.038,2.9464369818291134,-0.009202432807565952,0.33428379895377247,39.69232762015961,84.68872244289528,0
13.813,2.695505173599915,0.01534021118882575,0.5136972092917025,90.84505613336283,45.8431424131438,0
5.076,1.8043465847335263,-0.05630627705263949,0.3677058853599239,42.17209268734554,72.87780544506475,0
13.813,2.695505173599915,-0.050524077749228735,0.8149111280753765,25.179905890695274,82.23812111853543,0
18.254,2.9577188313557747,-0.02380285589120268,0.5508137243420549,45.98004237693202,56.73909441560734,0
11.69,2.540814281726296,0.014004182460542651,0.551812127246578,0.49399809344096157,47.84910701071892,1
13.813,2.695505173599915,0.12840964629360305,0.5287834317532472,71.33495858845524,4.035082685969971,0
21.118,3.0963917566531682,0.07632860210213142,0.5311233196778272,34.12478276261564,20.883093549458998,0
18.254,2.9577188313557747,0.062811203498285,0.7122806790052735,47.601812936876655,1.3862135912860118,0
17.059,2.8936441754702065,-0.049027839594131414,0.4499808960227342,45.454106476777326,50.780506395877914,0
338.0,5.82600010738045,0.32257834409874,0.529732599158123,71.39526325065899,77.21520276158381,0
52.0,3.970291913552122,0.1373231687095876,0.6119035929474225,67.29666223944324,76.04000672874827,0
948.0,6.855408798609928,1.0338922434742712,0.4364463924633986,22.197216193294945,61.51291405411998,1
26.903,3.3287342099284394,0.057741582604990016,-0.05325479371426656,70.62422271564962,0.1992135219070268,0
5.076,1.8043465847335263,0.012141759402186111,0.37427352765027033,97.4793162146783,8.987685173616066,0
18.254,2.9577188313557747,0.07237766884554914,0.760697747768528,6.134962711066816,26.116243251086026,1
13.265,2.6578089846654636,-0.03953170670109172,0.6816011828813295,32.07800649717358,10.251596406647446,0
6.774,2.0507848324300313,0.021966886968664886,0.5367671426558926,32.53303307632643,76.1007923495392,0
17.059,2.8936441754702065,-0.045735841991774426,0.5290109550784575,79.94103989090426,32.30273457540939,0
17.059,2.8936441754702065,0.040345460815514114,0.6491837353612433,81.29010091300776,46.423851973922496,0
34.042,3.5565473420648956,0.09727295410527503,0.7425567386782523,40.690796072287064,25.087909989070024,0
6.774,2.0507848324300313,0.041149550463031086,0.4693805346690926,18.485445552552704,42.87020209864336,0
18.254,2.9577188313557747,-0.06722416028128271,0.4790686935608145,6.665204056068996,22.065105962174847,1
13.813,2.695505173599915,0.030834212230291334,0.5470584774345361,79.4025189270296,23.25059922078312,0
18.038,2.9464369818291134,0.1048027577420931,0.4746088342501063,89.40992036791344,5.66804321658354,0
6.774,2.0507848324300313,0.03473233863325734,0.15880684531907008,54.67102793432797,9.539927731321063,0
5.076,1.8043465847335263,0.04024748970460815,0.4859144646930429,32.51900642246949,60.71352808835769,0
95.308,4.567551389081583,0.08907462584909911,0.3464366078438224,59.293993484170315,42.84579038487954,0
52.0,3.970291913552122,0.07146301311098911,0.6984054829983469,63.6401370183407,9.949466887296465,0
95.308,4.567551389081583,0.0817615049879912,0.341583264621937,21.825388786506416,55.066337944085156,1
13.813,2.695505173599915,-0.03704299280142115,0.41670708460984457,51.167744211566614,13.008066982894695,0
18.254,2.9577188313557747,-0.03812299135669727,0.47707175122786616,73.3614380561402,86.16648846991009,0
5.076,1.8043465847335263,0.027873574387005003,0.6111979725361871,87.17835665922017,42.63983568016225,0
479.0,6.173786103901937,0.4386244617747921,0.5472457807332998,86.99691596476849,86.29596233130185,0
6.774,2.0507848324300313,-0.10377934796040444,0.7663236273860072,78.51759613930136,52.14596387214719,0
81.0,4.406719247264253,0.09772703054322757,0.6016954956344792,75.34279222569691,95.887187319041,0
13.549,2.677522262733252,0.01788973623697482,0.7096766460547248,8.060151375712465,53.83949792869577,1
13.549,2.677522262733252,0.07791287052364228,0.5856418541905809,73.56631142391899,72.40291887729212,0
5.076,1.8043465847335263,0.020749283308970315,0.50113402705912,16.352387258502276,56.574495061328925,0
13.549,2.677522262733252,0.013892684039010556,0.44883606017875877,48.09728898861238,78.50639210464311,0
19.755,3.032787181505002,0.03556522188976141,0.42065023786953093,64.32882184423532,37.11129384301278,0
52.0,3.970291913552122,0.005879123056820305,0.517226763541663,9.38572848233562,12.130299800553413,1
5.076,1.8043465847335263,-0.0018951398992910762,0.5890309148439786,19.954245092914512,34.09585714355583,1
52.0,3.970291913552122,0.14399065030803365,0.43944448490031396,38.38388830449795,28.520580268041407,0
226.0,5.424950017481403,0.25801526740056974,0.45354337822901414,45.035097890541266,56.89554832818507,0
21.118,3.0963917566531682,-0.017602780524104678,0.4317242324069354,12.839428945412523,38.67070570439779,0
338.0,5.82600010738045,0.32356995443507475,0.5796202375509094,40.42897472548691,84.48640854105085,1
479.0,6.173786103901937,0.4672053531586769,0.5191890803561869,34.03871042545057,44.45735010694285,1
18.254,2.9577188313557747,-0.05351774606063929,0.5847164396471226,88.66042152404667,55.05316805962256,0
95.308,4.567551389081583,0.14862527294193856,0.433003542977809,23.000883728770305,45.79289944340279,1
10.501,2.4424339881104444,-0.02289620073130213,0.5600000008420349,94.04585843529144,78.37598424841073,0
95.308,4.567551389081583,0.06956931390574735,0.5934416045619962,72.47667715287615,35.92087469826903,0
17.059,2.8936441754702065,0.08689924533514057,0.5188322879976722,49.26180939928696,27.194603941844875,0
95.308,4.567551389081583,0.001631761243564428,0.5965503129533736,97.10582451653677,81.87402294840508,0
16.067,2.83714677443662,0.046412414676405306,0.4218660644144355,25.990497924283286,13.341633552320708,0
95.308,4.567551389081583,0.09525058356785639,0.5152682500560991,44.590270637674834,9.536092127300355,0
21.118,3.0963917566531682,0.06542930991322042,0.5985393599513132,19.18673247187429,50.5696743781374,1
19.755,3.032787181505002,0.10103360451975016,0.5676839024204148,50.31362585800877,83.84918338430248,0
81.0,4.406719247264253,0.06390396729260135,0.4080182161286005,7.764933467160507,57.85418182035315,1
13.549,2.677522262733252,0.08671813924196481,0.5860171240033099,55.50849493022862,11.259046652919446,0
226.0,5.424950017481403,0.19281298896989338,0.7243357604723639,63.45824175503038,60.0945484537719,0
226.0,5.424950017481403,0.20859449344093642,0.43601431207541397,66.78046832264066,63.5323346708321,0
338.0,5.82600010738045,0.31346773813864104,0.4922736209369108,90.9943143854392,95.81381198044961,0
13.549,2.677522262733252,0.006385258333066033,0.5443498327223,13.172877345456191,25.2314736135153,0
18.254,2.9577188313557747,-0.014454521089085515,0.721922264279131,7.12567277652586,20.969027743020085,1
479.0,6.173786103901937,0.5594817586203231,0.4560863121841318,90.9454610937242,96.67061400184606,0
13.813,2.695505173599915,0.03211359477229203,0.4709585733446738,36.30822963986351,22.8875462483499,0
9.838,2.3830584771439223,-0.010455219871041956,0.6325410178991253,30.31283559453286,67.75458051837758,0
95.308,4.567551389081583,0.05785292724917948,0.5209973144482031,22.120944181960223,98.05682270607235,1
21.118,3.0963917566531682,-0.024850111391567887,0.6433903733496144,23.3712081910433,4.869484839992976,1
52.0,3.970291913552122,0.027305052566043535,0.6568190360723378,27.68143077913058,73.71324139566391,0
21.118,3.0963917566531682,-0.05702838755133528,0.5944040950143338,32.43337531153756,64.5572181427428,0
13.549,2.677522262733252,0.05293913315836699,0.532503364624651,16.481481572943714,67.77232412013204,0
95.308,4.567551389081583,0.057899263590548034,0.6450434968017225,87.00988739009298,48.213209891984185,0
18.038,2.9464369818291134,0.0105944194610813,0.31867117030689174,20.01502442448101,68.25324595377215,0
17.059,2.8936441754702065,0.09469986905179109,0.30002779872841867,45.05441353100935,0.5313475668345946,0
13.813,2.695505173599915,0.04235642623305237,0.596703470492635,69.66508238768922,48.93925374065887,0
226.0,5.424950017481403,0.2327384667080372,0.4719004535268049,35.23749466096544,43.369433132038004,0
479.0,6.173786103901937,0.5136682919949808,0.5154676888575808,2.335209632818591,30.44904243540304,1
338.0,5.82600010738045,0.3954236376771626,0.5552746380258559,4.6851908527603126,51.1093821472398,1
479.0,6.173786103901937,0.5552838202599726,0.5403163683722962,57.727902923313124,22.748160369353997,0
338.0,5.82600010738045,0.3284135484844383,0.5222821855388958,80.39585075525203,38.451581370626656,0
13.813,2.695505173599915,0.06602734918728986,0.5481395092888486,57.62883601668132,83.82304210818006,0
18.254,2.9577188313557747,0.03433302920247654,0.6026729200329495,44.97846488213225,40.736552421283236,0
226.0,5.424950017481403,0.17210080210229994,0.5487172391165172,64.28819100587077,35.69824294686639,0
52.0,3.970291913552122,-0.04336993684400352,0.558868402770578,90.76110025565549,3.9922532563751223,0
13.265,2.6578089846654636,0.031180567521798194,0.3763081985352467,11.005192452767677,0.0011634755366141114,0
226.0,5.424950017481403,0.25160446224036603,0.646280081252715,44.70555438064254,25.217287749552998,1
52.0,3.970291913552122,0.018795043886848245,0.5119369319834841,10.422480280834767,51.931269264230316,0
17.059,2.8936441754702065,0.018414946706972725,0.3809810405174793,80.62012797930613,84.4871347755229,0
26.903,3.3287342099284394,0.053699801804871106,0.285664309023241,38.92016787341631,53.55538148796726,0
18.038,2.9464369818291134,0.020012699528913297,0.33480702652402583,70.2464970544104,29.40674621767778,0
226.0,5.424950017481403,0.19324405491138508,0.2758604706400642,48.469628713004695,79.64405615234773,0
18.254,2.9577188313557747,0.09834082175906667,0.46619727724337,76.43726622217359,57.506057345881466,0
17.059,2.8936441754702065,-0.04298845936404436,0.6124618213157521,7.773463696498483,84.33261677878832,1
13.549,2.677522262733252,-0.053631612248800656,0.7772163656158328,82.5049410180062,59.60501157609502,0
19.755,3.032787181505002,-0.018727440480407934,0.5702810242319104,17.320186991001517,24.755977027988642,1
226.0,5.424950017481403,0.2972399183555527,0.43631027509667863,69.58991181688025,80.09387215414303,0
95.308,4.567551389081583,0.11600446917803492,0.6135548097580966,65.87833667107174,80.0980700403365,0
19.755,3.032787181505002,0.04716154528761002,0.31452825701114767,8.5347464993768,15.482861259771985,1
95.308,4.567551389081583,0.13810089941326698,0.4280053035931687,37.2688517012314,30.8468281489484,0
226.0,5.424950017481403,0.14316190218466396,0.4379826944792307,6.766836190000158,15.987976336644138,1
10.198,2.4157351909267017,-0.0491735577755264,0.14058765675043755,54.16342146608669,73.90669759393725,0
95.308,4.567551389081583,0.13236378323216047,0.5225203480934305,2.9247283034559146,17.093640242084827,1
13.549,2.677522262733252,0.06934364206955655,0.692185798028447,69.56181464968068,98.27395409103859,0
226.0,5.424950017481403,0.2032323237900384,0.2493279252806977,5.195657755426842,4.310010894832406,1
11.723,2.5434113791605633,0.01514620015344719,0.44823438547712147,65.76128923003434,87.14140341908544,0
5.076,1.8043465847335263,-0.027119452782590783,0.16163130033578788,47.46308757498139,13.320992413662868,0
13.813,2.695505173599915,-0.031343483839598965,0.44299447305659695,1.8110183820840509,98.94511309650565,1
26.903,3.3287342099284394,0.02126635889759692,0.37953337490700284,8.350071669866876,10.534548448133318,1
18.038,2.9464369818291134,0.019375510256636735,0.7099126889980825,60.00205481193037,56.4231816684536,0
6.774,2.0507848324300313,-0.06258671340081345,0.5973322888855759,31.09823217156622,58.16222929891936,0
17.804,2.934069613161884,0.029708996635791376,0.25453954711902727,45.21990282834353,28.454138567693377,0
13.813,2.695505173599915,-0.011032856506177344,0.5110795151616321,20.93493233367103,6.725591396736785,0
10.501,2.4424339881104444,0.08516337035017243,0.5946313405394233,69.7015740995268,70.45544280274453,0
18.254,2.9577188313557747,-0.037931965360304735,0.4500428568536716,31.181613308525957,47.173983751843906,0
10.501,2.4424339881104444,-0.04078797175015418,0.32724783364484844,3.050024993904943,67.60262880525475,1
10.198,2.4157351909267017,0.00429434271558668,0.5352702949049283,62.4148907849134,52.473563766143215,0
52.0,3.970291913552122,-0.008670034714210004,0.2870184253593607,89.2523289954846,59.171696889240046,0
95.308,4.567551389081583,0.07277106397078192,0.5354064595736555,97.3488969177397,90.42432914075651,0
26.903,3.3287342099284394,0.06617320591390818,0.5254621651955993,29.321077169806454,50.56341534219588,0
8.209,2.22018126673923,0.0181959842683025,0.4171145980821721,4.315991195057611,11.539464217891737,1
95.308,4.567551389081583,0.05405225969755902,0.28302526946889695,47.60504021990997,40.24062592993117,0
479.0,6.173786103901937,0.46829387100729875,0.5422022521234365,58.87315221313199,46.94068419892581,0
5.076,1.8043465847335263,-0.10986180859909508,0.5835312083552219,26.974961151698963,87.28594215656645,0
52.0,3.970291913552122,0.06195983579794539,0.5805211203837356,28.068321551597432,55.28148757183491,0
338.0,5.82600010738045,0.2509352436233772,0.5173395108019861,59.51316749056815,68.72343434606829,0
13.813,2.695505173599915,0.07064839663065044,0.4668602412590581,43.16595462296794,44.22938054511353,0
13.549,2.677522262733252,0.08509772341009365,0.498877880488888,4.317373579701167,74.19777295139859,1
13.549,2.677522262733252,-0.003614262846984316,0.49819639566302176,46.053949727414,32.88226178486093,0
95.308,4.567551389081583,0.13175684440499255,0.7961118031617536,80.95160747248781,91.50607325172224,0
19.755,3.032787181505002,0.022517053915727676,0.7674358400097716,43.385164923797305,6.252629574284574,0
81.0,4.406719247264253,0.1302588693673397,0.5003275386255553,94.76880259644707,8.696702025593305,0
16.067,2.83714677443662,-0.020188865413001435,0.7746765703348831,7.623921797356448,13.566146716037775,1
52.0,3.970291913552122,0.05647075566737458,0.5541133631995753,78.89851599207933,18.40447720502135,0
10.501,2.4424339881104444,0.035078356998641876,0.5713002388141237,70.19668772577033,7.697946706496628,0
5.076,1.8043465847335263,0.0075008317406226495,0.5004590175107859,68.02282424312914,91.72680665776807,0
5.076,1.8043465847335263,0.01232367800547621,0.5615574915180338,70.67772168854458,32.694102433667524,0
34.042,3.5565473420648956,0.04802817638179274,0.3973339396870726,68.95267510315611,31.5773151249496,0
18.038,2.9464369818291134,-0.014568234163568908,0.496380633431754,7.244688779455888,41.11904758694911,1
6.774,2.0507848324300313,-0.04578399163993301,0.5050165201959727,43.194501864211574,62.234326461724606,0
17.059,2.8936441754702065,0.04236450501628224,0.5159274379160325,8.17590319488719,88.81181889340358,1
13.813,2.695505173599915,-0.019780445759226935,0.41315723639766155,32.74973521779147,76.23026245009599,0
479.0,6.173786103901937,0.43101669915654506,0.5425866588104571,10.92642103096214,46.03553731348269,1
95.308,4.567551389081583,0.09400261157554758,0.5567069390641824,88.37858849634257,73.14863597031159,0
10.198,2.4157351909267017,-0.07960602127451495,0.5906161183158566,28.869373677069987,5.560552168046062,0
21.118,3.0963917566531682,0.0322334187072835,0.4364148391501106,55.77834173700249,7.718753022646796,0
34.042,3.5565473420648956,0.009967992651115445,0.6912025774519229,65.7845304603036,75.62537914224343,0
13.549,2.677522262733252,0.0308506786416238,0.5927102740895063,66.37896861755891,12.249786196598922,0
95.308,4.567551389081583,0.04090953945442091,-0.07549833226890534,84.45493985350704,43.12338697915579,0
81.0,4.406719247264253,0.12047966885791511,0.43062005505299317,95.51152072917014,96.6558439380544,0
948.0,6.855408798609928,1.0289251362824996,0.27454297109637793,24.317219099945408,2.49716621170496,1
10.198,2.4157351909267017,-0.002996216561413743,0.2574242164931683,35.567271646494916,0.6877962219649314,0
18.038,2.9464369818291134,0.12324302224700918,0.5442711469006125,77.0921844644052,24.05315851801487,0
13.549,2.677522262733252,0.08376534052239681,0.5592960878973996,17.742876946970686,31.29195480288226,1
13.549,2.677522262733252,-0.07043566097467487,0.6607520560835884,91.89265336395545,86.14180460955174,0
13.813,2.695505173599915,0.02459757604672331,0.5811981941012417,81.707207094928,64.86389567688155,0
21.118,3.0963917566531682,0.0805487237999055,0.9736656924566447,88.42064633484078,43.98556397138349,0
226.0,5.424950017481403,0.22284471850973758,0.2649560943248971,88.24163684073388,8.975950056015714,0
479.0,6.173786103901937,0.4758361605731747,0.32422530492912127,44.044135031242405,35.47972896563887,0
95.308,4.567551389081583,0.10121403806172664,0.41535652209214713,93.72284872364511,1.1302536589022472,0
11.723,2.5434113791605633,-0.01326570887261234,0.3038335152278509,84.9223410494178,29.004553196243688,0
17.059,2.8936441754702065,0.01552751241914282,0.6223631729978104,27.85903390319586,36.83472137943513,0
10.198,2.4157351909267017,0.02126120048317564,0.42791383801962884,25.788768543320227,28.161604210563173,0
18.254,2.9577188313557747,0.02569435786047383,0.398249805599676,2.094496103091281,50.445594166935535,1
19.755,3.032787181505002,0.08444515725074882,0.16316211536522557,63.742990149820656,20.263263413534315,0
6.774,2.0507848324300313,-0.036775122599023706,0.33188485239556254,93.9498941564189,66.24340117010681,0
13.549,2.677522262733252,0.062142374954755594,0.31557106231739207,79.41973312770843,59.53663701568727,0
10.198,2.4157351909267017,-0.027840992257763254,0.30965261341182526,27.4055220687206,26.10485262348481,0
21.118,3.0963917566531682,0.05654578871756531,0.5810884312718361,60.70940360887808,62.565078942727645,0
95.308,4.567551389081583,0.1856595309030143,0.22276122048823777,47.98756203039088,11.864376574158031,0
18.038,2.9464369818291134,-0.028551842333939433,0.7384284554155793,8.786649914483336,10.28425921574767,1
5.076,1.8043465847335263,-0.04347121423508661,0.6515568969924895,87.34232380816606,59.34613827047238,0
19.755,3.032787181505002,-0.04743444066701143,0.4628989419462265,39.85047343973734,45.894051659682034,0
18.254,2.9577188313557747,0.1361263714633033,0.5643451922822775,78.07615860684398,69.49531193430477,0
226.0,5.424950017481403,0.2880086946105517,0.21999491197940874,15.7954822835348,46.90407475181539,1
10.198,2.4157351909267017,-0.014152043868816234,0.3666710452946488,55.417800251579344,34.338670217764424,0
13.813,2.695505173599915,-0.0700582201912286,0.5898494512526397,67.91023191444896,56.33953507126401,0
479.0,6.173786103901937,0.4162177766201529,0.6523088493012835,83.36499619375856,16.80200521926786,0
95.308,4.567551389081583,0.07425112681781627,0.5906077467382435,56.79452305526295,53.22918759514545,0
21.118,3.0963917566531682,0.0758286945661963,0.1978905088643355,66.4911724487218,0.41874436279578653,0
95.308,4.567551389081583,0.08973616786041348,0.5459521300898034,27.362666628166586,45.005863942622526,1
21.118,3.0963917566531682,0.027398767313306222,0.43209647772357,18.143834769562694,4.028551877799846,0
226.0,5.424950017481403,0.26709184865616975,0.6548584097189595,7.9406584643029525,91.64891511155142,1
5.076,1.8043465847335263,0.006820317781980876,0.5969194514036258,71.58249646820886,64.97880467642996,0
52.0,3.970291913552122,0.0676571916035203,0.8040225674063588,51.74463517550413,37.97374048216488,0
11.723,2.5434113791605633,0.06342877280031553,0.6146319805008282,90.04180571633304,16.3035336931591,0
13.813,2.695505173599915,-0.006877404954888835,0.5119872895610056,15.253904291426135,48.31808633136685,0
11.723,2.5434113791605633,0.08495888812035036,0.30685920745204087,64.51727904094498,46.17161438131191,0
226.0,5.424950017481403,0.24502851327101033,0.4264081648960021,65.41746014740745,24.696116699189254,0
948.0,6.855408798609928,0.9599952881442325,0.46964916396948686,18.19281304952711,48.72653541000508,1
13.549,2.677522262733252,0.0627156286091467,0.6917421421189229,84.07030280112,47.54757152327337,0
479.0,6.173786103901937,0.4688827384728333,0.5880586301891804,99.78208556819781,88.74245353703603,0
19.755,3.032787181505002,0.006561936252219638,0.4890339046986592,85.64898411883223,80.50903184956627,0
13.813,2.695505173599915,-0.002206882702463508,0.43281835326020623,18.656702405130577,71.51001612837,0
13.549,2.677522262733252,-0.03981858461057762,0.48936419562089467,56.50219928590161,18.91957923903549,0
13.265,2.6578089846654636,0.038797877330321924,0.42275919403500917,0.6952130531190703,22.612533124967193,1
19.755,3.032787181505002,0.03536401732129461,0.43028491641324085,49.16158751168324,21.440648299316457,0
,,,0.5471666886312279,86.61761457749351,96.06269755131997,0
18.038,2.9464369818291134,-0.02128260655875186,0.45677746063662256,79.75591006371882,86.61015453778347,0
21.118,3.0963917566531682,0.12751776926005998,0.38729817955949447,9.553531383466819,79.97833644457833,1
226.0,5.424950017481403,0.34529576895685354,0.5719909611722418,69.4150573509831,63.474414110402954,0
19.755,3.032787181505002,-0.05144361411629095,0.4661759864998046,32.2956472941246,40.81516908666981,0
13.813,2.695505173599915,0.07254731971035505,0.37388421651520626,12.466268120326685,17.54916273813574,0
13.813,2.695505173599915,0.07727223942880482,0.586560827575271,24.247050363472965,31.277798921035405,1
26.903,3.3287342099284394,0.08847135059725689,0.6970673264857712,87.74720135270529,30.1046077834313,0
21.118,3.0963917566531682,0.044601983637636955,0.44367365290407507,23.194709611597542,18.483839794702494,0
52.0,3.970291913552122,0.09537979912860847,0.29798215068268485,8.018001408190345,92.46417911286366,1
338.0,5.82600010738045,0.30286277498025976,0.6728522958442889,97.89811151748088,40.56452594472375,0
95.308,4.567551389081583,0.10666753122134215,1.0066074378623968,42.77731337358623,66.17777324716386,1
11.723,2.5434113791605633,-0.002606085460149385,0.3626784456364561,38.67353463005374,72.89810616558164,0
26.903,3.3287342099284394,0.020433514297620078,0.5382096706070314,44.1530501373377,83.79083748518036,0
17.059,2.8936441754702065,0.02935055774866802,0.4273974314566873,46.36984049399822,53.56565993475786,0
11.723,2.5434113791605633,0.10338019855831312,0.5459201829654133,87.7339353380981,33.56104542698427,0
18.038,2.9464369818291134,-0.000987623320007451,0.41341569114341437,5.1971283651472415,23.333282264932663,1
226.0,5.424950017481403,0.3015745780099815,0.12175927978069356,18.422483923802613,5.574085358744174,1
11.723,2.5434113791605633,-0.015966726399513825,0.4653410694738652,25.79416277151556,97.85254683891405,0
52.0,3.970291913552122,0.20156483086736862,0.6785794465576515,94.1725711618925,48.56342984133404,0
95.308,4.567551389081583,0.19544334745369366,0.411094576556434,68.78857223008133,78.73719581492729,0
52.0,3.970291913552122,0.08243978197791928,0.5034656519001096,66.92002629380784,53.24709078838974,0
338.0,5.82600010738045,0.418337839978942,0.590810675714412,41.36426749186353,77.7727910067793,1
13.813,2.695505173599915,0.13364099797756512,0.7833918193255993,98.48411989623345,19.64192158720174,0
10.198,2.4157351909267017,0.04868726928025634,0.4875953382472402,58.304156096969216,77.27714196650791,0
34.042,3.5565473420648956,0.003014695510965386,0.20445371279728985,87.8515561301348,6.203676362878152,0
95.308,4.567551389081583,-0.018785413201141868,0.48704932126299094,94.27317741351257,7.0108139641256955,0
13.549,2.677522262733252,-0.007963208083445486,0.7419467255889581,70.76809347409157,20.424210636842886,0
10.198,2.4157351909267017,0.021910094134844398,0.524972790886572,26.867735938494608,88.48551176960044,0
17.059,2.8936441754702065,0.04174404449666584,0.3990642001985898,89.02637838909163,62.842645661458704,0
18.254,2.9577188313557747,0.09575171241160886,0.5240403286126365,30.625362078661166,94.14742375060654,0
95.308,4.567551389081583,0.03845181193413344,0.556589488901334,65.52419806390218,25.11692675484013,0
13.813,2.695505173599915,0.062370071495505136,0.40358354256500784,32.367923640424365,16.972842857692317,0
479.0,6.173786103901937,0.48638163679836943,0.38365904578435955,6.245759361907144,72.04567414627562,1
95.308,4.567551389081583,0.1888383908911346,0.43510437254997075,79.87832357736654,82.36236107489735,0
52.0,3.970291913552122,-0.08058267222111368,0.35417566730850125,51.23637775457907,33.44425271181041,0
13.813,2.695505173599915,0.1283465927733197,0.2773092812120521,62.00727559285135,12.967897822423534,0
226.0,5.424950017481403,0.14849159633198852,0.4407429721745649,93.83048184484826,48.26012356615207,0
13.549,2.677522262733252,-0.002113189168747115,0.47668663512083603,60.18815896363221,33.92406611738363,0
95.308,4.567551389081583,0.09942498864966284,0.5918404715158089,12.056688577727881,22.65216260361057,1
13.265,2.6578089846654636,-0.01547773519543148,0.40374092845218057,89.25589984899777,28.24724263700037,0
13.549,2.677522262733252,0.0759474376427125,0.4250193448242452,58.82022669483905,42.2192233880678,0
338.0,5.82600010738045,0.3483405147554859,0.5833613267064339,1.9327630917601035,26.679454943383085,1
10.501,2.4424339881104444,-0.03706721866760319,0.3416015282109735,33.79951568515358,29.729079030733363,0
16.067,2.83714677443662,0.013213186620609087,0.7121043703342981,99.13279015642206,77.5877254469693,0
338.0,5.82600010738045,0.2934563342118636,0.5487889247344373,82.25347943841967,17.046251158164203,0
226.0,5.424950017481403,0.2007726335296974,0.41382699418755864,74.88263369633064,76.21745871816447,0
338.0,5.82600010738045,0.3532668564735079,0.6054880742143921,77.53461504031355,48.41730321634075,0
18.038,2.9464369818291134,-0.005374294862289766,0.3032676293151978,69.49818861265426,20.152837800631286,0
948.0,6.855408798609928,1.0381141947464334,0.4193032206767067,67.18927435987284,50.98540095504577,0
52.0,3.970291913552122,0.04362089528609824,0.48184684534856537,68.65899134926067,60.07921493396191,0
226.0,5.424950017481403,0.3119393737528063,0.7306095096026435,5.225787928602377,90.94295036858765,1
13.549,2.677522262733252,0.057125910674218336,0.8053297185079392,36.83095305068483,34.40916178494421,0
13.813,2.695505173599915,0.012560602203352235,0.6589925254643565,12.429722348554472,88.60934353132082,1
19.755,3.032787181505002,-0.04268328076537346,0.45335937254733594,96.11905638239142,36.84489199165789,0
9.838,2.3830584771439223,-0.014501016779345337,0.425082321067218,30.46791390980408,86.64231835397001,0
226.0,5.424950017481403,0.22688228410304034,0.42005094208610694,46.876796546450585,86.96496848121713,0
17.059,2.8936441754702065,0.03970089626663062,0.5558972279720082,40.3482866212397,89.04095172193284,0
21.118,3.0963917566531682,-0.056777299253314095,0.5966465750162301,25.656278370136377,67.22506872941946,0
5.076,1.8043465847335263,-0.07582033829895891,0.4347384137635526,87.07499012725114,25.448133161826025,0
19.755,3.032787181505002,0.027132359078480345,0.5293104831924981,72.60913337226616,58.758587110940184,0
21.118,3.0963917566531682,0.10177307621582629,0.5868364727103701,69.24361513243696,18.445905105988338,0
11.723,2.5434113791605633,0.07691669511201629,0.5696376857184505,89.85541885270793,70.48710100433817,0
5.076,1.8043465847335263,0.01070918630010995,0.4986261442198017,97.13950940416396,77.9820884010068,0
226.0,5.424950017481403,0.21399621992396597,0.5575182522281324,87.78300781520409,77.5234538899056,0
13.265,2.6578089846654636,0.00508197765340496,0.3532617592909284,80.74401551640625,3.757109039890738,0
10.501,2.4424339881104444,0.06635698524308126,0.36354653173874985,9.3981939840869,59.90445871503815,1
95.308,4.567551389081583,0.0682129128870462,0.5527493532461089,34.588305695295674,54.41986625037022,1
17.059,2.8936441754702065,0.09061354121837449,0.6094729043401446,94.9520623657642,18.792038081532304,0
21.118,3.0963917566531682,0.006194945851859236,0.5337885022975399,53.29577865513353,54.12701109416781,0
226.0,5.424950017481403,0.1725372561678321,0.7601062931633928,99.54375161913099,95.31201143941378,0
18.254,2.9577188313557747,0.0487722009694046,0.48141614551471984,53.531013145259166,18.078515056237954,0
52.0,3.970291913552122,0.08320818940558442,0.7497713573815672,82.11982825502265,10.662361893659789,0
10.501,2.4424339881104444,0.012843635629995303,0.6855771200433514,50.15162946871996,65.67560634745571,0
226.0,5.424950017481403,0.1976591744392438,0.5549909370520707,1.80065556004545,57.356328002671,1
10.501,2.4424339881104444,-0.0013654607599882414,0.2664573369940283,93.6154774160781,27.631910846585363,0
19.755,3.032787181505002,-0.00592118443789582,0.43395880447237944,38.816992620652194,6.845871933357806,0
479.0,6.173786103901937,0.5950205551432977,0.48296178295684244,38.65405068230279,29.785939839021125,0
18.254,2.9577188313557747,0.09880500258202851,0.446387742774395,65.93539222057827,4.922091454076161,0
21.118,3.0963917566531682,0.019316876431912926,0.39347950897439266,99.41393612211675,84.2165376650381,0
17.059,2.8936441754702065,0.058377573432168914,0.34716950643998973,12.06358711006008,25.95764492750492,0
16.067,2.83714677443662,0.018858211547751184,0.47028895547759597,43.28160022094693,83.49737856829623,0
338.0,5.82600010738045,0.36102217291595623,0.6384567240840142,29.52904940479433,96.07463027713554,1
13.813,2.695505173599915,-0.06541441671877773,0.38060444392242526,25.243694434402077,24.149648525686786,0
21.118,3.0963917566531682,-2.9617364355367937e-05,0.4641090279272223,82.26143185136785,82.63408109501867,0
13.549,2.677522262733252,0.06320002410840654,0.7063395446456313,87.66507618282006,36.91361938092045,0
95.308,4.567551389081583,-0.026158539574395262,0.5227485908217526,53.69744228934136,67.74380712282945,0
10.501,2.4424339881104444,-0.0004997152181393447,0.2978006323449247,46.55980181324602,26.74020278575413,0
52.0,3.970291913552122,0.04151488888482463,0.5856836315354359,68.84050184921368,20.35348738868964,0
81.0,4.406719247264253,0.08486978209555499,0.3072908350373799,76.8922782107641,14.281430447286736,0
19.755,3.032787181505002,0.011273038126661347,0.6911660341773355,5.16817211686077,94.47362587830797,1
34.042,3.5565473420648956,0.04628756905614789,0.33669598842854864,76.22851347766158,99.77493890102006,0
95.308,4.567551389081583,0.08322672840293409,0.41649231532142555,76.1027902502028,41.96273828068103,0
26.903,3.3287342099284394,-0.015372994218892645,0.26405161143907085,49.442030470258146,19.38630679368927,0
52.0,3.970291913552122,0.09578150641084995,0.45476302883133424,12.300329512374564,87.98377479414678,0
21.118,3.0963917566531682,0.06273261958573866,0.5439243265380025,90.00231233980112,38.32153659472517,0
13.549,2.677522262733252,-0.060681926272805886,0.4083498313865556,58.77693608621982,23.272834891555185,0
13.265,2.6578089846654636,-0.03630219734084842,0.5452110604671676,63.35297107608947,60.15538792998241,0
6.774,2.0507848324300313,0.04024063178007329,0.36003408842193363,54.26960831582485,57.712258603832076,0
226.0,5.424950017481403,0.21481671266746918,0.5370907178163133,34.950637208681876,76.94425794215569,1
948.0,6.855408798609928,0.9506571275770339,0.512436777975806,3.654966784809488,48.61304852149241,1
948.0,6.855408798609928,1.0798856412032753,0.6493540631555543,72.22669318556592,44.903876793012586,0
13.549,2.677522262733252,-0.11011396905303754,0.1218729490140898,22.461561184385193,30.246631746146967,0
21.118,3.0963917566531682,0.08513385060511236,0.5302607982194066,24.34822965762993,15.144552193535732,0
13.813,2.695505173599915,0.03853069879101827,0.5003347433243603,74.76093801762511,46.91072110475787,0
226.0,5.424950017481403,0.2259439986190513,0.3356193783801924,53.870179795271426,33.47890418906792,0
479.0,6.173786103901937,0.40651503160381064,0.43228319145125993,75.62136139501769,98.29468795547008,0
11.723,2.5434113791605633,0.030165642596526522,0.4723869699476121,79.48113035416485,5.1835799119729025,0
13.549,2.677522262733252,0.015865106654151567,0.5021162534379687,8.860042967961723,16.781459564602862,1
18.038,2.9464369818291134,0.042839928225486254,0.5937977501032254,40.9334006315043,67.96972168333453,0
34.042,3.5565473420648956,0.01913129425264319,0.3844362801293182,87.07534503372591,12.044733999656543,0
95.308,4.567551389081583,0.08170321870063288,0.5643141888321146,54.12665786761103,5.062247226907413,0
338.0,5.82600010738045,0.32059922221416987,0.7001759200006756,73.85974581323308,62.023484896112045,0
52.0,3.970291913552122,0.008524907665797395,0.7150450413226817,51.65726284459791,48.50179875240413,0
338.0,5.82600010738045,0.3529771192864455,0.784418491438152,1.6947664889580993,44.63263599865612,1
95.308,4.567551389081583,0.07987867941298676,0.6189066526600497,22.048620907017536,41.91828759021213,1
95.308,4.567551389081583,0.18488937292072938,0.42606225875761217,79.74260216069281,2.5769598764351143,0
13.813,2.695505173599915,0.104935746779401,0.654637900755036,91.48459010681,8.701721830278874,0
13.549,2.677522262733252,0.08278222650559758,0.3972519231284379,53.030213324915835,75.12789243737669,0
19.755,3.032787181505002,0.07228730415208665,0.3528817987379661,7.118864846022898,42.76013337033373,1
95.308,4.567551389081583,0.10226906789685716,0.471621472808738,23.16717013834434,65.81598242975734,1
226.0,5.424950017481403,0.36306694041368276,0.3600321366970788,96.44766539008116,38.21234944599732,0
21.118,3.0963917566531682,-0.026082196747988628,0.3688701094978775,18.11493495346803,17.715352322262557,0
338.0,5.82600010738045,0.25858423791749946,0.4810003958978505,62.47838627894025,51.51670283865888,0
19.755,3.032787181505002,0.032971235487355276,0.6422214425708075,21.582102749684317,94.67337289233956,1
17.059,2.8936441754702065,0.01223565152411215,0.46934664100315276,19.228901880867078,18.772240569225207,0
52.0,3.970291913552122,0.052238585897176316,0.4855681606939132,19.609771273839293,92.05358851025547,0
13.813,2.695505173599915,0.020729311849167542,0.45227622475731066,93.98321236134751,27.83684816626566,0
6.774,2.0507848324300313,-0.015793891762904598,0.6357443062241299,10.789142699330444,59.113030325851646,1
18.038,2.9464369818291134,0.07541936534890026,0.40447321785944157,58.19714019143988,65.94229620819976,0
13.549,2.677522262733252,0.01711421798992,0.2776652864484037,46.15574744197899,82.95627156830498,0
948.0,6.855408798609928,1.0615732957716935,0.8381057163381679,15.52402459307125,15.44922040049258,1
13.813,2.695505173599915,0.03635561015206682,0.6174739831665517,39.244510742263536,93.79652314338942,0
13.549,2.677522262733252,0.0022056055888293735,0.6087244060228748,61.5985450260179,88.63803619601417,0
95.308,4.567551389081583,0.01687143761344216,0.5098682972973444,83.7013328363672,93.85297834731304,0
13.549,2.677522262733252,-0.047702266801172385,0.4478712586221713,39.15256981778293,50.77578381885688,0
17.059,2.8936441754702065,0.08868512837861983,0.40144471444740143,86.47223762550531,36.95741994267732,0
21.118,3.0963917566531682,0.030585688655136563,0.5307196815922876,27.262400073353376,12.434584143087035,0
13.813,2.695505173599915,0.12381006614274345,0.5227111094108028,21.144800699654464,62.374308486400906,0
34.042,3.5565473420648956,-0.0340824777843555,0.735444288040924,37.978578017922985,33.80844093662614,0
13.813,2.695505173599915,-0.04725146841058529,0.2115842341906496,53.261726645502314,56.61806912250709,0
479.0,6.173786103901937,0.47293064787636035,0.4028191565530218,25.933489731709447,5.739184368827354,1
11.723,2.5434113791605633,0.05393384247024252,0.3212187943713125,65.99840460341791,85.65372237479268,0
18.254,2.9577188313557747,0.04326432211527394,0.5796300743100723,98.36789252634136,13.31821256675234,0
95.308,4.567551389081583,0.06186991126068089,0.26608463313106623,7.695320162920916,61.39703063252326,1
10.198,2.4157351909267017,-0.0020013000481035985,0.3554905488202147,91.4298806560499,33.997186379324816,0
18.038,2.9464369818291134,-0.10867010361733655,0.37439288154762995,15.105789178090024,57.19958782835928,0
95.308,4.567551389081583,0.09936768727433332,0.3942334219751059,23.360775104990992,41.76669958169947,1
10.198,2.4157351909267017,0.010286930802818922,0.32638763146768496,83.4930236799299,1.0284495935692028,0
18.254,2.9577188313557747,0.023911159015818792,0.6586941070758189,13.516628915482276,41.83895333783335,1
95.308,4.567551389081583,0.10609964583647989,0.36076012420160064,48.864319040466576,22.60790710105627,0
226.0,5.424950017481403,0.3227627448507683,0.3507715471298688,96.71266152591704,48.38602188643114,0
226.0,5.424950017481403,0.16097286906832065,0.4956240951160159,66.49849034759953,95.71348325397962,0
17.059,2.8936441754702065,0.06438804852928157,0.6491527279723135,41.82430362906189,6.697361202527152,0
18.038,2.9464369818291134,0.0519839496649153,0.3119897422557472,8.238104561584269,44.210703467972,1
95.308,4.567551389081583,0.10720809705888087,0.2140645069865929,9.148683739775487,82.4471517604549,1
338.0,5.82600010738045,0.3544095602224141,0.6867561512334885,43.381741957652956,96.6734227535108,1
18.254,2.9577188313557747,0.046833197160479685,0.5456738302520218,69.2161341694132,0.6464357789710551,0
52.0,3.970291913552122,0.10721451493862225,0.3185847006561412,60.79052140907037,57.761308063713365,0
17.059,2.8936441754702065,-0.004694941457127372,0.44208308358707876,36.42698610480755,24.339668321853047,0
13.549,2.677522262733252,-0.05764342451464893,0.41877904902392465,49.646115235529976,85.75306077519237,0
479.0,6.173786103901937,0.5074919803106256,0.4403676955181333,43.91498166337483,98.37115832091517,0
17.059,2.8936441754702065,-0.051489172548484174,0.5176561127691437,21.296416150891073,88.91279239400099,0
13.265,2.6578089846654636,0.043193579765390365,0.5711950228350188,23.95618906669724,59.06378339946377,1
18.254,2.9577188313557747,-0.000738290329754341,0.7499994888841285,26.5046428325004,20.681789313339628,0
338.0,5.82600010738045,0.3522896685669944,0.4823028358088933,47.64369863437916,28.7511199383759,0
26.903,3.3287342099284394,0.06748027951392918,0.6282802261622393,69.67371653641507,44.391945450637785,0
5.076,1.8043465847335263,-0.0028633110534983276,0.30064885441648276,51.48173539296902,54.02994067614997,0
13.813,2.695505173599915,-0.019626392723381552,0.6668951457804952,81.45747202313821,33.527905007829574,0
18.254,2.9577188313557747,0.002030082780771658,0.3413727994559853,6.229179813006269,49.623922190081394,1
9.838,2.3830584771439223,0.014092181482697955,0.4971316730219439,91.93919732144174,83.06227604317912,0
479.0,6.173786103901937,0.4031241452940376,0.5009822986706809,67.68212988573956,89.39335106699905,0
6.774,2.0507848324300313,-0.09034004584556873,0.5675233450919972,36.63618432936917,94.37015928202209,0
13.549,2.677522262733252,-0.005038989947279748,0.3230334875938237,77.64474464997247,81.19462346378835,0
13.265,2.6578089846654636,0.0576190889939066,0.6086736590572591,23.763754399239968,58.37727805141116,1
948.0,6.855408798609928,0.9422547413799142,0.4510079329008181,45.32888347480276,23.81466536656963,0
10.198,2.4157351909267017,0.014724725219184161,0.5231047762525382,18.143543508979732,12.548629679915068,0
479.0,6.173786103901937,0.39939737777765283,0.6878519543447013,38.798675994686946,38.722314121020695,1
226.0,5.424950017481403,0.22151644723511427,0.5916606357665856,38.04200075075623,59.646707541354374,1
26.903,3.3287342099284394,0.09589140473305355,0.7242545464603756,81.27995672575025,1.912896643728701,0
16.067,2.83714677443662,-0.0013271775513753678,0.4334855872647446,45.79957590035715,23.285855687609423,0
18.254,2.9577188313557747,0.00016051345268366587,0.31838860600562535,25.467062204605117,67.90666044956374,0
10.198,2.4157351909267017,-0.00028086298575100144,0.6730254274672316,79.98552559473153,31.754970025758844,0
13.549,2.677522262733252,0.017943971063985865,0.2773341397709861,50.5852692951829,71.74649906119122,0
19.755,3.032787181505002,0.014383676786717542,0.44932773587128955,7.845638134226595,45.02542461428904,1
17.059,2.8936441754702065,0.022117392487970327,0.7157253801718553,52.03077009037933,51.80080664046248,0
9.838,2.3830584771439223,-0.0650610966192835,0.7803599755517391,40.29801787651615,69.20505530397449,0
34.042,3.5565473420648956,-0.07530726477199155,0.3248363876150119,10.659303030799073,39.593722619594985,0
19.755,3.032787181505002,-0.028826650949956942,0.44701037968427626,51.630034830119534,68.01118854469726,0
10.501,2.4424339881104444,-0.017755646888396568,0.4091480000096303,54.26446347075766,1.5110684214475034,0
13.813,2.695505173599915,0.018781245181704192,0.6215390066563,11.483682473920354,69.96395696221217,1
19.755,3.032787181505002,0.0541301327064965,0.5443267537385508,79.51861947687037,1.5394891691308477,0
226.0,5.424950017481403,0.2123147062896026,0.35041025630473766,47.116789893281464,88.08951605447525,0
13.813,2.695505173599915,-0.005817683973642251,0.3115151996081847,62.42379959139921,96.7761465269562,0
95.308,4.567551389081583,0.0919373083542589,0.34621713713938507,78.6345014415552,83.36440104751723,0
10.198,2.4157351909267017,0.053640989736643024,0.6707225496451428,25.94234334312925,38.732251797531404,0
21.118,3.0963917566531682,0.046203054956782307,0.45862400601553155,46.52056122837182,12.694441375497266,0
226.0,5.424950017481403,0.21293051543697686,0.3461414907538089,42.25484283119446,24.23536951367623,0
52.0,3.970291913552122,0.04027182473655575,0.4279678348801401,13.148911989798162,4.515136441229195,0
52.0,3.970291913552122,0.03601283751207819,0.5871499309942538,50.545511791044994,92.94034838491538,0
95.308,4.567551389081583,0.09091788401748464,0.4302386080698491,66.36711653626482,88.45868882296138,0
,,,0.19020458374390847,21.233911067827616,56.95397795671037,0
948.0,6.855408798609928,0.9715509940098851,0.40561689907289566,40.87341710980964,82.75530522740469,0
13.813,2.695505173599915,0.022028125874103306,0.42438069895225045,45.08393714041321,76.24469586748684,0
17.059,2.8936441754702065,0.031367945855381996,0.5814548418934479,4.521867010618941,54.176096426756324,1
226.0,5.424950017481403,0.31091714042337426,0.3203063056489007,85.22638743911814,53.534776806165674,0
26.903,3.3287342099284394,-0.007046758835600502,0.49576731815941555,9.128667678613356,82.85555979060814,1
95.308,4.567551389081583,0.15880541738746773,0.434614779636435,6.73506014687717,39.76844144330547,1
226.0,5.424950017481403,0.30419520570464353,0.7680859946907003,79.28544190338394,29.989759299453624,0
338.0,5.82600010738045,0.2879590838707259,0.46926012886375884,96.60475051286772,38.628770514554525,0
18.038,2.9464369818291134,0.05483684317344096,0.5998001801763313,3.9618825348357145,82.32732126800302,1
18.038,2.9464369818291134,-0.021537320624554115,0.24410613576638973,65.1666825375885,19.343534295648258,0
26.903,3.3287342099284394,0.02713714650461866,0.5396435315229876,62.8942846779884,2.1913328775008956,0
5.076,1.8043465847335263,-0.004440475350325801,0.7074791772994015,91.2363345616691,55.65784285021533,0
13.549,2.677522262733252,0.010164448841506371,0.49008314090719896,90.64374533444109,95.3402879382095,0
52.0,3.970291913552122,0.039031203852132414,0.469787014988454,97.15326909010507,3.671294348306664,0
17.059,2.8936441754702065,-0.019012794236583034,0.285296772941836,55.190683877448556,74.22531871990871,0
11.723,2.5434113791605633,0.06965438191189309,0.2246346865734365,9.367476782809248,79.66813971913723,1
52.0,3.970291913552122,0.1384379306428717,0.27011026481033573,45.40016211961149,93.81811725247225,0
,,,0.4461562422230879,60.11150117432088,19.692570445342838,0
338.0,5.82600010738045,0.3577736379134858,0.6234023639861216,27.039328638452552,9.244951703706661,1
19.755,3.032787181505002,-0.009600889129646545,0.6212856510335175,40.89529444142699,67.24604980250288,0
26.903,3.3287342099284394,0.019156093540142784,0.48066839319668697,88.77041827582998,85.87642793494722,0
5.076,1.8043465847335263,-0.08989843450242868,0.2330187337687749,33.68957917711069,29.593202943661613,0
6.774,2.0507848324300313,-0.05257143001246484,0.4876111136973064,24.929222914887493,6.90075926128163,0
95.308,4.567551389081583,0.09101980429950436,0.5346067623612444,68.32953766065052,93.03984201693255,0
13.549,2.677522262733252,-0.017292993953248882,0.3534581390927177,43.940498969445215,76.46509503848735,0
13.265,2.6578089846654636,-0.031662674521200786,0.5183364506820599,89.60912999234932,12.786680122241755,0
13.549,2.677522262733252,0.008972602058008015,0.5160843932628729,9.299063982313216,41.514565399274574,1
338.0,5.82600010738045,0.3761139914367286,0.347179220361393,85.03480011198954,21.096989061995043,0
18.254,2.9577188313557747,-0.018856249389054135,0.5321253411697625,81.39702695060188,2.394626527048349,0
16.067,2.83714677443662,0.03241679206533541,0.6570431801642314,38.81657061269955,29.265509766740784,0
13.265,2.6578089846654636,0.010501257131511399,0.6295155920284818,87.14605901877177,15.159507480009937,0
18.038,2.9464369818291134,0.01058813006181575,0.6343694327353893,43.23348010426019,80.54323292999864,0
95.308,4.567551389081583,0.06784617013032464,0.8689807977544071,92.77522831952129,95.81180089194338,0
52.0,3.970291913552122,0.08554175249951411,0.4625516692671621,75.11780478084181,28.191835559725163,0
338.0,5.82600010738045,0.38556821732003543,0.2339337301696222,27.140938044671437,79.40144502659628,1
16.067,2.83714677443662,0.018084486056056333,0.3112603055949068,5.784444944716061,92.77457330754073,1
5.076,1.8043465847335263,-0.059793449978134,0.6414407929845851,39.10815366517607,51.44613277398942,0
18.254,2.9577188313557747,-0.004592705877787928,0.5460558855877733,29.65355812876552,78.18909129968897,0
13.813,2.695505173599915,0.016125114667576653,0.7197815755222071,8.023374566164222,67.47863021674105,1
5.076,1.8043465847335263,0.020221890853994094,0.5617036446727158,61.714498660403,81.24738210441717,0
17.059,2.8936441754702065,0.09976565426885609,0.7201775667495964,64.08747448032146,21.87156129979273,0
18.038,2.9464369818291134,-0.006542082324327979,0.44811390789997585,95.08635622504103,16.136735838838312,0
948.0,6.855408798609928,1.0502909901331277,0.522590373926695,9.944139275934516,16.067958471184518,1
21.118,3.0963917566531682,0.01874187971126353,0.2592942485303282,58.017236922733225,59.52297327194016,0
18.038,2.9464369818291134,0.033929966884530365,0.34132450720846486,18.552551570312115,29.72872042813265,0
11.723,2.5434113791605633,0.036815729915038724,0.452587555831554,22.42693094605598,55.27070757185453,0
18.254,2.9577188313557747,-0.01966975509774741,0.4364249692690275,62.389583629163845,17.440926711149952,0
338.0,5.82600010738045,0.4062761918967901,0.616033655931022,44.93497420396421,54.37870703917469,1
13.813,2.695505173599915,-0.07777333099928303,0.4234087251053631,70.72386343133986,49.25690707532976,0
52.0,3.970291913552122,0.042904168676648216,0.7364258791612068,10.802575413069137,23.660978270750732,1
338.0,5.82600010738045,0.4283478995199557,0.2652539159837331,10.189238806601352,71.80141781270015,1
226.0,5.424950017481403,0.26271605404538434,0.5642529370657173,89.39897100078704,60.9812761548117,0
479.0,6.173786103901937,0.5970616295389193,0.24482892885991375,3.945953289089932,79.78046813410725,1
479.0,6.173786103901937,0.48684231178829007,0.21755248299924101,51.04324890042322,3.9361879819729495,0
10.501,2.4424339881104444,0.09433292780952218,0.6164342757086159,91.32405525564712,26.853375606760732,0
6.774,2.0507848324300313,-0.05068275079504321,0.6048429607576131,19.87156815341724,65.66310737078761,1
21.118,3.0963917566531682,-0.09344930551286092,0.32482020390624344,52.516338366706016,40.542282513915495,0
95.308,4.567551389081583,0.12296057870971484,0.4222043003773136,16.70339460920752,41.31725172077195,1
26.903,3.3287342099284394,-0.07616635674455458,0.3162500167009924,34.08035402530179,16.046261427122644,0
17.059,2.8936441754702065,0.023766993323412637,0.3565912172474908,32.875161028750824,69.2358922461058,0
18.254,2.9577188313557747,0.02284264603497637,0.4548988459334476,96.582216115322,57.5593428640082,0
18.254,2.9577188313557747,-0.04127306297681959,0.3255591519720631,63.72014768082804,87.97524022943436,0
17.059,2.8936441754702065,-0.03523523637880212,0.456502796834504,69.81617140197451,79.155820259137,0
18.254,2.9577188313557747,-0.008135391944455346,0.36805344866731393,19.462251182076507,52.13770214737412,0
226.0,5.424950017481403,0.16281915332565225,0.48010938826392546,6.227310588188562,27.398809946997183,1
16.067,2.83714677443662,-0.00234420893708261,0.3916478893077456,14.730304427897034,46.72609960075026,0
81.0,4.406719247264253,0.1093834328285897,0.5682056594625161,76.61159327955862,28.255026751863888,0
479.0,6.173786103901937,0.46699852368036077,0.8006634955512757,62.62343214210638,69.17201141346888,0
479.0,6.173786103901937,0.5629106362671343,0.8795554502962535,72.27069576982285,42.835180056884624,0
11.723,2.5434113791605633,0.0778625985652672,0.5858667959232653,0.9197051616629648,54.64303160778473,1
13.813,2.695505173599915,0.013841803743468405,0.5128392055916788,52.30654247691193,97.53431334790706,0
17.059,2.8936441754702065,0.10116240556923901,0.627607909169097,41.48195023376652,35.05205342861618,0
95.308,4.567551389081583,0.15667655350330748,0.1338943977837374,75.82631959290225,42.61212379522308,0
226.0,5.424950017481403,0.1367615526440656,0.21116489595006843,65.6780104724294,35.59577734706405,0
19.755,3.032787181505002,-0.02792367969182176,0.5513159059475627,2.3271935735825866,93.62806214689266,1
338.0,5.82600010738045,0.3227416380189849,0.6904419893899765,50.06242680704178,90.95953911109443,0
479.0,6.173786103901937,0.4897005357073419,0.22371213816026858,46.267560506539354,5.461030321346905,0
18.038,2.9464369818291134,0.0659393773194056,0.2330841611864854,43.030589489946266,15.620150793059928,0
26.903,3.3287342099284394,0.04230298111536253,0.46796101366924364,28.203457257130648,49.10957293831652,0
11.723,2.5434113791605633,0.039642338837840116,0.5087319090627584,88.70864242651173,1.1417983454073632,0
95.308,4.567551389081583,0.13821321817536114,0.5674150273920894,87.47016726841994,22.123869644606398,0
17.059,2.8936441754702065,0.04621788189207146,0.591093352265254,13.882717264941014,69.46409588937279,1
17.059,2.8936441754702065,0.02587447957463792,0.7239504656664806,15.041689110352818,37.54689284665004,1
226.0,5.424950017481403,0.13566969041819174,0.5935288698238788,4.814283597835345,16.54997746636556,1
26.903,3.3287342099284394,0.02764383990276969,0.5728039861329786,11.706701642760587,43.92106012497173,1
95.308,4.567551389081583,0.09944020901211002,0.6682533713581879,87.91183075621647,37.345794513270526,0
11.723,2.5434113791605633,0.05922687778656859,0.6397498950302142,66.35017691080559,5.166872165796111,0
17.059,2.8936441754702065,-0.0057331447931329126,0.6339782520810877,62.013259780153675,25.327238352271507,0
338.0,5.82600010738045,0.41572741764323545,0.45201390829956295,77.2921481876115,76.62454727603789,0
13.813,2.695505173599915,-0.0038916505606352812,0.43095398561384557,50.5888678884466,53.802270536390296,0
18.254,2.9577188313557747,-0.020874986207870656,0.5423054315693331,82.75378955668742,2.2564511705347234,0
21.118,3.0963917566531682,0.013446222609595446,0.5490755829316686,95.55236959549347,7.928028463119174,0
21.118,3.0963917566531682,0.017917840979733923,0.5765803067676855,89.8030548949987,14.346945701802005,0
6.774,2.0507848324300313,0.044966273787806633,0.4875366008385225,6.355835028602364,95.04591705752958,1
81.0,4.406719247264253,0.06387125423484691,0.3401295932976863,8.860471396967906,99.87929358156545,1
226.0,5.424950017481403,0.28794410016993033,0.5804583828271365,45.923987759695805,35.23270542525393,1
6.774,2.0507848324300313,0.01716102161283608,0.6486786669389999,61.18528947223795,19.010764978372762,0
338.0,5.82600010738045,0.2903923182091515,0.41733256399390567,7.177580622651303,99.02851705849413,1
5.076,1.8043465847335263,-0.0679349046690015,0.4257553173663949,4.010919141248248,29.582409749653603,1
18.254,2.9577188313557747,0.11688085331836384,0.5385174885987084,51.84080219452041,13.812529314024724,0
479.0,6.173786103901937,0.4999038283496124,0.36126112764210894,49.23254800011819,47.16263651952617,0
9.838,2.3830584771439223,0.019370253676158397,0.45693357427064857,38.06232934765801,73.08703457761604,0
95.308,4.567551389081583,0.08524862259324537,0.5941520626811712,21.494037859075675,31.38780765150273,1
338.0,5.82600010738045,0.34231991577320364,0.37138363556791754,24.193168031552958,37.09737125921691,1
948.0,6.855408798609928,0.9358077704353036,0.5118571703225419,10.410858198457385,5.024300982298213,1
95.308,4.567551389081583,0.08149193440799075,0.6586701511312878,77.95844735667534,87.9330215678474,0
18.254,2.9577188313557747,-0.01375244786880999,0.7286775771673855,96.78600348450304,42.746652816668906,0
226.0,5.424950017481403,0.2600743807736583,0.5159740970435138,27.690448737780894,68.3870124909032,1
948.0,6.855408798609928,0.9668921958933141,0.3512709438343052,65.27461078518748,43.81786132483445,0
5.076,1.8043465847335263,0.0997706351788161,0.45324861713521486,44.53052550026655,1.289746978952544,0
52.0,3.970291913552122,0.07845179321133455,0.4858596393852649,21.906880910185777,51.801043137609796,0
18.038,2.9464369818291134,-0.03335050224905485,0.40124259230893317,70.64757264869012,76.8581330913202,0
13.549,2.677522262733252,0.005693451128839863,0.5863342888745547,18.610141784627732,98.88405413036631,1
18.038,2.9464369818291134,-0.013048336825773867,0.568085784416202,14.249554290151323,4.013885908536652,1
338.0,5.82600010738045,0.36202059436913636,0.41792123166762635,31.562734376335,54.480108527609836,1
26.903,3.3287342099284394,0.05490009294281377,0.37199007889413327,5.630327568183735,95.98628027134552,1
52.0,3.970291913552122,-0.00015129218846449133,0.5775237898736676,89.00970351838083,3.4431308573314556,0
6.774,2.0507848324300313,0.07188731928299742,0.3894455958270954,35.84657285442726,3.892996332566745,0
338.0,5.82600010738045,0.2703627211461094,0.5478212509442384,97.60138232792136,81.16270144448535,0
95.308,4.567551389081583,0.07833747987610423,0.6102698169581137,76.71882889311269,30.328589084928293,0
10.198,2.4157351909267017,0.00031262991105257716,0.7001343791259036,81.7443561738441,56.57815548409963,0
338.0,5.82600010738045,0.3283254449194755,0.5754848576798745,49.38140404569287,44.3439102836044,1
226.0,5.424950017481403,0.19984315610758802,0.5271306667223649,16.577454016327575,73.94692332387272,1
479.0,6.173786103901937,0.44251751101451353,0.558263692051626,98.07393435834294,33.27294765103791,0
19.755,3.032787181505002,-0.09519913080720084,0.3268754922830688,11.816482762165625,29.238311041219312,0
18.254,2.9577188313557747,0.07759102359405318,0.44550319874171823,68.02277792083532,23.906638407502967,0
18.254,2.9577188313557747,0.014479401808850004,0.2514284622301543,17.483862726041256,87.9601496711762,0
13.813,2.695505173599915,0.018609448535979015,0.5876786077756152,92.95291442478259,65.90454101322324,0
9.838,2.3830584771439223,0.01584528079525223,0.40265022192902633,3.6160380524762115,79.75140452964858,1
13.813,2.695505173599915,-0.035124154388763984,0.5816873601190442,57.161268946989985,70.51391455705634,0
52.0,3.970291913552122,0.05319214583975953,0.19197701770161674,30.63134987782127,30.096631963162167,0
19.755,3.032787181505002,-0.0026398936062001117,0.7877909500814312,97.58520794625346,70.11395944174737,0
11.723,2.5434113791605633,0.0779376756248554,0.4530984245520086,16.080805141749867,71.845394732255,0
18.038,2.9464369818291134,-0.03133899186179883,0.17569515501088417,3.3203108791366565,97.91515551006155,1
226.0,5.424950017481403,0.18322495532948038,0.5980218472927611,65.09734671509541,41.35165302899592,0
16.067,2.83714677443662,0.05125884044619411,0.5821608468106341,46.99882681579366,10.431308735188216,0
226.0,5.424950017481403,0.3093768028314702,0.503018169437129,15.210428322227287,38.680724205188,1
948.0,6.855408798609928,1.0028944615036361,0.5274519392467223,17.85446620543336,55.11599619163721,1
5.076,1.8043465847335263,0.012186120568064802,0.4601119888706672,11.191961939772789,75.34721106595967,0
13.549,2.677522262733252,0.009678710514926699,0.330704822843119,29.754845131882057,54.89096316400717,0
34.042,3.5565473420648956,0.029890462406429716,0.431145249023165,70.46807627366466,4.157895984659376,0
34.042,3.5565473420648956,0.030420272626695093,0.6706665171002993,48.88465802569202,58.55876838726125,0
11.723,2.5434113791605633,0.07200865045377373,0.6557018790973943,89.72157579533267,38.05177098698945,0
21.118,3.0963917566531682,0.0725894013484976,0.44865427348262765,47.9181877629731,16.266081510548513,0
17.059,2.8936441754702065,0.039586598500028033,0.7279928008871449,62.75580800840635,41.9271661166022,0
10.198,2.4157351909267017,-0.03819099334341243,0.566053099081687,43.61265291353167,34.50837455132337,0
10.501,2.4424339881104444,-0.07050142359250805,0.4312962225478165,64.99639307777652,60.363720055937506,0
95.308,4.567551389081583,0.05499144269774675,0.6316739046858688,24.640203323910683,43.38439228552442,1
18.038,2.9464369818291134,0.08793074395814879,0.5292432638618281,1.1620539908100636,61.93899693665019,1
5.076,1.8043465847335263,0.020110416950133422,0.5646514538195115,84.41704489691972,63.239625646550856,0
17.059,2.8936441754702065,0.006190201719231906,0.5578566260797179,78.3653012741143,21.491263703639586,0
95.308,4.567551389081583,0.024803477973201635,0.7618788455409704,59.023066686908706,34.395768655768556,0
17.059,2.8936441754702065,-0.09304528648469097,0.2889059834761396,24.014561877819308,93.90684794502916,0
5.076,1.8043465847335263,-0.04676479120425915,0.6899495401934432,21.066218900566657,34.27309254279072,1
16.067,2.83714677443662,0.11182481774147059,0.2326827377022757,80.69654908839937,38.50580557189617,0
18.254,2.9577188313557747,-0.004977933402653206,0.6238885374545979,1.9192276823056686,42.967336335514794,1
13.813,2.695505173599915,0.01352729352341247,0.5104556404143921,41.03968269896615,37.31226184223836,0
34.042,3.5565473420648956,0.012361276685602718,0.3008301989780854,67.65133857772466,5.688139777764656,0
948.0,6.855408798609928,1.020140733342431,0.2562318111676213,19.068772066366655,9.37765262570165,1
26.903,3.3287342099284394,0.03213353519835794,0.37965922490982196,75.33781852589416,24.153684170168177,0
226.0,5.424950017481403,0.17392606442398229,0.2705376567493863,93.68224620330918,7.053563759295656,0
81.0,4.406719247264253,0.15035237177432903,0.5356597591858979,40.71064891256276,15.452082999051896,0
226.0,5.424950017481403,0.28377643235463,0.33988491005592514,29.221823046189776,60.025141009958304,1
479.0,6.173786103901937,0.5380732276818014,0.6685140930643643,79.0509794274885,6.875390642248746,0
34.042,3.5565473420648956,0.004094388684090448,0.3312203258393415,80.78459419412586,65.8102218056492,0
479.0,6.173786103901937,0.47841407685212173,0.4956775097617065,53.33866287653626,8.322306620807229,0
10.501,2.4424339881104444,-0.061114881180142626,0.44491444988010714,12.706051265188478,27.109625376406576,0
17.059,2.8936441754702065,0.032314469581194646,0.6069899376194814,12.804583895777244,26.951186229227265,1
52.0,3.970291913552122,0.07408201895702994,0.4170960569324754,95.05310525862035,8.496628988946641,0
21.118,3.0963917566531682,0.06480910270615627,0.3959293373147266,73.68737449441821,59.856299321776,0
18.038,2.9464369818291134,0.054358994165997626,0.4132681852670369,77.65968527917417,41.13039720662313,0
338.0,5.82600010738045,0.2521273572920949,0.3757729154189738,28.74095964655797,70.40314525916568,1
26.903,3.3287342099284394,0.014373415033276592,0.6491448240031434,54.95288823237355,67.69407829968374,0
17.059,2.8936441754702065,-0.04655230713524561,0.49283011244228153,76.89874151805105,0.8363681876857099,0
95.308,4.567551389081583,0.11642818579540358,0.8278595925083861,99.79341105333374,38.46110759787682,0
21.118,3.0963917566531682,-0.00929364389974514,0.3897993359484711,80.03565078223616,95.97910204048502,0
52.0,3.970291913552122,0.07783576381813848,0.36107551047751874,71.40326444668564,44.907851413487585,0
34.042,3.5565473420648956,-0.07032593551016496,0.45744399074529024,68.32480282896458,46.6181591127557,0
13.265,2.6578089846654636,-0.05541555607916523,0.043301519113525755,11.98653673336828,0.1473822086311416,0
21.118,3.0963917566531682,0.05340726518159912,0.4254024280463496,49.67668588591694,76.36922693503206,0
479.0,6.173786103901937,0.5093445903745565,0.3980141154879753,55.77088262500439,41.93346804192883,0
13.549,2.677522262733252,0.03229921763971767,0.4708262772702836,24.069271183250496,94.50240645805688,0
479.0,6.173786103901937,0.490107560560193,0.48856414740191034,56.93773611822828,50.19454051318417,0
18.254,2.9577188313557747,0.016938542756880275,0.7524971863891294,25.98132087450342,74.98599312882688,0
338.0,5.82600010738045,0.41303343844308954,0.3476627930524182,63.27118787486009,52.6094013251542,0
17.059,2.8936441754702065,0.02998605615937648,0.5249739690672687,13.401522845064074,74.99777984520708,0
18.254,2.9577188313557747,0.011308099573065469,0.4926851522235327,9.808258078424458,51.80774980403447,1
18.038,2.9464369818291134,0.021398642174692523,0.5687583514935602,7.857849715502074,67.38388982700046,1
479.0,6.173786103901937,0.45980184299676496,0.5630402793584842,87.7090581018189,20.399460360938736,0
17.059,2.8936441754702065,-0.014808622011006852,0.5899176029482556,51.39894891598108,24.150062799283344,0
19.755,3.032787181505002,0.027748908289824563,0.38138436213719695,65.8693631618945,82.29838050417675,0
6.774,2.0507848324300313,-0.072599757866017,0.47792907427788395,71.3244787222995,89.40943025332507,0
13.549,2.677522262733252,-0.015012502347355478,0.340147595327065,20.24805601652374,77.55052967189994,0
52.0,3.970291913552122,-0.023604892730068175,0.7973705675253391,59.36607912085384,24.974417922935523,0
95.308,4.567551389081583,0.10200450435124521,0.3004660616537993,61.69269183757422,23.38128330930641,0
18.038,2.9464369818291134,0.08176466560420356,0.44282934549898717,56.75408482615582,67.64837495206044,0
338.0,5.82600010738045,0.28581002382244297,0.33358166668306705,80.71555373648826,69.29202292247886,0
16.067,2.83714677443662,0.042737655087854286,0.5981582201091145,22.538126800676583,83.43247957493986,1
13.813,2.695505173599915,-0.02073335276383043,0.7290218995365898,58.123822142261226,96.09201469288247,0
52.0,3.970291913552122,0.050741165276174345,0.6864240339990242,30.93727178627821,57.090705375214476,0
19.755,3.032787181505002,0.020897600672167393,0.26212315394212293,37.46126146264712,8.114917853623915,0
5.076,1.8043465847335263,0.023686108592716117,0.23828594185920476,57.86754085723934,27.19545593981987,0
16.067,2.83714677443662,0.011239826187847397,0.1485441347522239,45.966487040266124,94.29827840711357,0
13.549,2.677522262733252,0.059195112242428315,0.6194510029623248,18.447625313363936,5.383052490845907,1
95.308,4.567551389081583,0.06297133990798333,0.36460184600182705,49.51465270139743,72.8370854339646,0
52.0,3.970291913552122,0.02076981815974282,0.6468889616430444,41.89477901874754,75.7776560375158,0
18.038,2.9464369818291134,0.016789303409880295,0.5236451837661416,45.52201490818012,46.7681212484877,0
338.0,5.82600010738045,0.29980119393393645,0.5236019851509617,16.69530887471987,73.64731746190728,1
338.0,5.82600010738045,0.39276843113329496,0.5270457577006255,31.334791758514314,39.44793908388575,1
52.0,3.970291913552122,0.04745184448518016,0.5875755622308588,61.70665161178013,76.87471313625129,0
26.903,3.3287342099284394,0.0018754400227528507,0.6652606792679313,90.6354385094736,24.535231416621105,0
10.198,2.4157351909267017,-0.03183706024464379,0.2022968087831135,40.941165219124045,77.52440518349492,0
95.308,4.567551389081583,0.11956260381202,0.5374414187314568,13.008624013063198,5.0573103824228856,1
21.118,3.0963917566531682,-0.00514689314991253,0.6775323653872407,54.00119146045106,9.800768478074106,0
6.774,2.0507848324300313,-0.10438536091407333,0.8551121546040682,9.767211400638388,49.88956645359419,1
95.308,4.567551389081583,0.07598562028596086,0.7496962732949413,3.1183135061284672,69.10558127392618,1
338.0,5.82600010738045,0.36591822983277394,0.5281912664649134,40.510269452756646,69.29089110247676,0
95.308,4.567551389081583,-0.012041696471892765,0.5273147368723793,7.513778173580876,53.14549141893053,1
21.118,3.0963917566531682,-0.06108527255231554,0.6360180909398598,22.807977194893247,64.39565794476135,1
52.0,3.970291913552122,0.11116202501571948,0.5407525376750046,29.348882320812166,83.74725196187745,0
6.774,2.0507848324300313,-0.02093984727438164,0.3063586670760164,44.01524937396013,0.9038469079292177,0
21.118,3.0963917566531682,0.042416625939002944,0.7122260994238332,12.188609333694755,97.09402496046185,1
11.723,2.5434113791605633,0.023318120021244143,0.6277386568839796,59.08929431882418,36.92807702155411,0
13.813,2.695505173599915,0.0567472968730247,0.5502581527868257,81.65994394715771,8.510348611978536,0
226.0,5.424950017481403,0.10441705981990096,0.432663741903049,35.77982653254418,46.50363342209099,0
479.0,6.173786103901937,0.4778023182801213,0.593838695375984,76.45277946547176,98.81240759546354,0
81.0,4.406719247264253,0.1335914978763446,0.4513070488403088,40.75430310324308,8.257215803527718,0
13.813,2.695505173599915,0.07895910763355671,0.7584612076469375,10.717201133977605,36.04268271414861,1
9.838,2.3830584771439223,-0.03268578181691945,0.5774595001679869,93.69578230310628,7.273494777866841,0
17.059,2.8936441754702065,-0.08631912992460153,0.6215040857759174,25.824438829895836,82.18309465853592,0
16.067,2.83714677443662,-0.013628404492431054,0.6974011129577747,14.08029488926761,64.6407375228089,1
17.804,2.934069613161884,-0.023330280750414996,0.7903791538520907,93.38750175279048,44.30337063376194,0
10.198,2.4157351909267017,-0.050098787044932494,0.5135464698809652,83.02198645669915,4.961437333883745,0
13.549,2.677522262733252,0.05136824854458536,0.5633487196174812,50.83605469162799,83.64421924698698,0
13.813,2.695505173599915,0.04203948070545081,0.2915329785210996,69.39484444671,45.958405721362304,0
13.265,2.6578089846654636,-0.03432996472489599,0.8553930951217246,72.82163486118596,95.22217856975946,0
5.076,1.8043465847335263,0.05649086177564147,0.5876934428730112,7.219840897917584,40.659053735947225,1
18.254,2.9577188313557747,0.026622779563894732,0.4825142980320007,99.66968538529768,73.46083007105351,0
226.0,5.424950017481403,0.15059663750734661,0.4390834464464895,49.421244725029986,22.6978539471521,0
6.774,2.0507848324300313,0.021574440192641445,0.4057775900366536,27.134903177389592,39.245818622948,0
13.813,2.695505173599915,0.04727687274621889,0.2282015993656919,59.53850173200438,79.25948132091347,0
13.549,2.677522262733252,-0.026249297666002286,0.43938570322514003,99.63343376272474,35.719233399304485,0
338.0,5.82600010738045,0.3927592870233629,0.4037267894083488,26.75926767279715,95.46663568790689,1
95.308,4.567551389081583,0.1596292983979899,0.7228216053908825,62.58913764370091,80.57145256682179,0
52.0,3.970291913552122,0.05641433123212414,0.4756906846944764,70.22587660316643,83.41641082084413,0
13.549,2.677522262733252,-0.007886039415816115,0.5810026702584711,49.82556822634536,99.5734452051323,0
13.549,2.677522262733252,0.07767515818023348,0.6408454203057188,15.890816766935355,0.6982261880348117,1
95.308,4.567551389081583,0.0020636730268456943,0.700788820744341,29.630812045599008,6.845045256601678,1
6.774,2.0507848324300313,0.01213238776261028,0.4913903804319809,89.48273504276489,11.850262359815156,0
13.549,2.677522262733252,0.015715912029128958,0.4803332991979276,72.2070938202737,44.06648834242935,0
17.059,2.8936441754702065,0.04816528997596004,0.3948065643812675,16.26169393448913,46.63097561401701,0
13.813,2.695505173599915,0.008341032532816015,0.5901099522718387,62.770805307141785,79.82931972091866,0
18.254,2.9577188313557747,-0.010157831051511707,0.4027296199971294,64.08263146902063,74.22713922522868,0
18.254,2.9577188313557747,0.05546457313004443,0.3520011458413834,45.43773345599609,8.778823705815997,0
18.254,2.9577188313557747,-0.032316279563477046,0.33152074236869333,12.138493942242889,59.92992870063887,0
5.076,1.8043465847335263,-0.04645839040065658,0.6899991879797618,73.15895217553319,1.3682414760681105,0
16.067,2.83714677443662,-0.0072524787633431245,0.6950938101583938,4.389994264300512,71.03515007123322,1
18.038,2.9464369818291134,0.016268458168517123,0.576590103561547,39.24935564066848,42.7486454090268,0
52.0,3.970291913552122,0.022147012756341157,0.5078559153091353,14.002409755331769,32.78839940182585,0
13.813,2.695505173599915,0.06323643386233017,0.5617348578746423,84.64522917345182,80.38048904834751,0
338.0,5.82600010738045,0.34127104331380076,0.45468544384630916,5.4332034822903825,22.43829797997955,1
21.118,3.0963917566531682,0.07526008872070786,0.24690813805382472,76.48832615421283,34.54808537234457,0
479.0,6.173786103901937,0.5025281675167244,0.4922067843648833,86.35475225145451,29.08768542315825,0
95.308,4.567551389081583,0.15537909411024367,0.4515248501446273,46.74015112498697,10.587431821312931,0
16.067,2.83714677443662,-0.004859033372646499,0.6419927462495655,6.569485895436578,18.176359776119423,1
34.042,3.5565473420648956,0.0031982988386279262,0.4669151089599029,32.70331615632387,50.593165431955846,0
11.69,2.540814281726296,-0.02841957042568742,0.47029103551716406,4.15728590503921,19.624571670616564,1
9.838,2.3830584771439223,0.051378321706658535,0.5121937137563721,8.912443211601662,72.86562842366027,1
34.042,3.5565473420648956,-0.038804045287788885,0.6039222815451384,94.46142194740233,64.09655280987577,0
34.042,3.5565473420648956,0.016544362829980296,0.5370359095124918,66.75933855635847,16.19230066322137,0
95.308,4.567551389081583,0.15287313333191355,0.35445930111376417,74.35082562916078,8.412766225938284,0
10.198,2.4157351909267017,-0.03450134317482745,0.36372462327317134,38.929561404197656,75.70481146986255,0
52.0,3.970291913552122,0.08070546807021578,0.3216588322919977,87.3698593466345,9.957971354002893,0
26.903,3.3287342099284394,0.02261674642278364,0.5044694247682137,75.08710677914974,88.16906118435081,0
17.059,2.8936441754702065,0.037455990166664725,0.8476455183010818,63.34008543167258,26.406198469371876,0
10.198,2.4157351909267017,-0.07434906302884091,0.3229652398699445,87.38900775625153,9.236052811137851,0
13.813,2.695505173599915,-0.02378788050928979,0.5490608562316768,6.337497047276774,92.13075122129754,1
26.903,3.3287342099284394,0.040410800618439734,0.5458498352963894,76.15106317174723,16.036540611974313,0
10.501,2.4424339881104444,-0.028741508230979144,0.37091518942791696,82.26005606596583,61.00074170794857,0
13.265,2.6578089846654636,0.05229002019565035,0.5533007293385205,3.6886947354532795,37.09410081577652,1
52.0,3.970291913552122,0.029485067493678394,0.5662640974474219,72.39730554660937,1.6028156455123121,0
13.549,2.677522262733252,0.019949935827906648,0.6727498374571214,0.9331619827093296,70.93888218243862,1
95.308,4.567551389081583,0.13918568231759973,0.5223170952210958,81.79670241190622,10.024556372287662,0
,,,0.5539521271529482,73.1993941811405,84.36496640518237,0
17.059,2.8936441754702065,0.09441315648911076,0.7087881331519879,14.707348092903793,7.697166938087408,1
226.0,5.424950017481403,0.2343990884216856,0.563187106803647,16.5954895295785,96.58323197183326,1
19.755,3.032787181505002,0.04448701988994366,0.5325811906292601,9.783416065100148,24.83762603698002,1
5.076,1.8043465847335263,0.015602555159834762,0.6768265166038465,24.723107440317705,35.659617598620564,1
10.198,2.4157351909267017,0.03776044567386064,0.5653319478488545,2.24693083201174,94.71614629002478,1
10.501,2.4424339881104444,-0.029048669428631553,0.272925424813272,74.07686177542044,73.78849848346061,0
19.755,3.032787181505002,0.021575796231341992,0.7519621073332294,84.48753109694546,64.93223245768817,0
21.118,3.0963917566531682,-0.033451170124510016,0.4742756599417641,6.76125635922149,55.78736756600732,1
10.501,2.4424339881104444,0.0031779827667713645,0.23290614906387663,81.01133946791808,20.53329387067998,0
13.813,2.695505173599915,-0.07648269249916298,0.6087621566671262,28.863055324025577,80.28109348245005,0
13.549,2.677522262733252,-0.057413157371341686,0.3460061775673732,75.93982624179637,41.73947823291479,0
10.501,2.4424339881104444,-0.08980160797777495,0.3632574046769146,1.5456616528867428,33.2456157148712,1
13.549,2.677522262733252,0.06522329582957395,0.5600962457509755,99.18099513493634,67.10129805329098,0
17.059,2.8936441754702065,0.1718187824710905,0.34114443169818537,7.379656473539886,14.284196481433186,1
13.549,2.677522262733252,0.018481853237588858,0.5021430817825984,33.42383186960608,34.50168399245661,0
21.118,3.0963917566531682,0.031969570954056024,0.42288667934481533,95.76252845053801,24.58474424934003,0
21.118,3.0963917566531682,0.04399994970553929,0.5281189073133367,72.43388171287411,39.77934409290982,0
34.042,3.5565473420648956,-0.025512554597934577,0.6089767433504091,86.81422543775054,80.99244203028994,0
226.0,5.424950017481403,0.26453738372338736,0.36497596581895053,72.28143032084837,54.45553246546755,0
9.838,2.3830584771439223,0.05308680184739532,0.4269985515677605,44.72025405048357,99.25146201619714,0
21.118,3.0963917566531682,0.06411062210371359,0.319412952655043,65.08773690471942,18.527685033354004,0
10.501,2.4424339881104444,0.04293156607949926,0.654377065419195,29.444889206958567,63.22821536376399,0
26.903,3.3287342099284394,0.06096530510693726,0.3441169754013851,57.34378881232861,95.2815017002506,0
17.059,2.8936441754702065,-0.052027772197085126,0.45507274436787837,35.81627180328405,78.19599771579591,0
95.308,4.567551389081583,-0.03652708406872823,0.5852966924019156,62.091551776747714,27.52391810370083,0
226.0,5.424950017481403,0.17087864185684593,0.6803373505041757,52.33909113743665,28.89685249210585,0
19.755,3.032787181505002,0.04968482535965342,0.4531892101920901,43.89714207056361,25.310153917960875,0
10.198,2.4157351909267017,0.07891487414899287,0.6746617610802905,39.71835296184548,72.4598286847629,0
95.308,4.567551389081583,0.06984823940341747,0.6247248300397493,49.58757350787708,3.926941424165231,1
338.0,5.82600010738045,0.3588173492082748,0.5174762078713806,96.34992408875883,70.15652656029422,0
6.774,2.0507848324300313,0.050946498401711275,0.45752721726801865,18.34045098534338,43.699588566562085,0
226.0,5.424950017481403,0.23516270062799843,0.34920273110041467,75.3961903596784,76.97466228570872,0
13.813,2.695505173599915,0.04052325867283224,0.20968550604292907,18.123306616566015,28.651954892712293,0
479.0,6.173786103901937,0.5240403381374007,0.21901398322712723,55.37114853580112,5.8457987236877,0
95.308,4.567551389081583,0.1374136996440371,0.6389386236626589,77.09122037458219,11.98910934727121,0
21.118,3.0963917566531682,-0.01960160889360762,0.6018940729973524,66.94869551981901,94.59708898455993,0
52.0,3.970291913552122,0.0033983322974082547,0.46989721724370054,66.85726467229141,91.28008004078617,0
226.0,5.424950017481403,0.2572670820122348,0.3660840039085774,58.280683508348964,43.53963233997514,0
19.755,3.032787181505002,0.08486362793765671,0.43528165331601726,54.56167893159349,58.4448909757426,0
338.0,5.82600010738045,0.38121025001593667,0.39470640525573175,95.0772707731338,31.56332153671523,0
11.723,2.5434113791605633,-0.04649510247727606,0.6296104973208421,92.46936182785628,34.53419522448878,0
95.308,4.567551389081583,0.07257339760953387,0.5653921444573209,49.549131620619846,49.281958453282456,1
18.254,2.9577188313557747,-0.04402793626037245,0.454659591187621,69.50352288585532,48.8177675310814,0
95.308,4.567551389081583,0.15973719994026037,0.5574382565085895,4.5742033812512854,70.94388646339748,1
338.0,5.82600010738045,0.3297949304796628,0.559999482941541,31.758679526111667,26.084924596208893,1
479.0,6.173786103901937,0.632766981476741,0.5185860224781607,35.87155254170135,76.1889894377484,0
95.308,4.567551389081583,0.02448143719747968,0.6323595634684971,95.56514982297534,43.13017063410146,0
11.723,2.5434113791605633,-0.036873699362876065,0.386049047337117,55.52008115994623,72.70567616153902,0
17.059,2.8936441754702065,0.006091598114016116,0.36123730692820477,74.82596903836584,24.90087361090899,0
18.254,2.9577188313557747,0.0534012097696929,0.3368376986969498,13.710970572899905,57.21229637222063,0
95.308,4.567551389081583,0.050519313312575156,0.5875824533426002,53.99853797158555,23.147521376529813,0
18.254,2.9577188313557747,-0.03458407517621462,0.44134629997016356,7.208433599867337,41.06826330102828,1
226.0,5.424950017481403,0.26362987778884084,0.33186545393477607,56.53302545716099,16.88100057845642,0
17.059,2.8936441754702065,-0.01873590213648656,0.40432869607100963,87.35786241067773,32.529061836174776,0
226.0,5.424950017481403,0.1974255068552918,0.24428363836579337,46.39324866883362,85.39428821418528,0
95.308,4.567551389081583,0.03389466967159911,0.6084012237332448,36.09738969400268,73.30001072226231,1
10.198,2.4157351909267017,0.03452547026850499,0.6228148956273224,17.16792858483035,62.26895409497975,1
19.755,3.032787181505002,0.033294058584224184,0.6587255140736152,1.8221825651549728,63.024721945615795,1
18.254,2.9577188313557747,0.011762199535638866,0.6226200690047559,73.75083594590069,93.45438807155155,0
13.549,2.677522262733252,0.12156838007890346,0.4202882898292363,83.98022856356172,11.060359887316086,0
17.059,2.8936441754702065,0.021444254094968803,0.8898234350111873,34.56672833238632,26.463502692535734,0
13.813,2.695505173599915,-0.05447461390404473,0.42714818831374296,13.97723766262895,62.26305335986581,0
13.813,2.695505173599915,0.10379407335019258,0.8116666377797667,34.634599436596126,18.28377798688171,0
13.813,2.695505173599915,0.02135154975185523,0.8081290761884105,27.997909366028416,45.51719917336564,0
226.0,5.424950017481403,0.21508206370269264,0.42626833792896435,94.56981470002823,64.55343564105223,0
13.265,2.6578089846654636,0.022378638470251296,0.35415526328977476,51.87906217433661,66.30471918034225,0
13.813,2.695505173599915,0.005259097343499294,0.39801671903957203,3.66832028905979,99.76282974021565,1
19.755,3.032787181505002,0.10045014901846454,0.38365900930964136,4.600264202175275,9.13914863317764,1
13.549,2.677522262733252,0.05009413785209956,0.682467108091562,0.32182636042786816,24.99728908688297,1
16.067,2.83714677443662,0.04433379934389382,0.7702292611748278,50.06035711547076,4.930898710982468,0
95.308,4.567551389081583,0.03132904780352354,0.6210014603246544,15.389590633985506,62.982065443470766,1
9.838,2.3830584771439223,0.05372607243274627,0.5182191596299319,79.00304363070614,80.41655649838842,0
479.0,6.173786103901937,0.46936421924425153,0.2598228201782641,82.7518922106303,34.30267125900244,0
13.813,2.695505173599915,0.03456711416727659,0.4914408062853266,76.02278598896865,42.33351441531975,0
95.308,4.567551389081583,0.08317258218124407,0.38194455816000517,31.529033783061035,82.06961607667793,1
21.118,3.0963917566531682,0.014885886456069048,0.6346483657474615,17.530294235765965,35.81397165291445,1
21.118,3.0963917566531682,0.04914130730556855,0.6169742961132574,27.416066655980586,48.329428496632524,0
18.254,2.9577188313557747,0.06744277840248725,0.45501837882550816,63.66696821672073,89.73857174637149,0
338.0,5.82600010738045,0.41472276519695117,0.3083845094231986,29.95656779538739,33.4878290136985,1
338.0,5.82600010738045,0.415161490063567,0.6030161105755032,51.58619027123281,97.64565294354102,0
95.308,4.567551389081583,0.047868924749020283,0.6416577834253084,22.38176148226231,53.12940183509319,1
8.209,2.22018126673923,0.001573870392769551,0.7153356489745435,37.48705795237041,70.21460961818295,0
18.038,2.9464369818291134,0.00270675139461592,0.6387922839075247,94.36159201675989,76.01609297901591,0
9.838,2.3830584771439223,-0.056461723224386674,0.5198896508039151,13.252467274184843,13.521731371285473,0
16.067,2.83714677443662,0.01864404381854641,0.5340397915700372,81.11237699334708,8.14472128911592,0
226.0,5.424950017481403,0.23705257885550182,0.5667452473064264,68.63271966860974,84.50396488966425,0
95.308,4.567551389081583,-0.009289197252855791,0.6172245859190948,99.49078226464353,22.044600424541894,0
18.254,2.9577188313557747,0.07128269288377778,0.4604864547320744,5.778056099636664,61.01079220362347,1
19.755,3.032787181505002,-0.031489405148804876,0.860725631338096,47.41738290873252,1.3745554011345251,0
338.0,5.82600010738045,0.3677691154580707,0.37787701151035946,28.10044989087136,1.4196634471723701,1
9.838,2.3830584771439223,0.012833110081101506,0.5888170850427378,20.85105143573358,97.82206685265584,1
479.0,6.173786103901937,0.5137565775341291,0.5340543290583418,28.57835555258702,30.49031243850635,1
21.118,3.0963917566531682,0.10491837964607088,0.6903883507847931,59.4476335186173,60.43593197147711,0
34.042,3.5565473420648956,0.07192129127015007,0.6785712477790223,49.71747640084273,18.993613645756092,0
52.0,3.970291913552122,0.062159420567399405,0.34702979994581096,12.102500048519305,48.20173397769325,0
13.813,2.695505173599915,0.019913817153917643,0.5870851530553423,59.127543574492925,64.47452485768186,0
95.308,4.567551389081583,0.13341242614226395,0.5319236598004953,11.047411313139467,97.11509073682858,1
10.501,2.4424339881104444,-0.03174316010474188,0.42740998325731505,51.13423988609378,28.746166489725013,0
226.0,5.424950017481403,0.14666132546720387,0.3027682003393382,2.716742122555982,88.74689402128824,1
948.0,6.855408798609928,1.1000757707487059,0.4874325350166403,55.96403313082179,76.05756424552823,0
6.774,2.0507848324300313,0.0910068944324241,0.71546442793383,63.64104112637804,33.15646990671938,0
13.549,2.677522262733252,0.06221794914846265,0.7408516937123681,32.69316163380791,1.071529769535895,0
6.774,2.0507848324300313,-0.06048739442988649,0.3837555763904023,75.55511385430486,50.69204379618346,0
13.549,2.677522262733252,0.017502432468207617,0.5469233355150269,48.29688720853552,75.45693612057366,0
16.067,2.83714677443662,0.014066932567430187,0.41488290781574727,24.189329411288917,11.239702717601297,0
13.549,2.677522262733252,-0.05702377203094357,0.3266438637624627,58.24226582072465,6.2431327277780335,0
338.0,5.82600010738045,0.48950964467764424,0.425502342180763,40.28732826326371,16.144768603292103,0
16.067,2.83714677443662,-0.02182179504227669,0.5468093197590107,44.767342541041835,86.799959189509,0
52.0,3.970291913552122,0.12475591805150317,0.5607553078783569,7.171188884765101,38.797275439788635,1
226.0,5.424950017481403,0.2728062963105432,0.46226721497237955,10.547369995663058,63.56453219526132,1
226.0,5.424950017481403,0.27240992046315643,0.4681633535240104,47.128716739816454,36.32553516758102,0
21.118,3.0963917566531682,-0.022434403167041355,0.6246816654799634,81.29857387160935,80.30118815263205,0
226.0,5.424950017481403,0.17683644833697384,0.7271421103580725,87.2753839566128,32.784283788581824,0
13.813,2.695505173599915,-0.036943292347908954,0.5712887907075967,47.15761885501584,60.68469555401391,0
6.774,2.0507848324300313,0.049642006663027295,0.40564432081945834,0.5522117123602399,24.03989128935069,1
52.0,3.970291913552122,0.1615738570518135,0.4811380553756341,69.24928266692253,20.17949482524569,0
338.0,5.82600010738045,0.3458760338777852,0.5402619910541844,19.92152748940531,21.354285449034137,1
17.059,2.8936441754702065,-0.032748222373305366,0.6625374654664993,69.57486889846172,20.431638339897027,0
81.0,4.406719247264253,0.0819891299155456,0.6488942154469144,73.78695185615301,96.20584989413516,0
52.0,3.970291913552122,0.016478394308873885,0.6213887942184948,6.644384435577488,60.32130620995043,1
16.067,2.83714677443662,-0.015695961552296963,0.5434866761056494,19.583308413427,57.73534012196677,0
95.308,4.567551389081583,0.13493361005497606,0.20150805952683132,98.11861780274235,2.370775364451838,0
52.0,3.970291913552122,0.008591380180891929,0.715126555478049,38.45113276448126,19.755590567847825,0
18.254,2.9577188313557747,-0.02544476649206772,0.2280059791974262,20.56872621955551,26.91615709916292,0
226.0,5.424950017481403,0.12550574649104104,0.40594270779533886,84.99753714806619,15.577326058017016,0
479.0,6.173786103901937,0.46444224695598607,0.5752850350551008,72.21432354559059,69.71662542903503,0
26.903,3.3287342099284394,0.06530781293318166,0.4157104829213111,89.55232284962005,51.50056597097231,0
13.813,2.695505173599915,-0.02805591075892838,0.5912400749516284,53.34610919763215,25.646306101676597,0
13.549,2.677522262733252,-0.10079645205842032,0.46280686890081657,51.80787662388154,67.55867735674389,0
13.549,2.677522262733252,0.03949067122699823,0.467599786764033,48.75711936733843,49.295697165586006,0
52.0,3.970291913552122,0.07811608491856105,0.22125627676623388,33.88606493387516,48.34980851068038,0
6.774,2.0507848324300313,-0.04074040770861097,0.24234917774549058,42.75410183585496,49.75398521461022,0
5.076,1.8043465847335263,-0.006180531728077376,0.6572305951512913,99.63339160567419,6.9394085904183385,0
226.0,5.424950017481403,0.1530621233132372,0.3915247341755911,80.49067768414386,97.54103676847451,0
13.813,2.695505173599915,0.051002381119460344,0.4588034375950554,50.27203900924791,26.856216745364257,0
13.813,2.695505173599915,-0.0019834234102148046,0.24264375220428058,93.43670147690149,32.82331056783394,0
338.0,5.82600010738045,0.3390569510052819,0.2809546347186166,92.92280536318539,44.99436742688596,0
226.0,5.424950017481403,0.1680021083672153,0.5764270345894529,62.092856747843115,34.18490419172582,0
52.0,3.970291913552122,0.10842161052658314,0.5403276179601488,27.47315255195195,43.789988714291226,0
52.0,3.970291913552122,0.03757066011032256,0.629413188792903,43.042741032099016,61.71942271169667,0
226.0,5.424950017481403,0.2941298051552771,0.23473768615428914,16.223340578247935,54.66772648973117,1
13.265,2.6578089846654636,-0.07707643202109996,0.48234990467107197,5.147875124998935,98.48584027624759,1
21.118,3.0963917566531682,0.06393305802901178,0.4792497076975433,60.16118201463312,28.033475255141248,0
18.254,2.9577188313557747,-0.024964958643433732,0.583974267324209,68.81347060865421,56.459063893346354,0
18.254,2.9577188313557747,0.02241743726871419,0.5964283240944421,1.2120774643893273,19.86445768974058,1
18.254,2.9577188313557747,0.02585984136867058,0.5356463984449938,43.760312405539196,66.30272037231474,0
13.813,2.695505173599915,0.01370501766674628,0.3473622834179937,50.7610378684455,77.91025863957867,0
13.813,2.695505173599915,0.005790594895737187,0.49635702564949613,5.476163882203133,55.266226777674824,1
5.076,1.8043465847335263,-0.05627822736291074,0.6744501454557956,77.34731256866006,38.87263478765467,0
226.0,5.424950017481403,0.22524314044704993,0.5296513350431368,20.201566840248997,31.61013115469705,1
52.0,3.970291913552122,0.035140010512872126,0.6544406542129539,36.1919990837865,54.64070742121321,0
52.0,3.970291913552122,0.06683835840796558,0.6110188496157867,74.35939161765597,65.83074395060619,0
13.813,2.695505173599915,-0.002740645061420705,0.9236330639592805,5.182353682242691,15.369104284420454,1
479.0,6.173786103901937,0.5894191901796404,0.48976962045009964,88.0314762148927,97.90318407916673,0
10.198,2.4157351909267017,-0.00226940359149601,0.5062843881731415,48.743119824951364,61.146361122566084,0
11.69,2.540814281726296,-0.050172787263978225,0.6572175138903732,98.66301229588468,96.34799474743275,0
10.198,2.4157351909267017,0.024686039091348904,0.553858264022055,89.26717110769748,67.73931298888728,0
26.903,3.3287342099284394,0.0002566832305183134,0.5737990230254744,11.119748230615134,5.773215922511721,1
13.549,2.677522262733252,-0.017305442400603166,0.5457726253812459,65.64786073315027,24.853982092742598,0
226.0,5.424950017481403,0.2522980743405407,0.649275149773791,1.260751997575904,88.44787275967592,1
21.118,3.0963917566531682,-0.022422856838819654,0.4948153640234295,93.44360268055144,8.061540516960175,0
13.265,2.6578089846654636,0.09992990208571592,0.41005400077681947,18.651851039985424,51.38544642067677,0
13.813,2.695505173599915,0.04901354424465461,0.32391900105409566,16.426579793099293,6.239406859827723,0
13.549,2.677522262733252,-0.044196897635071807,0.37783957685102143,99.83475113929497,92.88079606878853,0
5.076,1.8043465847335263,-0.011811508144048619,0.301273132860089,8.011484638467515,4.499682123542437,1
6.774,2.0507848324300313,0.07562309542485887,0.278120597246335,19.967378215835975,97.73079079915037,0
13.549,2.677522262733252,-0.0030614450132565793,0.3268048491906734,74.57337827312321,29.827245423412275,0
13.549,2.677522262733252,0.005100725217221377,0.47246895169753017,76.1121537043158,46.089833820658185,0
18.254,2.9577188313557747,0.11266514515203843,0.37695073083012987,36.77593508772896,89.65746584690102,0
95.308,4.567551389081583,0.10851485257338307,0.41848693553352245,13.68186309189614,82.09810172991409,1
95.308,4.567551389081583,0.10029062070480035,0.6926157042768346,77.98453951511436,86.8409523946934,0
95.308,4.567551389081583,0.13482657484071683,0.353260152610064,53.949129237533725,47.73503981224013,0
13.549,2.677522262733252,0.04034960377805548,0.5500947724514286,3.3613600183282633,33.01559503156044,1
21.118,3.0963917566531682,0.023522161685757947,0.4323171759584185,41.10284698067047,59.94611396587166,0
226.0,5.424950017481403,0.3178543140378086,0.520897944609434,26.0286857566003,42.71050453603432,1
5.076,1.8043465847335263,-0.036455795312878056,0.5790472087045629,59.29508514349274,95.76316462725879,0
6.774,2.0507848324300313,0.041931231996838896,0.5021007451057071,49.51769101112702,92.6194068431782,0
226.0,5.424950017481403,0.2577058825894777,0.6611794685344896,10.063747852353334,44.485243282754084,1
13.549,2.677522262733252,0.023376627956218914,0.4866195053462498,41.10956026007065,29.806620117000413,0
52.0,3.970291913552122,0.07687764875724823,0.619775200686083,38.420671298580025,79.7998035219224,0
18.254,2.9577188313557747,0.05614684573469641,0.5694952265351346,43.2497878330132,16.14578340642401,0
21.118,3.0963917566531682,-0.013575776634060902,0.48037991094095667,83.98613028667204,90.24032761106747,0
17.059,2.8936441754702065,0.0014712543769934694,0.5161975881087844,69.03948286293652,3.897932066113041,0
95.308,4.567551389081583,0.15636154294585602,0.6197136572992342,8.104621590764793,27.199860534435604,1
6.774,2.0507848324300313,0.06990822051514445,0.509753694678317,59.24145688620425,16.16714362369619,0
26.903,3.3287342099284394,0.03299775052457375,0.7257593057912495,98.66395785011754,51.493334991325945,0
338.0,5.82600010738045,0.35504258096261515,0.5095312856841406,14.287596133941172,78.17798259287262,1
13.549,2.677522262733252,0.15327531503625683,0.6491621792311377,64.25651995351916,11.914067199604816,0
17.059,2.8936441754702065,0.09845179725086399,0.34554556405504094,18.81211597237613,72.3443662354912,0
18.038,2.9464369818291134,0.01246108592915205,0.488181739987955,6.420893707513409,79.38181039080396,1
18.038,2.9464369818291134,0.04520540178929512,0.5717210863333713,93.62122462436898,69.23543061544142,0
226.0,5.424950017481403,0.2503973494433783,0.713593076831175,76.60647765353026,96.72711903702977,0
5.076,1.8043465847335263,0.027952180111086817,0.5271880922517576,96.94123223352875,8.50563854892411,0
5.076,1.8043465847335263,0.00010040281992206891,0.26726938685478097,70.90605194509165,74.70782671290289,0
11.723,2.5434113791605633,-0.0648938641726156,0.6769982794534679,28.07723624408558,33.40499656687692,0
17.059,2.8936441754702065,0.06997885495719414,0.745581746705428,85.21815003185401,62.04737850519706,0
17.059,2.8936441754702065,-0.04562018609357081,0.47598047906030944,59.41307153521351,80.38145451934467,0
16.067,2.83714677443662,0.021896143856102782,0.3923220178468947,7.560504061675077,11.396588711924116,1
18.038,2.9464369818291134,0.03539792986416454,0.14527169408127316,21.31047040250833,39.191056294390904,0
95.308,4.567551389081583,0.16620534078515062,0.9047493253905632,48.0586577326648,34.580609841042495,1
13.813,2.695505173599915,0.007846310857091601,0.3481033337835366,93.83404568210378,73.74260857706773,0
13.813,2.695505173599915,0.019446680126333965,0.6159271757815585,87.72005408131082,85.25474212459704,0
479.0,6.173786103901937,0.5063489908571849,0.48540332739476133,48.889783179245136,66.13426789447244,0
6.774,2.0507848324300313,0.06462164098608698,0.753132208285519,4.522728891053807,4.491129899561585,1
13.813,2.695505173599915,-0.04717027853018198,0.4759160585747304,89.52068376871993,41.1191517994586,0
95.308,4.567551389081583,0.00256299678144592,0.8290174325432578,34.187216603868606,57.39498660690104,1
226.0,5.424950017481403,0.30578544297244425,0.22355946406284866,60.85272726964666,51.178045656948065,0
17.059,2.8936441754702065,0.006923640785212803,0.49546054136045214,18.188008439914483,59.53032659274891,0
18.038,2.9464369818291134,-0.01825101233040915,0.5228788824346425,54.12963353010704,62.53301699544539,0
5.076,1.8043465847335263,-0.028875798332536586,0.43981861901829833,13.087366071834982,24.029912345036674,0
479.0,6.173786103901937,0.4775614887043042,0.5854638379556268,90.00831830164807,97.66176373150091,0
226.0,5.424950017481403,0.26341227360997543,0.5403579039523561,86.0139693349435,39.33206703851887,0
21.118,3.0963917566531682,-0.006204512146482332,0.49034935289312503,99.12559937021884,20.229394915820365,0
10.198,2.4157351909267017,0.07041159876843217,0.23646969508977472,57.651647551425356,44.27981365437375,0
338.0,5.82600010738045,0.4216365886317762,0.2870850205182486,68.26172212234025,61.13416562477262,0
18.038,2.9464369818291134,0.08696685089365963,0.41025809987032286,61.665031452073805,73.79509473975922,0
10.198,2.4157351909267017,0.04556219157609204,0.6704287061963814,42.1424550592498,23.693332490664865,0
18.038,2.9464369818291134,0.16022390573561068,0.3671429300300465,49.888815345135605,88.99133763628625,0
226.0,5.424950017481403,0.3564158048276067,0.5955362118504478,24.189382825883897,85.45473932021804,1
338.0,5.82600010738045,0.38604126885638024,0.3339694562698915,65.16397604772766,34.7822347433046,0
13.549,2.677522262733252,-0.08308998988196169,0.5453484350522413,30.560421549021488,97.57788185489326,0
226.0,5.424950017481403,0.2592312628777629,0.311140263282771,91.07701616439152,73.12505893473751,0
226.0,5.424950017481403,0.20541873767769253,0.4689025855987633,74.31931987316034,43.03465323722004,0
95.308,4.567551389081583,0.0476479517482156,0.6153703668965049,67.80161525590636,40.0212275849672,0
226.0,5.424950017481403,0.2077542215968268,0.19027020834745378,4.202467517140529,66.33107095040019,1
13.813,2.695505173599915,0.06599377096211186,0.5598566210969789,32.235384497472296,59.284018050811014,0
479.0,6.173786103901937,0.5982955576243626,0.4235159070701551,5.764758219902488,88.43434279712875,1
95.308,4.567551389081583,0.0813073063546809,0.6497326483957595,92.43961953765304,93.8315728651316,0
13.813,2.695505173599915,-0.018396642353494422,0.3966332303417315,89.95745732745685,16.749108909410772,0
21.118,3.0963917566531682,-0.043791019981721524,0.3799114486477842,80.59925497751581,95.05328209544089,0
226.0,5.424950017481403,0.21465719301075117,0.3489207518709533,51.265475314505295,18.641980485397458,0
18.254,2.9577188313557747,-0.05899612217290191,0.5714645250075687,32.467592689006,40.03128361729941,0
17.059,2.8936441754702065,-0.03969885733717386,0.4250191354383722,86.60638895004084,38.94049389788753,0
6.774,2.0507848324300313,0.032841167663388425,0.6078752999533156,62.329812682755794,86.67703545060003,0
479.0,6.173786103901937,0.46345019484705446,0.46389135440164236,39.51377432643186,58.20701311242236,0
5.076,1.8043465847335263,0.00826730273899805,0.4951278446236858,33.94501925428061,60.59969672710255,0
52.0,3.970291913552122,0.03412333201612314,0.6942810609004466,49.35465803401187,5.274395216221739,0
10.198,2.4157351909267017,-0.027202486473091373,0.4599293771087368,55.204718085198024,23.44256000115147,0
5.076,1.8043465847335263,0.030855006260607012,0.35195858952476644,66.38045276218051,31.52394346494508,0
338.0,5.82600010738045,0.30625965217319207,0.31322741360598716,79.45155444907486,0.6183822640896675,0
95.308,4.567551389081583,0.10870010925313063,0.7061727472141339,69.60206180537922,63.54143568619099,0
13.265,2.6578089846654636,0.03248846594071192,0.5367435639758006,90.82658859666537,39.319520102792225,0
13.813,2.695505173599915,-0.023750720139595716,0.620836205420926,79.72953657795536,50.550876038986395,0
19.755,3.032787181505002,0.005638432841024584,0.6130126210131639,24.773098950115745,58.945398948469716,1
,,,0.39135461986885,5.8083612168199465,24.197713031704538,1
10.198,2.4157351909267017,-0.02933033103315121,0.34787536728095475,82.97418037072016,93.54845135274957,0
13.549,2.677522262733252,0.0019603697660866212,0.24428211413148282,27.30708099728124,44.418340687836654,0
13.813,2.695505173599915,0.022035219266877234,0.4582440548588159,35.88304841235025,81.69739072718367,0
10.198,2.4157351909267017,0.038424525025465534,0.42066254313430174,37.96924081672669,6.616518883444044,0
8.209,2.22018126673923,-0.025700546923857905,0.513409291839742,22.359583851945263,41.195809503410196,0
11.723,2.5434113791605633,0.0012761732820354317,0.6966743444905424,11.347352124058908,19.524060295649203,1
13.265,2.6578089846654636,-0.012904416445365958,0.23932930762302507,9.02897700544083,71.44241640712423,1
226.0,5.424950017481403,0.2735069849178218,0.5046595139598398,6.964114816240574,39.505333785679596,1
26.903,3.3287342099284394,0.05489757129630779,0.9082868221859739,55.840424973580504,51.922457078020514,0
17.059,2.8936441754702065,0.04959847479418038,0.5994261639532449,45.56567527857129,68.86316293078755,0
18.254,2.9577188313557747,0.02975333987093265,0.3535069526204666,61.52194382310109,58.482781130579085,0
95.308,4.567551389081583,0.08274563825979511,0.47184094646301744,56.5731963995791,78.32979829560477,0
5.076,1.8043465847335263,-0.09894083374714695,0.7975556203218126,89.48166560605276,73.41512590416463,0
226.0,5.424950017481403,0.24461381656279893,0.7515800764949144,98.49896561408751,93.80641395681313,0
95.308,4.567551389081583,0.14251896497734606,0.34938805505674586,22.444057183666068,75.23978823037879,1
338.0,5.82600010738045,0.3792042457424422,0.5592322235003866,43.272913601970465,24.160127643576303,1
34.042,3.5565473420648956,0.014870057260160156,0.4982003983058414,9.39007157894184,30.77709052931491,1
21.118,3.0963917566531682,0.1468620977171787,0.3269440514554454,9.667644964671961,14.255655503311559,1
13.549,2.677522262733252,-0.003901530920672424,0.5512630881070308,33.82675059944984,80.8826323491684,0
95.308,4.567551389081583,0.08409626386269323,0.440025989857021,98.77223897360315,93.84821582141547,0
13.549,2.677522262733252,0.10827086129612944,0.5748034868203317,29.282203670096475,95.62918815133614,0
13.549,2.677522262733252,0.02125981830334657,0.4547710556345979,21.35113663106719,5.363479152083084,0
226.0,5.424950017481403,0.2284802049052095,0.5116378084229587,67.6177562075434,74.16272874518889,0
226.0,5.424950017481403,0.286045113301609,0.6917652436948573,79.79141596158941,69.60798615670392,0
226.0,5.424950017481403,0.2784977370579424,0.5801520820180677,42.74896879206152,74.15661084668295,1
19.755,3.032787181505002,0.04671638792389293,0.7588540689222156,61.17207462343522,72.3447817850001,0
26.903,3.3287342099284394,0.004923982530087478,0.3379996087426802,37.427079575612034,16.13628010553837,0
13.549,2.677522262733252,0.08378990020067852,0.4413265441620736,2.4191763891355245,80.24017844513243,1
18.254,2.9577188313557747,0.03673116995635793,0.647172457335553,65.02010923981534,78.02126485356335,0
13.813,2.695505173599915,-0.006887074889365841,0.5855730996295361,14.085702037979985,14.30011226657264,1
226.0,5.424950017481403,0.22735605991119703,0.5553895666474857,46.03582712019263,44.67264687026405,1
226.0,5.424950017481403,0.27651938345531457,0.4953107878768631,70.36859774607957,59.731237833071184,0
5.076,1.8043465847335263,0.14050016641835747,0.1787853679520443,53.1169528001032,73.02491895295712,0
95.308,4.567551389081583,0.013291327544093373,0.4723566497250932,2.458691645880151,83.2363539660995,1
34.042,3.5565473420648956,-0.0401428959871622,0.4898830162167227,86.33336495718252,12.68240225504188,0
21.118,3.0963917566531682,0.03472544508364797,0.6781570076207682,20.093368865905646,68.43142489253448,1
6.774,2.0507848324300313,-0.052588106946152124,0.8678554869303086,72.96061783380641,58.00888346694546,0
5.076,1.8043465847335263,-0.007559968703468454,0.5024561362896941,73.64020150656405,68.21916892550988,0
16.067,2.83714677443662,-0.07981775275348825,0.3358258458747656,34.80955931682881,75.1798163586933,0
34.042,3.5565473420648956,-0.013131671467162424,0.6170302581779112,12.020905537060845,11.514617839520113,1
13.813,2.695505173599915,-0.049123956038892136,0.28767138996294406,72.22525683930662,27.364041786077166,0
226.0,5.424950017481403,0.25511320686541905,0.5194997338702393,66.79199988036271,92.60595598182655,0
6.774,2.0507848324300313,0.031175269030548833,0.49237988170707,59.78999788110851,28.888493890916568,0
226.0,5.424950017481403,0.2508322810663497,0.6121319188679689,65.3162790531283,74.86087085818323,0
18.038,2.9464369818291134,0.0019162851731515974,0.38743848083680155,35.06269312091808,12.595519637935826,0
52.0,3.970291913552122,0.032099949740288784,0.44360246309722007,2.5447759905750877,88.52388787075652,1
13.549,2.677522262733252,0.006023105574926725,0.6022451335502583,43.40193661738753,74.22922314869471,0
18.038,2.9464369818291134,0.030587749893862967,0.41751127513034814,62.62203216314154,67.3092130911217,0
13.265,2.6578089846654636,0.02725872110225154,0.6612832311772874,80.8120379564417,77.11228158518865,0
338.0,5.82600010738045,0.37610257178288453,0.625548673195051,51.11291392372298,64.82975272988016,0
95.308,4.567551389081583,0.06944131982545154,0.47874369174472636,43.48273386037462,59.608195523830595,0
17.059,2.8936441754702065,0.017483523529546182,0.37422490754240717,53.60963663441204,45.12941130292549,0
226.0,5.424950017481403,0.2246478213863498,0.7120654472436888,78.84473432532987,71.51250198168879,0
95.308,4.567551389081583,0.10498460655094108,0.4997256861733849,48.942496364314046,11.870909550911147,0
95.308,4.567551389081583,0.06273682055359735,0.3626367438299659,74.96518317429248,54.98685627762052,0
5.076,1.8043465847335263,-0.08201229515015952,0.5791221249541596,33.70031764312863,53.187176650501655,0
17.059,2.8936441754702065,0.010615500027785468,0.3461052773778833,15.190269351229436,19.09265850716435,0
13.813,2.695505173599915,0.009957482260724536,0.5432042552458234,34.20817487159075,48.45379950800108,0
6.774,2.0507848324300313,0.004084256474530826,0.5237140847865179,52.475643163223786,7.308156202701499,0
95.308,4.567551389081583,0.09757786789549834,0.5359809128427088,31.875250293206992,36.25597965590946,1
34.042,3.5565473420648956,-0.023956452805966047,0.3814974354777188,83.81152896481102,36.482247020779866,0
52.0,3.970291913552122,0.09364135569452103,0.6166696446316572,36.185309320513866,93.28676901266331,0
10.501,2.4424339881104444,0.023631164340250747,0.40748369577204385,3.5942273796742086,64.85048201186882,1
479.0,6.173786103901937,0.4918414066990764,0.6540590640309526,30.233324935149376,39.998301829356855,1
26.903,3.3287342099284394,-0.01393486702660238,0.4236359292032646,35.09150125520787,74.83558536657398,0
5.076,1.8043465847335263,-0.03300458457191176,0.43225383662345795,65.87077755008761,5.04167736022092,0
52.0,3.970291913552122,0.11010609849094363,0.4081365663648698,87.89789002822673,60.0583196987136,0
13.813,2.695505173599915,-0.052497914274140606,0.5987214554003845,28.50951686938471,59.31582190394682,0
6.774,2.0507848324300313,-0.04950120752123763,0.23844910964051957,17.052412368729154,24.734031581908333,0
5.076,1.8043465847335263,-0.00870748604630105,0.4351548221285688,46.26229567393163,29.335342144100984,0
13.813,2.695505173599915,0.09822351869856402,0.4176261587354335,6.6496267366777495,80.26403123529296,1
10.198,2.4157351909267017,0.09448903211777912,0.4499770578545457,66.50366745462554,15.047227100599747,0
226.0,5.424950017481403,0.20295989626103633,0.7929589543309845,50.52067735766382,0.6047043183978418,0
11.723,2.5434113791605633,0.046670680911949,0.5471508024697146,71.2179221347536,39.65536819899632,0
95.308,4.567551389081583,0.18465616796831802,0.6186138968348793,81.91023176741997,16.440552907887874,0
95.308,4.567551389081583,0.09896910594544617,0.2970701166553942,16.07598960483082,39.310390755940105,1
19.755,3.032787181505002,0.0711745091341538,0.47305704178915503,55.43540525114007,43.44033190066098,0
17.059,2.8936441754702065,0.0343185339925872,0.500269230931716,70.40797680992236,65.41327370278736,0
5.076,1.8043465847335263,-0.012449916021188372,0.4471319402543387,25.813343270112753,54.887280154259976,0
95.308,4.567551389081583,0.19842178897537918,0.5403218534618232,61.34113892107077,35.4897683486554,0
226.0,5.424950017481403,0.26723450475902616,0.533790458302257,23.98741127559447,48.90484004492832,1
19.755,3.032787181505002,0.06870863065973372,0.32341603738231844,47.34717707805657,27.080632803697256,0
9.838,2.3830584771439223,0.08701036957317493,0.33778799288910694,36.01364074715191,47.508987286676806,0
13.265,2.6578089846654636,0.11123762515747151,0.5952993792824309,50.26790232288615,80.66935196947392,0
226.0,5.424950017481403,0.29375044718867493,0.7087186950433914,84.144755308476,84.84717744062647,0
226.0,5.424950017481403,0.2568221003981965,0.7708125269629671,90.28949951919873,70.66041289942177,0
95.308,4.567551389081583,0.12709029213311104,0.4524980681098626,75.82384757040913,91.64205445320663,0
13.813,2.695505173599915,0.052098960361004434,0.41521118911843946,50.21950103312426,87.06690341255177,0
10.198,2.4157351909267017,0.008432987608758742,0.551946906533733,71.90459051842456,21.244727719547296,0
95.308,4.567551389081583,0.11510680273657745,0.2975592116432108,4.209318963636188,11.635848516449588,1
52.0,3.970291913552122,0.056318341243976645,0.39015506753943674,47.249335500651355,92.2645139603572,0
13.265,2.6578089846654636,0.002424397570740852,0.29365488668204576,24.20552715115004,70.93208284726096,0
13.813,2.695505173599915,-0.0066391807251798,0.4586072822455793,15.285913918433202,98.11179078679358,0
338.0,5.82600010738045,0.36089076194106723,0.47846276169317986,5.022601146397376,94.83695527889189,1
95.308,4.567551389081583,0.11241130215009532,0.6681782213854857,87.29458358764083,32.679470585777736,0
226.0,5.424950017481403,0.3082458825235641,0.5049160456333672,97.91049380151546,79.39351334518513,0
52.0,3.970291913552122,0.0144149535430304,0.6486066269936128,60.37954529493877,86.50710993753938,0
11.723,2.5434113791605633,-0.01746756723722164,0.7129183521196758,69.09377381024659,69.45954272532853,0
479.0,6.173786103901937,0.41845327726832815,0.45527712107001495,40.177880065432426,3.8400877326344562,0
21.118,3.0963917566531682,0.05454741880093898,0.2899893148397392,48.58717591863256,58.66239182836627,0
338.0,5.82600010738045,0.37073333280244114,0.4098669236219281,36.02339188004279,37.20435678122074,0
95.308,4.567551389081583,0.08659633765218815,0.2953293719574078,32.36102191495412,22.431855885352626,1
226.0,5.424950017481403,0.20413674241021046,0.34873504692032814,56.016818346184195,12.384602670581746,0
338.0,5.82600010738045,0.34447818066905755,0.3335374808167589,6.268962162186586,57.11991839629137,1
18.254,2.9577188313557747,-0.02261403352809105,0.5795514352505869,10.10458110106467,28.818452595952948,1
52.0,3.970291913552122,0.02132267486627068,0.5438253242310989,11.493299705956684,72.60848514838504,0
226.0,5.424950017481403,0.22073754638674237,0.34054455907194225,63.467127325394145,16.169455327398687,0
948.0,6.855408798609928,1.0351530871859567,0.30603166243925445,15.615259736619036,3.0463686308960125,1
479.0,6.173786103901937,0.6811945928874811,0.5280660650187637,86.55771456245522,16.61849996097492,0
10.198,2.4157351909267017,0.023554578756789776,0.21019022622200606,11.775108289014113,7.893940294655555,0
479.0,6.173786103901937,0.5272331941952824,0.3459122168742307,40.758420857381694,93.99243728857088,0
21.118,3.0963917566531682,-0.007803429846297984,0.44338648983045054,81.91888594267903,13.217965775387174,0
19.755,3.032787181505002,0.04676020812632644,0.6005074507723286,63.50936508676438,60.67317247174364,0
16.067,2.83714677443662,0.04995345072611282,0.5985348059479472,6.220322616470275,52.81892617563562,1
16.067,2.83714677443662,-0.11566095004371216,0.3748439581557318,34.51922084942105,69.16434019733182,0
18.254,2.9577188313557747,0.1138445722355417,0.5190237027702442,95.95766443210334,58.79916294638328,0
26.903,3.3287342099284394,-0.13048640246169677,0.36980368662075025,80.34809303848486,5.617607734743901,0
13.549,2.677522262733252,-0.03762243392438247,0.6830825905896849,42.1248053294072,51.23928207321066,0
52.0,3.970291913552122,0.0977861986213181,0.509883741290336,95.5060511484989,31.55331806631355,0
226.0,5.424950017481403,0.22669136468152254,0.12688148619408063,26.015779096205115,82.12501545597043,1
10.501,2.4424339881104444,-0.049950702568853166,0.6173041081361191,37.01587002554444,68.54438832219016,0
16.067,2.83714677443662,0.040718052700111904,0.5069956049848948,67.4130295536063,54.54279502117131,0
10.198,2.4157351909267017,-0.016191993395228917,0.5622176693118862,1.8390676547466733,31.187943576372522,1
9.838,2.3830584771439223,0.01706462082037109,0.43612730024501734,76.48098009029954,94.92731062456168,0
16.067,2.83714677443662,-0.025794220028367416,0.6287405645272808,13.427485090227552,82.8185869323453,1
19.755,3.032787181505002,0.09116338639890788,0.40588688983604404,2.535074341545751,95.75810150838173,1
34.042,3.5565473420648956,-0.013057975874564434,0.7273120723022314,65.88854702326572,70.21074541137926,0
16.067,2.83714677443662,-0.002451038524627018,0.5816689804291193,51.79605277125789,15.636214164487505,0
479.0,6.173786103901937,0.3992499214776748,0.5439926643507278,1.911609442976403,13.443342736955,1
5.076,1.8043465847335263,-0.10506525061330935,0.45415513363898063,22.845474133129873,50.027853520776034,0
95.308,4.567551389081583,0.10352409388250218,0.3898757200818479,56.64046402968972,41.119748888254584,0
34.042,3.5565473420648956,-0.010201107546577784,0.6441398267912393,3.038705969683686,91.13391900786307,1
13.813,2.695505173599915,-0.046273718815847645,0.45945985934541667,35.60967258978462,92.91395200154628,0
10.198,2.4157351909267017,-0.07659873609520187,0.6660161777936493,27.230732651936897,99.01088460868658,0
19.755,3.032787181505002,-0.028904776985669275,0.7023702657670144,10.077800137742665,45.434542306765515,1
17.059,2.8936441754702065,0.002038348199758677,0.592274597641787,39.22440450997323,71.6397111958099,0
95.308,4.567551389081583,0.07191422284882212,0.811601515935493,94.42664891134339,98.3567206513663,0
13.813,2.695505173599915,-0.01113970994150433,0.37473132440416473,53.73956029379229,27.86430631150364,0
95.308,4.567551389081583,0.22902969211289387,0.4420996136525841,10.65982531337718,73.49258473948942,1
226.0,5.424950017481403,0.3279786763113589,0.5438223263178198,83.13735143857099,25.89042747931396,0
479.0,6.173786103901937,0.4487209375621374,0.8060200828995379,44.40437492022029,0.735304455442698,1
9.838,2.3830584771439223,0.051232011978275635,0.5726887068258912,75.52704204968079,31.53637432661175,0
81.0,4.406719247264253,0.06236004004546533,0.5388331273569059,61.360411423745845,40.496858737618844,0
226.0,5.424950017481403,0.2611475324206313,0.7885270231405181,73.14964903403623,32.78381988500341,0
13.549,2.677522262733252,-0.04526869147360731,0.7235206283149762,55.42265141320166,63.13759776433766,0
13.813,2.695505173599915,-0.010742988558454937,0.5330946206460745,92.08418826173724,56.77273179310546,0
34.042,3.5565473420648956,0.006026704388269716,0.5628576102130189,45.47398556338591,5.702691400361937,0
13.813,2.695505173599915,-0.006176023637655327,0.6466808408316707,72.00365365460743,48.78343185440125,0
5.076,1.8043465847335263,0.025077787472314237,0.4167090367980243,24.710323401014644,2.7852240821074403,0
13.549,2.677522262733252,-0.005887255770467906,0.4497249540160423,68.88853020500906,72.03839985864458,0
338.0,5.82600010738045,0.2698638526283055,0.8248282178309835,88.0156737921485,46.032905064276505,0
95.308,4.567551389081583,0.03294127276908386,0.42804216548507956,93.90676985128962,80.8405738893691,0
226.0,5.424950017481403,0.18698275505882878,0.4304218355741082,82.16368977104716,4.960590834948276,0
95.308,4.567551389081583,0.15794329603306023,0.5836112835276779,3.94268113685059,59.48473795019096,1
5.076,1.8043465847335263,3.9083696115608385e-05,0.47826998672808585,16.761921628831765,40.27037209945602,0
226.0,5.424950017481403,0.19262108105103196,0.3746194616572541,90.92202058615601,6.903693691137491,0
52.0,3.970291913552122,0.04232603928932114,0.5412503447437716,50.74119387178089,11.921044284057336,0
52.0,3.970291913552122,0.1317516378384777,0.37316717354680795,40.9628894895232,82.95658314283686,0
13.265,2.6578089846654636,-0.010407397203812362,0.6682248817774892,81.80147659224932,5.4634420000972295,0
948.0,6.855408798609928,1.0318989764159028,0.5157917935864517,23.81827810467265,83.91803949802986,1
52.0,3.970291913552122,0.0899275204729105,0.4427553356880183,60.06510665483559,43.62460263571574,0
5.076,1.8043465847335263,-0.04428011213833788,0.4649589558525702,37.10387629846027,67.96331823951436,0
95.308,4.567551389081583,0.08056376361057732,0.013772926200631974,84.91956515653193,57.68573811327003,0
19.755,3.032787181505002,0.025707313758985707,0.2772220755950102,64.24192782063156,20.02820178676259,0
95.308,4.567551389081583,0.13708264031144535,0.7400146770230718,73.22248864095612,1.081108363519634,0
34.042,3.5565473420648956,0.05491034719312087,0.4466097624369544,0.575866049812157,41.4825655521352,1
13.813,2.695505173599915,0.0166196941703098,0.37173567883861924,17.088758739006582,15.620656868662197,0
13.813,2.695505173599915,0.01522783962190248,0.4950462104420659,34.69532018962277,82.5710951560667,0
479.0,6.173786103901937,0.45506218331238446,0.37052154317497576,13.91967013456955,50.46372879774349,1
13.549,2.677522262733252,0.014888311245837504,0.5152445080300136,61.50129680388666,78.33872199958384,0
479.0,6.173786103901937,0.44590958631395416,0.4324447713114998,54.1704812410004,29.992939747306625,0
95.308,4.567551389081583,0.13086670569436626,0.3446057107090041,72.81887562036033,28.794534267599246,0
18.038,2.9464369818291134,0.06663128403309865,0.8078109967132903,3.113408288451136,69.71636921379805,1
52.0,3.970291913552122,0.15800552729056574,0.6527806141475592,57.71998867345508,76.63472131046524,0
13.549,2.677522262733252,0.05574332245422215,0.6470006354200841,81.17697880901376,10.90136156409287,0
13.265,2.6578089846654636,0.051100817123255884,0.2080212070461704,96.24472949421113,30.293090564042924,0
11.723,2.5434113791605633,-0.08864336344658448,0.6924192453258471,74.64914051180241,15.727320817971535,0
52.0,3.970291913552122,0.00993187023988236,0.6172037179709772,4.564874550238374,50.23718199720955,1
19.755,3.032787181505002,-0.05404623315461189,0.3386395027337583,45.825289049151664,92.07666084633573,0
479.0,6.173786103901937,0.5175793734420462,0.5396722527427061,54.302458395766315,45.68880717372669,0
19.755,3.032787181505002,0.055891388200556065,0.1431505938870164,61.585009805221645,73.27334747861651,0
338.0,5.82600010738045,0.3093246218136747,0.40412096993747626,5.8091952080349785,36.66788797029814,1
6.774,2.0507848324300313,0.020241380496485908,0.5446814286535768,29.214464853521815,90.78987937796194,0
13.813,2.695505173599915,0.02463796664740056,0.5212393680109825,59.56387406078443,8.456537809723786,0
95.308,4.567551389081583,0.12076102794927912,0.4677205514659729,88.08707591989284,41.719341856457646,0
18.254,2.9577188313557747,0.016071286199042512,0.4078784703129223,8.217166747642734,31.21897365691294,1
948.0,6.855408798609928,0.958016007887228,0.6429764381494031,27.074467314355378,76.9448894082047,1
16.067,2.83714677443662,-0.06711306985337072,0.24216043805692294,63.59547071637285,43.50145943402234,0
,,,0.3603497432551338,2.0584494295802447,99.4819293965951,1
226.0,5.424950017481403,0.15973820055660548,0.7033708009147251,89.23024981396523,21.17458620524195,0
226.0,5.424950017481403,0.2348229674621352,0.5596456252664419,79.32613504382545,18.015864773261924,0
338.0,5.82600010738045,0.3407110717247308,0.35657964455621916,78.89324717760073,86.70601823789474,0
13.813,2.695505173599915,0.025245761087991002,0.6545374540954351,61.14542354346478,84.01080784391999,0
5.076,1.8043465847335263,0.10028553726586521,0.585671186305711,64.35776951965249,33.19715047358455,0
13.813,2.695505173599915,0.05188588962104569,0.5212969870811008,13.927207266338726,29.93833737053483,0
13.813,2.695505173599915,0.011659933897092394,0.22494413485558484,46.25347161331479,80.66650530268164,0
6.774,2.0507848324300313,0.051195376082818086,0.5117658869125505,77.0967179954561,41.94479939573136,0
18.254,2.9577188313557747,0.11260808440195585,0.4851918658316491,9.839564971339732,67.17088592440608,1
13.265,2.6578089846654636,0.11773112341105196,0.43149535774651304,51.07473025775657,30.419871963628086,0
18.254,2.9577188313557747,-0.037436066720742844,0.44431139439944095,61.95879548978296,35.483185554316265,0
13.813,2.695505173599915,0.0746841466521992,0.3900610942837197,96.10703174694551,21.820753455217222,0
19.755,3.032787181505002,0.08002948136412899,0.4225825037192848,27.993389694594285,91.45486638485589,0
52.0,3.970291913552122,0.007346879159511294,0.44919964191743633,36.459372819754,94.13343927869016,0
18.254,2.9577188313557747,0.016180108793594897,0.4657291184285689,15.016900081704165,85.91117576469165,0
18.038,2.9464369818291134,0.0369943249417978,0.5035077821987761,32.64613082439919,25.302634092025322,0
9.838,2.3830584771439223,-0.0032799642199163193,0.5652817292434403,87.79743204450695,42.001100429566286,0
338.0,5.82600010738045,0.2618579483640925,0.5482376810559134,46.409515945350385,6.090554323518271,0
6.774,2.0507848324300313,0.03418346597019913,0.8182446960995304,18.182496720710063,25.954178317609035,1
226.0,5.424950017481403,0.16779654312240858,0.4629622508765818,52.33296311947413,19.668819731282305,0
10.198,2.4157351909267017,0.03213676822972103,0.6710375829006807,90.00186418481051,6.180846068922263,0
11.723,2.5434113791605633,-0.029591630540064473,0.5658725200550626,23.724908749680008,13.171502857909356,1
13.549,2.677522262733252,0.029599676973246065,0.24361604011961063,13.924537111759516,6.022694490029745,0
479.0,6.173786103901937,0.4335439278990765,0.6704683361487268,16.002493646319405,28.27654570600986,1
95.308,4.567551389081583,0.06702277382175709,0.64335559566708,63.26218931339481,39.2895108893179,0
226.0,5.424950017481403,0.22408721410438015,0.6809803585181453,11.476887186921747,37.70539310016988,1
226.0,5.424950017481403,0.24354612227658307,0.43490143066760645,57.75933658811575,64.27950705063091,0
948.0,6.855408798609928,0.9175960131768944,0.2894662055654506,40.0763060875326,46.62994129398188,0
9.838,2.3830584771439223,-0.007789880549494577,0.4090874251670512,39.698151707428345,78.24258122127878,0
17.059,2.8936441754702065,-0.007936867980994789,0.4705860183984593,37.64633668780496,6.656472791422285,0
21.118,3.0963917566531682,0.1338278433385318,0.5784985674092883,48.35456467199247,80.96750362658894,0
17.059,2.8936441754702065,0.052136914701505735,0.633701585240787,17.231987120162984,76.08513309307817,1
11.723,2.5434113791605633,-0.04163911922785201,0.30712039740804276,34.92095746126609,38.43550385241349,0
18.038,2.9464369818291134,0.021307695522275426,0.23667416169430588,98.66625932671465,81.83804247795352,0
10.501,2.4424339881104444,0.08461706646920084,0.49519364439792696,28.65412521282844,96.50153694544719,0
10.198,2.4157351909267017,-0.005728416538823434,0.497904015728589,60.051686043365336,59.521283412687474,0
338.0,5.82600010738045,0.42349296669215863,0.7514682442871994,31.627014972930677,58.3105757279898,1
52.0,3.970291913552122,-0.05140512035833658,0.4146684537203946,65.22916485919397,13.128797200482422,0
338.0,5.82600010738045,0.2800476676475566,0.3790235556461627,45.7699605159294,68.12821105324338,0
95.308,4.567551389081583,0.1602064956424809,0.8285625501782634,88.87480798689772,84.46659090902243,0
13.549,2.677522262733252,0.00859379937100726,0.17120320155801788,14.745252670628394,91.50015377475272,0
17.059,2.8936441754702065,-0.018432831086425443,0.5247860075097388,77.23183917356393,14.032451819351499,0
13.265,2.6578089846654636,0.08363693434037017,0.42895318135232136,67.21355474058785,16.732130400106037,0
26.903,3.3287342099284394,-0.01184863253827079,0.3866751675299076,75.237452943768,10.25679625835898,0
10.198,2.4157351909267017,-0.06475601212718675,0.8955003712918383,89.45522268940914,67.84999682926379,0
226.0,5.424950017481403,0.21061606287757267,0.45758610085559476,19.809763275974014,85.96453453526065,1
17.059,2.8936441754702065,0.08598155897108098,0.6655580020583894,55.38542844013208,69.20736470243689,0
13.549,2.677522262733252,-0.011481411129521859,0.48469905798091073,43.68507026151796,9.73668937912211,0
18.254,2.9577188313557747,0.00371543462501003,0.6907849318135915,39.86630277723131,99.15327758273865,0
226.0,5.424950017481403,0.27735273704528296,0.27053388798359956,45.830064152865646,50.33451306061541,0
226.0,5.424950017481403,0.24490493327697732,0.579933758034056,85.06160578411378,19.92196858370765,0
21.118,3.0963917566531682,-0.07141916741058649,0.851843624284466,10.142082844921651,75.51336174451959,1
34.042,3.5565473420648956,0.00588037392901521,0.537829228135143,73.84492092513266,37.783921372718666,0
17.059,2.8936441754702065,-0.048754766383446294,0.30716013289208416,56.093797153538624,16.98810060507353,0
95.308,4.567551389081583,0.12090185277025804,0.4691240210117984,2.2123551528997254,80.56488053633419,1
26.903,3.3287342099284394,0.16610967538409835,0.6309181121704415,99.05051420006733,40.967105337599264,0
17.059,2.8936441754702065,-0.032446672665302156,0.5475428010476173,49.21162930795382,38.279876443638784,0
9.838,2.3830584771439223,0.12976508706759593,0.48946645691380614,81.74497084911916,33.419271417310995,0
338.0,5.82600010738045,0.3532428776117694,0.32645053165034543,22.602899781599973,53.82201018684752,1
226.0,5.424950017481403,0.3131875677416269,0.6578820966102124,97.2005329631537,1.3228812905293985,0
479.0,6.173786103901937,0.44044184818313215,0.4653820771845917,13.443512940812186,78.35015025879089,1
9.838,2.3830584771439223,-0.03417074138625386,0.5127298187541657,92.70009679242953,33.537160621746246,0
13.813,2.695505173599915,0.03257499114184184,0.6362033993804287,80.28534485980114,66.1667259629189,0
338.0,5.82600010738045,0.37239729533676974,0.4316986365282031,65.73534821701286,3.0353805533004263,0
95.308,4.567551389081583,0.04104166424226907,0.4621062696796045,69.22765645178525,10.445451810015138,0
18.038,2.9464369818291134,-0.12264413832167863,0.6415573258634066,92.08478478156869,15.631697070886085,0
226.0,5.424950017481403,0.2627176917723281,0.7121165585910173,41.87933190741614,19.01287663187057,1
13.813,2.695505173599915,0.007629709160576592,0.48832678457952905,10.178247262040374,99.56311094988834,0
479.0,6.173786103901937,0.5496674187365351,0.40833724062849236,20.131210782243325,71.72618758657563,1
13.265,2.6578089846654636,0.02481202739183918,0.7308795800262361,49.72485058923854,71.26213330985128,0
479.0,6.173786103901937,0.4306845472778711,0.35407581611255645,45.85230088818907,64.27774134799279,0
95.308,4.567551389081583,0.07033270414138657,0.3000982338462195,23.295947475363377,8.468834187530682,1
26.903,3.3287342099284394,0.0159611672861178,0.717041621958047,78.96181427945538,55.33711897497719,0
9.838,2.3830584771439223,0.02742749391596099,0.6415396664409418,60.05943333606173,24.067051475715306,0
18.254,2.9577188313557747,0.045945377312622035,0.48074026011235865,5.816379550547579,79.62436094563871,1
13.813,2.695505173599915,-0.015008918049156897,0.40178453365640765,92.24993811772957,74.16414518360422,0
226.0,5.424950017481403,0.17367138686712363,0.5235718675553802,28.003732955048942,15.31445000839562,1
17.059,2.8936441754702065,0.01089928209517296,0.4913245081433609,92.08724005318132,90.09608956904678,0
5.076,1.8043465847335263,0.048185659271626186,0.3543406956338401,8.162998203058958,8.159872000483837,1
19.755,3.032787181505002,-0.0033288428687055505,0.43679647883443373,52.224326005480435,59.76682827027031,0
26.903,3.3287342099284394,-0.03485152019926492,0.38977836536987137,90.25529066795667,11.043186341110268,0
6.774,2.0507848324300313,-0.03511965787915832,0.5017820651776688,88.72127425763266,75.87762537573252,0
338.0,5.82600010738045,0.24187552133689633,0.5002705259534621,4.818601239329623,41.11134169948486,1
18.254,2.9577188313557747,0.07603237649107941,0.47792108738479827,89.20846889402344,2.0137848949289827,0
16.067,2.83714677443662,0.08242371158021201,0.6592724968984598,78.51895431484084,10.621382758845622,0
13.265,2.6578089846654636,0.07119252487162182,0.5684374232792799,22.210781047073024,23.04166621173499,1
13.549,2.677522262733252,0.007094157330223123,0.28666482477396893,32.81927536093116,84.3879411230929,0
13.549,2.677522262733252,0.0801869871867803,0.5630805058856104,26.982072012821433,32.08545427498436,0
6.774,2.0507848324300313,0.07132888303482769,0.5504416833871344,7.4044651734090365,22.085278296300892,1
5.076,1.8043465847335263,0.16026375990166616,0.5608736130010721,3.667142693354297,67.25072626736491,1
52.0,3.970291913552122,0.06819704192743287,0.5571866982743148,33.134700710305076,47.47690060436513,0
52.0,3.970291913552122,0.009278303451531002,0.26384874234020556,48.55896996593978,70.08084180017403,0
95.308,4.567551389081583,0.18260700169417188,0.5385496168378746,30.096356694681624,4.02580030092321,1
13.813,2.695505173599915,-0.06456607731024418,0.48191192172897956,57.44731131799119,3.0026005329392813,0
5.076,1.8043465847335263,-0.03332400400356825,0.3523049469473067,45.23182845183001,92.88595498455656,0
226.0,5.424950017481403,0.3025885874879231,0.5913858246334629,83.704112524294,45.03503857807928,0
13.549,2.677522262733252,0.0391665492959679,0.5070948114693092,81.59469389686173,11.995294173096982,0
10.501,2.4424339881104444,-0.012500454129210269,0.5136752219999658,29.359184426449335,39.76123785528706,0
226.0,5.424950017481403,0.24536173981390985,0.3860296802018337,41.77609792750997,12.324745813255145,0
52.0,3.970291913552122,-0.0016979723129827914,0.738619361325688,93.17537194328163,23.981995220659023,0
226.0,5.424950017481403,0.3054504059533209,0.35981091576522933,12.626474156450273,62.3210373068007,1
338.0,5.82600010738045,0.3369450147319978,0.4642091702428059,71.32068832826177,23.875177108602408,0
5.076,1.8043465847335263,0.03667052182080048,0.788942878228309,85.4385093369579,0.003071884538241587,0
13.549,2.677522262733252,0.06460746087671043,0.5442837137517864,25.224102017336158,13.730003271557024,0
52.0,3.970291913552122,0.08955278296445224,0.5611534605255766,2.7536719869465487,76.53162995253862,1
10.198,2.4157351909267017,0.07243226238888552,0.3424343556866049,94.84533069621567,96.14923245741122,0
13.549,2.677522262733252,0.01408692714153906,0.33519809398484224,6.895801635642118,0.05979388347953085,1
5.076,1.8043465847335263,0.02525119902356639,0.4830262258315874,6.03520839905638,25.859159113478402,1
52.0,3.970291913552122,0.07099634268327187,0.27914689077338334,43.098522051329624,32.61702541282535,0
338.0,5.82600010738045,0.45381974347527254,0.6752870546410072,60.775212225272256,95.33071675823726,0
17.059,2.8936441754702065,0.06232975278437969,0.6971339863555368,12.887972191064922,32.451180017534206,1
13.549,2.677522262733252,0.10364445454657031,0.43564441278610017,83.16970436757735,34.124444975772064,0
16.067,2.83714677443662,-0.05004401521789764,0.8033261150131068,67.96203327351078,25.74792164924693,0
19.755,3.032787181505002,0.06065174545785744,0.6109916077068974,31.89756302937613,44.25455148147456,0
19.755,3.032787181505002,-0.003607154901197649,0.5308183530554454,11.607264050691624,71.40527233781268,0
226.0,5.424950017481403,0.21971444793832304,0.6270259918203748,88.1927758304644,20.579437698942172,0
16.067,2.83714677443662,0.08403945967077801,0.49377633431339313,74.7444406596694,46.39854174403808,0
21.118,3.0963917566531682,0.045650418893736944,0.6713311089328337,6.942384274609337,56.6018424887821,1
13.549,2.677522262733252,0.0031880636392722546,0.5223213142519385,37.21670238375133,85.86981212445738,0
95.308,4.567551389081583,0.13231021684970584,0.8316034589023646,26.560004258870606,83.2929715574228,1
13.549,2.677522262733252,0.018060810855748337,0.5908270476686248,22.061195271121125,12.036357620998606,1
34.042,3.5565473420648956,-0.0593622910484049,0.3532965464716148,67.26021182251263,61.36379029893838,0
13.549,2.677522262733252,0.1305120795412499,0.5233267405645341,61.95893374598407,7.336406745960266,0
10.198,2.4157351909267017,-0.0021189515588136126,0.6166394092688408,59.02949425148078,1.9155485551252904,0
13.813,2.695505173599915,0.030050060359969558,0.5013286555503343,22.92513952326415,62.39984855289824,0
479.0,6.173786103901937,0.47648880983139724,0.554367482239179,19.462383670487192,58.33072481842046,1
19.755,3.032787181505002,0.02212688674302212,0.5182766696198681,41.96000624277899,0.9054161580370979,0
52.0,3.970291913552122,0.010601075790908736,0.14133821520740608,36.90530217609166,45.56495494398774,0
5.076,1.8043465847335263,0.034316126185942056,0.5347596413045589,86.82725054083805,52.54703073558932,0
19.755,3.032787181505002,0.024880570207130276,0.5002674561656913,54.92266647061205,43.35827926326144,0
21.118,3.0963917566531682,0.07696187516321813,0.5094848219769652,73.06505102392461,16.98870732190573,0
9.838,2.3830584771439223,0.04027165954373264,0.7130277408172923,85.14249577450957,40.96728692925191,0
52.0,3.970291913552122,0.09645240887941695,0.48439861584129573,59.16971623063255,60.24691704572665,0
,,,0.6030286866518384,83.24426408004217,98.1143731791822,0
10.198,2.4157351909267017,0.03358044900859583,0.6421267862863351,89.63358185211197,17.3496050355022,0
11.723,2.5434113791605633,-0.016179018348783297,0.4323045703484503,1.6587828927856152,82.75063198732212,1
9.838,2.3830584771439223,0.06522771137168124,0.4484365220734835,80.59254001176211,83.26117733261312,0
10.501,2.4424339881104444,0.04623733858529034,0.3613463999554437,61.500722669916975,51.870099438059505,0
226.0,5.424950017481403,0.23149525803110482,0.4502202707267031,27.927608845441043,74.89631508603985,1
13.813,2.695505173599915,-0.038907403296816176,0.2875596710989089,18.704374855752338,83.73670797701507,0
10.198,2.4157351909267017,0.002289914189935049,0.1891467227456003,2.6532203873819715,75.07696492110557,1
479.0,6.173786103901937,0.47319951336159743,0.4631006992466449,95.74480190380962,47.698339261765376,0
10.501,2.4424339881104444,0.013343525985440544,0.28656846382826684,57.0061170089365,98.0368740942185,0
13.813,2.695505173599915,0.02355103986825867,0.3889651621176937,14.866272775311295,87.40717733051852,0
13.549,2.677522262733252,-0.016530039077368143,0.5684533959699044,40.14943158612883,36.298284040387166,0
338.0,5.82600010738045,0.2684501409205189,0.7036429449575209,70.70864772666981,81.06835703375918,0
13.265,2.6578089846654636,0.03901945099383545,0.38659939708150926,36.3629602379294,84.84253790905247,0
13.549,2.677522262733252,0.07488359403675335,0.604585706958547,59.304433418678414,50.55207917234903,0
13.549,2.677522262733252,0.009922897517921534,0.6610119053615667,79.87141916545745,18.28133885392259,0
21.118,3.0963917566531682,0.08344569371427403,0.4851028493311952,86.27970775432286,41.41410682156662,0
19.755,3.032787181505002,0.03866528706766664,0.4096063543078164,25.024289816459532,0.8319942227192012,0
13.813,2.695505173599915,0.013453578190724309,0.49117507188027165,74.54394741843299,75.6730167068568,0
226.0,5.424950017481403,0.22514360371858577,0.45153863859844634,56.04406309804399,52.504934024538464,0
,,,0.5905468608441108,37.454011884736246,20.918546540792782,0
17.059,2.8936441754702065,0.057471750071107955,0.5365212615705155,75.5137255673619,75.87153211639207,0
13.265,2.6578089846654636,-0.029945818623478136,0.533589031091991,97.17820827209607,42.262919701360914,0
13.265,2.6578089846654636,0.048501505749700524,0.341525439406211,92.96976523425731,69.36180574737952,0
17.059,2.8936441754702065,-0.007085941427445303,0.38573594439760317,99.97176732861305,72.27377522388046,0
11.723,2.5434113791605633,0.01152248604492689,0.52135668687657,26.520236768172545,62.48740996069989,0
13.813,2.695505173599915,-0.014917298605998094,0.6995648516568225,74.11206492900591,99.72378999036027,0
52.0,3.970291913552122,0.012119746544878122,0.5420353919003742,59.89785081772106,5.282668636472199,0
338.0,5.82600010738045,0.3573859755705455,0.43134731574813834,88.86590802653987,60.32454226840298,0
52.0,3.970291913552122,0.09589782444957157,0.43543584517989264,85.75623376612837,61.66219781652751,0
34.042,3.5565473420648956,0.03759020907619129,0.28679750820221794,66.68642575461044,54.43448876343211,0
19.755,3.032787181505002,0.02640660701448975,0.0839277590099125,73.78969166957685,25.871164215544095,0
226.0,5.424950017481403,0.19725082412068273,0.3803842824394852,82.59782127080818,96.15507321375662,0
5.076,1.8043465847335263,-0.007739126312951461,0.580318812111445,21.92139873580443,54.814520272802206,1
226.0,5.424950017481403,0.21846483712595752,0.3163419089963069,3.4670266726483323,66.69274474586807,1
34.042,3.5565473420648956,0.06648805432499388,0.4567200648977306,21.567515239771716,76.65273162216272,0
52.0,3.970291913552122,0.04581879180432119,0.5263405324706555,12.055841640369025,96.36851886870491,0
479.0,6.173786103901937,0.4484590851189276,0.3460469566415156,95.60471436119332,17.916391829015087,0
13.813,2.695505173599915,-0.0391291115549498,0.25171629317158506,34.88682665429953,88.29148165187222,0
13.813,2.695505173599915,0.00945558555914123,0.6466771346981497,8.534966807864386,26.32473465180112,1
11.723,2.5434113791605633,0.05829874589413881,0.7591945753072648,63.31014572732679,78.6205652261058,0
34.042,3.5565473420648956,0.020822428005207186,0.32965461428632564,99.94137257706666,45.41836627367061,0
17.059,2.8936441754702065,0.07393800984027013,0.7128553417050896,62.20867002278735,90.78385138835341,0
10.198,2.4157351909267017,-0.04194572629614142,0.5015818567611539,13.688563006880727,92.8630562115394,0
17.059,2.8936441754702065,-0.03802660716142828,0.4678193503223055,81.37950197069486,85.49740195614743,0
21.118,3.0963917566531682,0.008496826374392027,0.5744951922469843,45.037093625818514,38.21394748325693,0
226.0,5.424950017481403,0.2038616703481015,0.4870674352988821,81.90635138616561,33.882348242280734,0
13.265,2.6578089846654636,0.06686858048466468,0.056862658813695344,18.657005888603585,53.90945527360087,0
13.813,2.695505173599915,0.03371373087888285,0.43269564760707735,89.0527280739895,83.71196278306522,0
13.549,2.677522262733252,-0.01574215081847626,0.2261513006503088,81.77853298569451,16.8858463370395,0
,,,0.6780616518112633,59.86584841970366,98.11925291641158,0
6.774,2.0507848324300313,0.01251025875919426,0.5022541625430645,70.68573438476172,91.8239086675437,0
18.254,2.9577188313557747,0.03211502706379477,0.34934932605591407,80.15371118829896,55.51337867531885,0
8.209,2.22018126673923,-0.03265544152461014,0.18974364268534516,86.85991281894603,50.0112752076627,0
5.076,1.8043465847335263,0.010295477549547453,0.404858792477403,42.54933344480754,79.2191194801676,0
,,,0.43780542367789543,15.599452033620265,85.3784921704667,0
18.038,2.9464369818291134,0.0583276867852492,0.42349040748558764,13.124487768238758,82.43504472493495,0
10.198,2.4157351909267017,0.020169836522981016,0.4844805815229615,14.011317576645254,93.32050877593062,0
17.059,2.8936441754702065,0.00769437127990295,0.47419379611017914,67.15731955927996,80.30020719578371,0
11.723,2.5434113791605633,-0.03201346978156622,0.5861062896326045,89.20465551771133,1.2156771477386807,0
95.308,4.567551389081583,0.08655424529513375,0.637111574633605,41.77667821673337,47.55961918220083,1
17.059,2.8936441754702065,0.018133150307381662,0.6001322120554994,22.864280550346272,6.646332577627212,1
10.501,2.4424339881104444,0.03722649121519729,0.23551449516447726,91.48643902204485,43.276687959926264,0
10.198,2.4157351909267017,-0.06406189218615661,0.601204246671293,1.3001923510736035,37.97515229193175,1
81.0,4.406719247264253,0.12801126848188193,0.3429617374839641,14.285028730083859,27.869431592852578,1
95.308,4.567551389081583,0.09725124927883935,0.6068722646650707,82.58167505647627,41.814478816279966,0
13.813,2.695505173599915,0.029103557897809978,0.8314783498622695,33.34991716911442,57.08774168394763,0
52.0,3.970291913552122,-0.05619437682464734,0.43471277044922474,11.38383934766014,6.194651857898792,0
52.0,3.970291913552122,0.02983757297442692,0.3462873874885415,25.760722033372186,96.62742977481858,0
19.755,3.032787181505002,0.041555293643759886,0.5264726275494429,62.58599157142364,95.14907101767872,0
52.0,3.970291913552122,0.0890170444297666,0.7085965393924936,37.45528870201213,76.90611331597242,0
226.0,5.424950017481403,0.19059774707288443,0.26952039644269427,71.02427986233116,73.79277689988002,0
13.813,2.695505173599915,-0.05533495253027702,0.7017281046771042,17.803596686975144,22.05042634356471,1
5.076,1.8043465847335263,0.001353365564975781,0.5121915751386603,49.227785644803475,71.2137045880605,0
52.0,3.970291913552122,-0.019828592952354437,0.643064038371703,1.0131184027743378,34.327548906444825,1
226.0,5.424950017481403,0.10297801387224015,0.39349768356626713,98.41103190364979,30.767908947794854,0
21.118,3.0963917566531682,0.08486708088497635,0.3229309272151877,28.487290196192284,8.01867568121133,0
21.118,3.0963917566531682,-0.03626113753269439,0.6735866821596538,51.90597909082704,87.8033512844457,0
338.0,5.82600010738045,0.43417716003819035,0.42564410801376507,58.58647884535192,69.49701331214759,0
10.501,2.4424339881104444,0.04368063950885715,0.4618285885031988,79.82951789667752,96.85373316998923,0
13.813,2.695505173599915,-0.04152118598031354,0.5326577301630749,98.65152487929797,34.19052781054903,0
226.0,5.424950017481403,0.21967947771969856,0.28317227783820154,17.37615931357438,42.37701199309234,1
52.0,3.970291913552122,0.04156722561270909,0.6848492907821996,53.39674725477638,7.971507318728499,0
338.0,5.82600010738045,0.3764055540020572,0.4113772477862856,89.18721448107347,24.399530235247223,0
18.254,2.9577188313557747,0.02385382377588452,0.8361389834308688,15.004866469398426,28.328440349257733,1
13.549,2.677522262733252,0.007951188977381514,0.6006526707376655,72.95082286523967,70.6371996809996,0
226.0,5.424950017481403,0.24906486560481672,0.6124649942733777,22.71795570235149,67.37562297840898,1
19.755,3.032787181505002,0.06858011096468061,0.5691617048444653,83.59801205122058,83.98016066644267,0
13.549,2.677522262733252,-0.007063075921683853,0.42260285159763805,94.06792451153404,86.14456860213242,0
34.042,3.5565473420648956,0.09804173348422639,0.4075893176995514,97.71741842213173,93.4729915488301,0
18.254,2.9577188313557747,0.04165925690371031,0.5940315595293533,84.4357082739616,17.182946035765845,0
5.076,1.8043465847335263,0.07595013212526575,0.36089404914560996,72.7169069766308,69.783278550517,0
5.076,1.8043465847335263,0.03598832527726775,0.8321494913834895,87.09691237460856,21.87138889065392,0
13.813,2.695505173599915,0.13078898668357872,0.43116847324625046,42.54364386164168,1.9144867996836679,0
21.118,3.0963917566531682,0.044340234606022225,0.6661581643973673,10.687692309474384,58.064522590963406,1
17.059,2.8936441754702065,0.07039989651459495,0.5089537820869604,62.79003894909078,89.79191869576658,0
26.903,3.3287342099284394,0.05972910307619482,0.3421179212194835,5.755876001664428,85.88167711681547,1
21.118,3.0963917566531682,0.02229067315987414,0.6321593281070998,64.1971500443266,22.048763941474924,0
17.059,2.8936441754702065,0.02760560989863059,0.2413907283697947,89.67884099060119,66.19689447938686,0
16.067,2.83714677443662,0.08524992370125722,0.4648131455571219,91.74858431319902,79.50115369284704,0
5.076,1.8043465847335263,2.1470517926319016e-07,0.5027378691284169,16.975790508754073,98.73361585795459,0
16.067,2.83714677443662,0.05129237562829972,0.7419302556060692,30.29157288331926,31.023528374470477,0
338.0,5.82600010738045,0.3946159663337576,0.7381100903623306,74.86452341262,50.45029240548358,0
13.813,2.695505173599915,-0.0906821538950129,0.6790379803214392,37.0472102791382,9.491793682166971,0
6.774,2.0507848324300313,-0.035078161817003926,0.5421845738327906,94.88855372533332,66.66004790466192,0
34.042,3.5565473420648956,-0.005837798811762905,0.35269707541836426,7.319592376844364,15.143231436996329,1
13.549,2.677522262733252,-0.0076097322951372,0.5587547024015709,53.24206822752171,29.765027756828044,0
11.723,2.5434113791605633,0.09866433044300398,0.40547857547864796,39.30977246667604,90.60870604812605,0
13.265,2.6578089846654636,0.003274486557231799,0.4941283959547487,28.9751452913768,83.5825927910516,0
95.308,4.567551389081583,0.13777896824338093,0.8875360490249851,28.703813317491278,16.301911381488623,1
6.774,2.0507848324300313,-0.07204137944722938,0.7052141355222347,22.879816549162246,40.941207181701834,1
11.723,2.5434113791605633,-0.021006451077652928,0.7498404820529792,57.69038846263591,28.76327290436782,0
6.774,2.0507848324300313,0.06656788119650003,0.350460256039681,14.092422497476264,35.71211593005028,0
17.804,2.934069613161884,0.09085792094062267,0.7182239261219976,12.21099140100268,2.568964486940817,1
479.0,6.173786103901937,0.4814324029116457,0.64815927738869,89.30902051954149,9.669455978756714,0
6.774,2.0507848324300313,-0.010404431461674099,0.484346232584287,45.606998421703594,96.01356044054472,0
18.038,2.9464369818291134,0.03734807834973049,0.4059360762841556,36.852634372376116,64.15044812562518,0
52.0,3.970291913552122,0.11434905470525478,0.6566037694163569,8.70927667957715,50.49114512501392,1
13.265,2.6578089846654636,0.003034558856843582,0.6865142417154387,28.484049437746762,18.161396775660265,0
17.059,2.8936441754702065,0.07280311987357803,0.3683573964705642,84.96473906774115,66.16842883998565,0
13.813,2.695505173599915,0.05591712677380899,0.5357256959209442,83.88980864459342,95.1444825663092,0
13.265,2.6578089846654636,-0.030913631877656604,0.3926730521772157,42.71077886262563,52.251018108558846,0
34.042,3.5565473420648956,0.07164609846334255,0.6681404768609369,46.34940438005724,40.14617790890432,0
6.774,2.0507848324300313,0.05983261765694379,0.4123398535105953,32.518332202674706,43.66141897687661,0
18.038,2.9464369818291134,0.09139719710835167,0.3641304179943279,68.55652872289714,99.25817954877634,0
52.0,3.970291913552122,0.10464748837062728,0.5047432960865371,51.26677259564164,10.616035354746723,0
13.549,2.677522262733252,0.0013301939961595007,0.5625309593885061,25.929675886577375,86.60356750457565,0
52.0,3.970291913552122,0.10159732894474602,0.5344886518126907,25.439158084184697,34.700233541219994,0
226.0,5.424950017481403,0.24226750455935014,0.2577875206563004,33.520804737087275,91.92080310537251,1
226.0,5.424950017481403,0.286654170356001,0.49208673379988516,41.17655415845085,37.73631767966508,0
17.059,2.8936441754702065,-0.016093247791413367,0.17963002268977918,58.43143119231002,1.8124041045729733,0
9.838,2.3830584771439223,-0.056884022405174116,0.5503770897080104,8.764274676383854,92.24342836561244,1
13.549,2.677522262733252,-0.004006720301446966,0.44172801398427786,6.536615756438524,90.52989990105155,1
479.0,6.173786103901937,0.4372455516158932,0.6015491146062582,12.48208139668483,54.971725516331105,1
338.0,5.82600010738045,0.2925869575170296,0.40988781040421485,76.75676285179182,6.409471103617548,0
226.0,5.424950017481403,0.27132269715252977,0.3498485683275779,39.59704726624549,36.25019845315131,0
13.813,2.695505173599915,0.034187027173486234,0.5847183658861472,43.91349085702184,38.55975925133334,0
13.813,2.695505173599915,0.06083893186607392,0.5128269994459399,73.64442356247228,40.680480095172356,0
479.0,6.173786103901937,0.4471419561299997,0.5953589789660825,54.14076073475852,74.23699370897819,0
16.067,2.83714677443662,0.007702880999238042,0.5327508125663241,54.448233280026294,80.7957328109019,0
226.0,5.424950017481403,0.3032749360669196,0.42859061633331996,25.65300624442478,95.54481914380675,1
226.0,5.424950017481403,0.11922383323394159,0.5959854435728127,30.126526076000037,8.813443097669149,1
18.254,2.9577188313557747,0.011137243346821932,0.5277240550432482,78.6903386255295,88.6171294055993,0
10.198,2.4157351909267017,-0.029508710579449576,0.62691777039439,76.36057941597608,66.78679067008134,0
9.838,2.3830584771439223,0.05807095689919073,0.5401213083347092,12.771348363523483,39.31471294940152,0
95.308,4.567551389081583,0.1021250624222623,0.5119474373920887,86.20426509893134,96.9723632797977,0
95.308,4.567551389081583,0.09155012650020847,0.37977741172534896,3.700763471549262,5.276525785960262,1
948.0,6.855408798609928,0.9254217816586693,0.5699666895260392,1.9710537754364155,50.127564462572934,1
5.076,1.8043465847335263,0.002723534771170658,0.40994920114902694,65.03256863469369,60.09120056590861,0
226.0,5.424950017481403,0.20718926881511143,0.5103359199681459,54.543186940690546,3.9811439445753827,0
19.755,3.032787181505002,-0.01245446580215269,0.18198691773197384,94.14648087765252,53.83319432557134,0
6.774,2.0507848324300313,-0.04716468906375468,0.5209477511323845,51.42344384136116,75.73102071344388,0
8.209,2.22018126673923,0.006833627658999878,0.21904912536040694,89.11431136980711,60.56378893234115,0
17.059,2.8936441754702065,0.08261302843797569,0.5667343842514826,46.86931597949703,22.011132590475313,0
13.813,2.695505173599915,0.05539717196248689,0.2989812656517822,84.1828776758272,89.73658657909318,0
6.774,2.0507848324300313,0.0819735604144487,0.5240974910529674,92.18742350231169,39.783662550215695,0
13.813,2.695505173599915,0.0511053527302119,0.4732965064904242,26.924323094938096,65.43420054927196,0
19.755,3.032787181505002,0.04632452255007951,0.7595482722285753,54.06351216101065,88.29938248297731,0
479.0,6.173786103901937,0.4628715472431823,0.4532321640115963,3.095579091934353,6.379455625359787,1
18.038,2.9464369818291134,0.1438781325064511,0.5498558499835977,24.204501586252746,1.620039733946721,0
479.0,6.173786103901937,0.5511463640585109,0.5610271452709674,76.190181260487,47.43086648684303,0
13.813,2.695505173599915,0.022321571350907905,0.4520260583166866,61.825477153029595,32.663924942591095,0
226.0,5.424950017481403,0.25494382489963685,0.23479149212384043,66.90223373291083,54.70453456155777,0
18.038,2.9464369818291134,-0.04694104872966716,0.4062748072348277,61.81557343181191,99.19627472386433,0
95.308,4.567551389081583,0.07337958294900046,0.5816936861749008,2.126941085038714,84.09087104029072,1
19.755,3.032787181505002,-0.03863152187242776,0.4251519116031332,85.54605840110072,87.74700466544819,0
6.774,2.0507848324300313,0.01829569277953448,0.6660065636430976,52.00680211778108,72.88614422699469,0
6.774,2.0507848324300313,-0.040800882767189114,0.6154953097002833,41.038292303562976,94.07845205031079,0
95.308,4.567551389081583,0.07542003538334563,0.21795673841468233,94.99611839502253,40.320775613325225,0
95.308,4.567551389081583,0.03880836427994541,0.6260910069175074,26.70282701694213,26.59284506321188,1
13.549,2.677522262733252,0.028837271581980656,0.6722136299596149,12.809574636620003,31.694262176728138,1
18.254,2.9577188313557747,0.0006460336177138842,0.29730643959523484,24.12014575995415,24.685702759573292,0
95.308,4.567551389081583,0.03664579323835884,0.33141823923116087,96.91026301408114,50.24272871663764,0
13.549,2.677522262733252,-0.01135230602384641,0.4734247827327857,33.451128874193216,3.895784634846422,0
17.059,2.8936441754702065,-0.0008059193262114489,0.6547480661862762,84.21189231357087,55.905928494660216,0
11.69,2.540814281726296,-0.04342287965213073,0.3856799827228853,63.91199378155004,54.137442090743825,0
479.0,6.173786103901937,0.4330553322684454,0.631490881976327,3.8996012574911587,73.85460533969635,1
17.059,2.8936441754702065,0.1736212740142574,0.6560086836190084,8.87025337570556,3.1149092793391064,1
34.042,3.5565473420648956,-0.039152383833281804,0.6194645549963166,44.86936226225306,81.37233437222274,0
226.0,5.424950017481403,0.22847403479854772,0.5496300542609527,85.57372589057863,40.187627123673956,0
6.774,2.0507848324300313,0.07052061560154832,0.6090191069602706,38.8677289689482,37.17240664023432,0
81.0,4.406719247264253,-0.00435659016624948,0.503597002852339,34.88205339694793,51.04601313464413,1
13.813,2.695505173599915,0.004311488197701968,0.7389446144041072,89.67654246264252,45.476434255266106,0
6.774,2.0507848324300313,0.028173021593073576,0.4015063893800443,76.07850486168974,94.64565131504055,0
13.813,2.695505173599915,-0.000704120883099759,0.44574142458599203,24.595772838450813,64.95089297074473,0
13.549,2.677522262733252,0.02356901527021668,0.4846845411662842,24.667886452162303,10.540137739646227,0
10.501,2.4424339881104444,0.052204470970045755,0.6532437146599922,89.00053418175663,95.1423220845566,0
18.254,2.9577188313557747,-0.02441446415057933,0.3596253155314152,23.918010421592562,26.133301788538375,0
19.755,3.032787181505002,0.00047238687910160226,0.5131960320693754,57.5474177875879,52.14490241668801,0
10.198,2.4157351909267017,-0.03516455985341371,0.4072452469933805,8.550853085446807,80.14457762229537,1
13.549,2.677522262733252,0.019833602589904638,0.7298570573881433,80.49889996807697,51.287474230526776,0
13.549,2.677522262733252,0.05640282864782925,0.3501595435631613,75.13750860290457,81.88692705204716,0
13.813,2.695505173599915,-0.02890902795849436,0.704025219624202,15.167487973275119,6.256484221945158,1
479.0,6.173786103901937,0.4748678906077367,0.6285737582634933,82.67073597414874,94.76861770642796,0
6.774,2.0507848324300313,0.06581015387377187,0.5845681812510372,3.4388521115218396,22.867677960360876,1
11.723,2.5434113791605633,0.03344200687376589,0.591370327858027,60.642905965958995,81.71281420155852,0
34.042,3.5565473420648956,0.0009854984299560374,0.16956299701914224,40.4140321651033,33.93052673095674,0
226.0,5.424950017481403,0.1868413740178268,0.6549784796544722,91.50900684070432,82.39976518799783,0
6.774,2.0507848324300313,0.049293306658311636,0.4334589754688921,7.455064367977082,25.100138326230027,1
13.549,2.677522262733252,0.03897600293536127,0.4709988575480566,54.223720549184826,38.3397141058259,0
226.0,5.424950017481403,0.30455371892547467,0.378597997280768,11.072059332631568,97.72838231769293,1
13.265,2.6578089846654636,0.06123844817419905,0.4324619918332593,70.30189588951778,74.18963269587151,0
13.813,2.695505173599915,-0.017215172620499024,0.6699207045762211,93.21182824836124,37.14672626243768,0
13.813,2.695505173599915,0.040460406492436624,0.7018902511757472,89.38925830509577,35.53197484738877,0
17.059,2.8936441754702065,0.045145305355655814,0.69487247308215,60.617463445088006,54.841916299356264,0
95.308,4.567551389081583,0.1442386228227992,0.48937447281258645,3.394597858579884,17.252387694636205,1
226.0,5.424950017481403,0.200066022975797,0.5504749683231351,8.34640849893833,29.797723549584376,1
13.265,2.6578089846654636,0.046748062936136724,0.5027070878702337,83.5302495589238,75.9005282521931,0
10.501,2.4424339881104444,-0.00021748710726695458,0.4984302306420906,96.36199770892529,64.17343972985582,0
5.076,1.8043465847335263,-0.055391518596328904,0.294138539365804,71.92017782722638,56.39195667556237,0
13.549,2.677522262733252,0.00936164145236023,0.3590652249119063,89.98333456872724,16.428684327240926,0
26.903,3.3287342099284394,-0.011970058257799229,0.5590962838796604,98.6001063822871,89.08555349831467,0
5.076,1.8043465847335263,0.0748974060981733,0.28359278209959315,27.682779723505156,32.353041248549154,0
5.076,1.8043465847335263,-0.024843126676556065,0.7842722918163454,49.8195716453139,89.03843208552661,0
338.0,5.82600010738045,0.4400201770709874,0.5087913376057689,31.18638579168832,32.937926930207574,1
26.903,3.3287342099284394,0.07452421900047171,0.4043768847762482,8.410680611499743,69.39495905101568,1
17.059,2.8936441754702065,0.013923465725978145,0.5032833231747252,92.65876251614944,69.61561451379252,0
226.0,5.424950017481403,0.2475354331297341,0.3806423504719083,96.2810357074026,34.164111269060186,0
81.0,4.406719247264253,0.1576811677237907,0.4900751098180348,84.59214396777321,27.90082903477966,0
13.549,2.677522262733252,0.08090470720833542,0.7412100870759093,88.69249002092695,50.05793174308313,0
13.813,2.695505173599915,0.021422945361289632,0.6274376796569926,24.848913981446575,80.90236402916764,1
26.903,3.3287342099284394,-0.056184793182219334,0.33071139903544483,75.06147516408583,10.539321810780521,0
11.723,2.5434113791605633,0.03361906857772786,0.21874889187920954,72.24521152615053,62.12924490496101,0
52.0,3.970291913552122,-0.010446323973702265,0.19112592744615198,96.40174071177023,20.48024090562095,0
13.549,2.677522262733252,0.059604341680577225,0.5860650664852851,13.347997241594378,24.860488461330633,1
10.501,2.4424339881104444,-0.0030955700189160013,0.7647370708326158,70.24840839871092,42.272863689393226,0
13.813,2.695505173599915,0.054285340538198404,0.5667280306336232,11.063173695520723,56.34083644838541,1
26.903,3.3287342099284394,-0.030968033157389458,0.5353183692666672,82.18600592903562,16.52844901429574,0
13.813,2.695505173599915,0.09493423671091336,0.36626847652182426,52.451138957025464,67.75316138836847,0
10.501,2.4424339881104444,0.0805165500764837,0.3298743282083314,85.300945546736,67.1479148667207,0
21.118,3.0963917566531682,0.039150675494395624,0.4591359648603693,21.673980009077564,95.79458599261376,0
226.0,5.424950017481403,0.26894376652994995,0.5328607343806503,6.5204591260492055,62.543345016659345,1
479.0,6.173786103901937,0.5964366608101757,0.1703748492106955,95.59188289553192,80.1840168452806,0
52.0,3.970291913552122,-0.0036143708445648126,0.5833739041362691,79.83803405183525,47.41579458790797,0
81.0,4.406719247264253,0.1293012018147549,0.4503463498687879,65.85405156700548,57.9829576047725,0
26.903,3.3287342099284394,0.06262827551302409,0.42430493865661484,37.62595855309158,35.42713272172156,0
34.042,3.5565473420648956,-0.053824612034729866,0.6715042295308742,78.23854840582734,58.45431132594582,0
13.813,2.695505173599915,-0.00947707568347424,0.45977912911373553,83.06194077877291,21.1231831472931,0
226.0,5.424950017481403,0.3479777189765557,0.4672991553318314,11.258039041193701,81.57453806261209,1
479.0,6.173786103901937,0.5046233877023164,0.4943654735950713,28.924477197265453,71.76761577934995,1
226.0,5.424950017481403,0.1689783773790275,0.4717107756278768,54.353821734264606,16.75665393045065,0
13.549,2.677522262733252,0.04821353728904998,0.808177233410714,0.5229613542912737,27.05592564879914,1
95.308,4.567551389081583,0.06920440348371655,0.4975918941127121,0.638587171683358,60.24494419665878,1
6.774,2.0507848324300313,-0.015920446559581317,0.7729657680968895,33.08980248526492,28.247874397702667,0
226.0,5.424950017481403,0.21828964964921538,0.5576313832474193,85.56960938375394,71.92452005758318,0
34.042,3.5565473420648956,-0.033208142298310775,0.6719730738099557,39.386440565415846,33.13522187363171,0
13.549,2.677522262733252,0.04921791733910285,0.36551216890292126,20.403563462889885,72.53716002348575,0
9.838,2.3830584771439223,-0.00789734111883492,0.6079399246437337,11.636639788547608,79.91579711047821,1
13.549,2.677522262733252,-0.03086331252306096,0.32731600137392836,26.170568373590598,23.3567361068611,0
8.209,2.22018126673923,-0.01745642043988266,0.3504157568841836,99.29647961193004,33.720657556575205,0
17.059,2.8936441754702065,0.08423956848391721,0.5614528015619824,81.0553330781833,64.83180074520956,0
26.903,3.3287342099284394,-0.07416908466610675,0.4953820246379877,32.00496010306117,24.99569463976212,0
26.903,3.3287342099284394,-0.026414737744036968,0.49767925389098905,73.50710438038858,50.26312426301305,0
16.067,2.83714677443662,0.10459019321181458,0.3832537170490245,78.03761235709804,5.116550644547591,0
226.0,5.424950017481403,0.15917360129172808,0.554287140609579,71.20140203307808,34.2132600111895,0
9.838,2.3830584771439223,-0.06495999971816063,0.36996731226748003,79.54499607897291,67.04343337969175,0
338.0,5.82600010738045,0.3567728676757891,0.2698812959826723,36.98132559871766,8.857833963664408,0
13.813,2.695505173599915,0.018778660710435203,0.522173110855479,76.94929331919369,66.7760591603153,0
18.038,2.9464369818291134,-0.020122553685471077,0.5391150226224595,86.86231679556109,22.99937539632405,0
6.774,2.0507848324300313,-0.050717790893513914,0.69295732054933,82.87375091519293,75.42649733470228,0
13.813,2.695505173599915,-0.015435779775054639,0.47945156334590866,20.990559309558577,15.20485674244918,0
81.0,4.406719247264253,-0.006572928002381198,0.4550675883201212,80.82352100092221,31.645713087441617,0
18.038,2.9464369818291134,0.06952110552725917,0.5225711748160852,31.036195892357377,28.943952161948793,0
11.723,2.5434113791605633,-0.1295223189086466,0.7082996780153723,36.77158030594335,25.046789879249896,0
19.755,3.032787181505002,0.008178486349511068,0.5017794018771177,68.30067734163569,70.54608302834863,0
13.549,2.677522262733252,0.0009991081991519678,0.7382670764360167,64.39042535411306,37.02321856845767,0
52.0,3.970291913552122,0.008685075276363828,0.3616473006407123,91.32869475762368,55.921813176845816,0
338.0,5.82600010738045,0.34264604872358534,0.6581930942730978,21.57406791764541,21.75879399316445,1
52.0,3.970291913552122,-0.06272827208327286,0.288617630296323,98.80359661555919,36.3403931999427,0
479.0,6.173786103901937,0.5140913439951901,0.5202764362014004,48.34074359731466,51.26152441031999,0
,,,0.6094659405551293,70.80725777960456,95.14298103618323,0
13.549,2.677522262733252,0.02122856817273531,0.6093855423966129,78.86149646724064,41.86951433276842,0
13.549,2.677522262733252,0.005075513865128894,0.30525110904966457,92.80836403260497,87.54886503958966,0
13.813,2.695505173599915,0.02697157851673194,0.4641871096904848,25.464065476376383,5.198935197770749,0
10.501,2.4424339881104444,-0.0004037846644277341,0.5303575055898043,55.68012624583501,27.785277608971228,0
21.118,3.0963917566531682,0.04457972313417993,0.18279596013893967,66.18391898493786,29.661248215709314,0
26.903,3.3287342099284394,-0.020576189095227054,0.6458665996877015,80.6834739267264,76.44407280755044,0
21.118,3.0963917566531682,-0.00967639347010715,0.4015854145991538,39.09059959055147,5.958709735314372,0
10.198,2.4157351909267017,0.0010607794818277665,0.674386050228176,42.52135044692334,84.81092350156301,0
226.0,5.424950017481403,0.206711903876065,0.6329869239136474,11.409578488793336,93.47955174927833,1
52.0,3.970291913552122,0.06889623150841233,0.6006905205058031,42.99310773901481,90.88264977168623,0
18.038,2.9464369818291134,0.03852568590522716,0.5252977051415293,41.97273169261223,15.389990469377368,0
13.549,2.677522262733252,-0.03201736136947847,0.7066002544292512,44.01989979554906,0.02270382182555375,0
13.813,2.695505173599915,0.037234597566398756,0.46818654951193617,37.69444294249076,7.103488904400212,0
6.774,2.0507848324300313,-0.020516450803556983,0.4389538450439943,12.203823484477883,35.702934397001215,0
948.0,6.855408798609928,1.0125673290529122,0.4725132135186077,86.17856210135173,42.99852141210597,0
17.059,2.8936441754702065,0.07409447489722332,0.46289960541553726,12.915941515149498,80.44946424318223,0
479.0,6.173786103901937,0.5041660791051246,0.5095553539648656,22.77497361032096,47.51083649318354,1
5.076,1.8043465847335263,-0.010593529576633294,0.5091178058751954,18.097695270948975,11.82186222910886,0
95.308,4.567551389081583,0.1480530247649539,0.37620620587537035,87.8629986355158,99.03323037936484,0
95.308,4.567551389081583,0.13322453312752455,0.440233208751595,59.6269878482053,69.20112559466547,0
19.755,3.032787181505002,-0.038336160132399114,0.5705764771067835,9.44429607559284,24.838360874320752,1
13.813,2.695505173599915,0.06690091111534481,0.49056591996502125,16.06813732595557,80.44140596774734,0
19.755,3.032787181505002,0.008002607891741714,0.6891274279998965,58.57755812734633,74.2881493667939,0
95.308,4.567551389081583,0.10613500084947142,0.4054927352977488,29.7121715623175,66.35235939134523,1
5.076,1.8043465847335263,0.015462808579164223,0.45141367201761173,72.52576604151365,66.18345851139982,0
95.308,4.567551389081583,0.011731445432538942,0.33834188813125976,69.62887758781397,25.285811825011116,0
8.209,2.22018126673923,0.004856585526865799,0.5011591839763527,1.2154474689816341,63.14189212183764,1
5.076,1.8043465847335263,-0.07592841347999979,0.24166145990637217,43.08875236618059,99.55689004906878,0
479.0,6.173786103901937,0.5422059613529294,0.44305632549847496,60.294287647946156,18.06575413113032,0
21.118,3.0963917566531682,-0.05496879462526787,0.5416273788322835,63.31513755940223,8.613213906368033,0
18.038,2.9464369818291134,0.010201754487465244,0.4200493877260498,20.052472670033673,98.8420993963481,0
226.0,5.424950017481403,0.2582588200876729,0.21110332723323483,28.713795808457554,23.7483305169384,1
21.118,3.0963917566531682,-0.052484909535337854,0.5619721213928933,21.204483990822666,38.0951845023475,1
52.0,3.970291913552122,0.04478445783292671,0.08820506694914232,34.060416658129164,91.32296862792705,0
18.038,2.9464369818291134,0.05703268216466551,0.36968486831406355,79.65372909761763,36.047450514155386,0
18.254,2.9577188313557747,-0.024324667306493235,0.23477646323701523,54.952953589501696,59.37806319434522,0
18.038,2.9464369818291134,-0.01137106340351942,0.4951244160413466,11.730818896239448,27.064394198176565,0
338.0,5.82600010738045,0.4236233360060791,0.5504874568188552,12.292067846538757,49.83330282942372,1
6.774,2.0507848324300313,0.03434905765916699,0.6585087366920628,11.586905952512971,3.601881829142639,1
95.308,4.567551389081583,0.15481544754603874,0.5498565250279415,63.18135270166684,83.49472056944037,0
13.813,2.695505173599915,-0.03673808390753598,0.4471868378819179,86.98963620621282,57.931446666193786,0
13.549,2.677522262733252,0.04114773396609807,0.6042003686177877,86.1369996363436,31.206404465202063,0
479.0,6.173786103901937,0.5268576769171811,0.5748665760198411,38.55119047369223,60.82113767664467,1
226.0,5.424950017481403,0.22024144391864206,0.4305895028005493,31.67616770675267,10.986311374078294,1
13.265,2.6578089846654636,0.052170889025296,0.6532452820741412,33.7615171403628,72.93447940879963,0
95.308,4.567551389081583,0.09240895713937804,0.37235373789776527,82.46809659251491,80.54300430459791,0
10.198,2.4157351909267017,0.021636165459512174,0.4942514246453941,52.56901823026858,70.62461625552622,0
10.198,2.4157351909267017,0.06495596067425301,0.3981529480305302,63.347821982614725,27.746467972495402,0
13.813,2.695505173599915,-0.01079511157256496,0.5490491769905147,39.81686935909433,18.52703553833237,0
21.118,3.0963917566531682,-0.02078356038262256,0.7616466672114667,61.03337833109184,27.706924971339962,0
18.038,2.9464369818291134,0.06394083420241709,0.5555510400993269,69.36822257814886,5.129384898121558,0
17.059,2.8936441754702065,0.05152132637590909,-0.040162765668927625,68.47311725538793,88.25598767723473,0
16.067,2.83714677443662,-0.14412036469075037,0.5143193062037444,57.82983994203607,3.4376858351725215,0
13.549,2.677522262733252,-0.08281579914389128,0.5513338369136518,95.6614621083458,82.7523693953817,0
13.549,2.677522262733252,-0.053410599910408904,0.802033144197305,63.617736470823274,34.88319074586301,0
5.076,1.8043465847335263,0.006808313394881639,0.8222445295680438,65.67366645412922,37.99790789653946,0
10.198,2.4157351909267017,-0.019511763308224003,0.6388515136570804,66.80851365706462,11.159299995724748,0
13.813,2.695505173599915,0.0033126686011952337,0.42445246094366057,73.75012481097484,28.570756766089033,0
338.0,5.82600010738045,0.3451634821786601,0.756906711691441,12.020722912057625,98.73684723122,1
9.838,2.3830584771439223,-0.034404696254892765,0.5311790751600621,82.24805636343609,99.65263087986192,0
81.0,4.406719247264253,0.06696377683266957,0.29373721502493727,7.231647525793861,30.32197838442505,1
52.0,3.970291913552122,0.1381573626354219,0.6174733484019762,72.9173487549448,62.35053112473372,0
52.0,3.970291913552122,-0.06984600442182248,0.5263361127388733,5.1135381442100725,76.65959447120517,1
13.813,2.695505173599915,-0.08916899615987774,0.6748392342716192,58.68411180208791,99.06791570657658,0
11.723,2.5434113791605633,0.054976435332869875,0.34731327642842613,51.2093058299281,69.72093819096368,0
6.774,2.0507848324300313,0.018472252466879488,0.44333526687162844,68.42330265121569,1.2103116776107425,0
338.0,5.82600010738045,0.35152065849199116,0.24679485122034828,5.2355020187472405,67.68722758275764,1
13.813,2.695505173599915,0.016859282472595397,0.6755992443976491,41.18409141472685,88.09730056396575,0
6.774,2.0507848324300313,0.005441778745754187,0.7038946399047209,11.959424593830171,35.30503916003024,1
16.067,2.83714677443662,0.04654693045920247,0.6451897923147485,96.27683502532061,76.77646177143377,0
95.308,4.567551389081583,0.12337962632185998,0.6214486295222362,77.04074178077931,81.73053122132367,0
52.0,3.970291913552122,0.050367309818794566,0.4428958064307361,15.445974722332378,81.66552432016235,0
13.549,2.677522262733252,0.01266328911994814,0.6148103234020024,96.84887775943838,84.61242105302316,0
95.308,4.567551389081583,0.1668327706874938,0.5084765972698334,75.27166395576413,30.72164170212709,0
5.076,1.8043465847335263,0.03314586078039537,0.6813515298351496,97.58652558191314,17.464718589632955,0
11.723,2.5434113791605633,0.015744928857069226,0.6249769146905273,32.539969815926774,86.52957589089124,0
17.059,2.8936441754702065,0.05020168854432991,0.7313414941491954,61.34151959357899,20.347274249759582,0
9.838,2.3830584771439223,0.09573319226932048,0.1997389748785608,34.609972653778556,54.858841505468845,0
17.059,2.8936441754702065,0.011774694592565482,0.5501490581830255,98.62107444796028,33.362839583686565,0
52.0,3.970291913552122,0.019648948645966828,0.5618533953628922,3.672136250082114,61.41862443190114,1
13.549,2.677522262733252,-0.014207814321207542,0.3980832522623376,75.50419287462783,95.23867523987246,0
5.076,1.8043465847335263,0.028215002252441543,0.6064399219075349,96.98210450785447,9.49652752283765,0
21.118,3.0963917566531682,0.0425557039085484,0.5795553783498198,92.70345447963066,43.27714843418189,0
479.0,6.173786103901937,0.45032127172531455,0.3804519996779184,29.93955883716812,1.0513224541653488,1
226.0,5.424950017481403,0.2400241591944013,0.24866293255638583,23.87962113815393,19.201608474003674,1
21.118,3.0963917566531682,0.10592499206829362,0.4507437110874796,70.90462617224327,51.6283299197674,0
18.038,2.9464369818291134,0.10733296620184006,0.5593871331437068,68.0499302074713,33.44011789887487,0
17.804,2.934069613161884,0.07392167944567553,0.468593658003213,3.9343540668509647,18.663993979768257,1
226.0,5.424950017481403,0.2862705605176131,0.4820511646290275,28.152119841492997,11.938101133819679,1
52.0,3.970291913552122,0.0025527048527916388,0.6090756889300923,11.448763806590511,70.086569724388,1
9.838,2.3830584771439223,0.03918926904748046,0.6003627815401286,8.091928305125219,5.961732534465902,1
95.308,4.567551389081583,0.08773234091828366,0.4420965803193953,96.88778552856915,37.47219705073764,0
21.118,3.0963917566531682,0.08360462763958798,0.5849903222589088,56.73122196289035,93.59372482485595,0
10.198,2.4157351909267017,-0.09931612520047005,0.6318521231835511,91.44119459249598,44.671452725852035,0
13.813,2.695505173599915,0.05995343707229028,0.693380457711031,11.689804070836407,43.974048650790856,1
11.723,2.5434113791605633,0.06715649853509227,0.6049196370343553,19.52429877980445,35.29585034523566,1
13.813,2.695505173599915,0.0008688587825997941,0.4893319563754496,66.51972206962002,6.701653775120997,0
16.067,2.83714677443662,0.011130599492458622,0.47105279483589657,27.4703815047892,26.004804025243388,0
95.308,4.567551389081583,0.05179170040014538,0.4812617607014652,15.86051052930737,54.645854172812435,1
52.0,3.970291913552122,0.09599966539073049,0.6100925717546357,31.886681832113883,46.85569945911347,0
95.308,4.567551389081583,0.1489457363275595,0.5138941381923385,99.71245001577111,33.745427896422896,0
95.308,4.567551389081583,0.09025686918413017,0.742380873518347,73.75823015888915,16.121881197512256,0
226.0,5.424950017481403,0.23733426034781097,0.5910143225309611,14.19719897609939,35.164987234190534,1
95.308,4.567551389081583,0.06899721098441691,0.6182437484954005,76.82734138645182,3.2659060784495875,0
95.308,4.567551389081583,0.09911688657465281,0.5131087143380183,50.746773376083624,66.17186826439566,0
34.042,3.5565473420648956,-0.0009975515500296461,0.6289446180282269,22.726962726315147,95.45659288588108,1
52.0,3.970291913552122,0.0289992548913282,0.3125652632113992,20.699257843842677,74.0663581066626,0
948.0,6.855408798609928,0.9601525180619076,0.4567765954233324,79.99160853731894,3.491155265622381,0
13.265,2.6578089846654636,-0.001189631930231843,0.36076700489779734,30.087830981676966,81.6779466505636,0
16.067,2.83714677443662,-0.025142022597915124,0.6401982061004935,22.82353634936991,50.41328419184383,1
13.813,2.695505173599915,0.06315816967792393,0.3573963959877117,6.7076477388427485,62.7328935090678,1
13.813,2.695505173599915,0.1415244025300809,0.5249956842967758,96.50269106665125,86.29968313588721,0
338.0,5.82600010738045,0.32957049604717736,0.415518539893607,76.1037790250783,35.34731920607206,0
10.501,2.4424339881104444,0.023369512694166067,0.49130540004975465,87.73730719279554,40.36010023615913,0
6.774,2.0507848324300313,0.026506614073799124,0.21239766709845515,72.90071680409874,10.18036829495369,0
26.903,3.3287342099284394,0.01983587585830799,0.6764799880681648,93.07573256035647,7.049194564314465,0
52.0,3.970291913552122,0.07308251985259098,0.2711506386069737,14.213712379345766,68.31142857230465,0
226.0,5.424950017481403,0.16620941117476454,0.4287312082333095,1.240403627731479,34.00043860598922,1
338.0,5.82600010738045,0.4034587913893758,0.542568204175712,28.42740929275167,34.206943465755536,1
26.903,3.3287342099284394,0.015068560183798006,0.4124416799656098,85.84127518430118,18.564670490124303,0
5.076,1.8043465847335263,0.04800886545068099,0.5498122192125215,13.15676851272598,91.8397542081558,0
338.0,5.82600010738045,0.36129665998862703,0.46361254455653095,1.755236336662891,66.23179135395823,1
13.549,2.677522262733252,-0.04242387547166888,0.44963210915303753,3.531135494023907,94.20582194885955,1
17.059,2.8936441754702065,0.13758124572576497,0.6040735180788653,47.39616402628724,81.49397285405392,0
226.0,5.424950017481403,0.16964408485938653,0.37350525330725715,98.3521472715222,2.534860426393848,0
18.038,2.9464369818291134,0.022425954483841316,0.4151094303661392,16.748258225906977,57.53591731290986,0
18.254,2.9577188313557747,-0.06283402158621654,0.49710225435922467,12.138641815940643,19.86316138618691,0
948.0,6.855408798609928,1.053551598419353,0.6183612802099865,64.39995432390158,39.78657030174272,0
338.0,5.82600010738045,0.28313933859071944,0.3158257150914512,77.39913781527625,69.33775385188524,0
21.118,3.0963917566531682,0.02230839502150902,0.5288006355453015,4.341253285481916,98.25212722560387,1
6.774,2.0507848324300313,-0.08191988068113204,0.673204065007508,30.46137691733707,77.16269109786077,0
52.0,3.970291913552122,0.08027867441006165,0.5311313442333113,7.100766453325546,31.803961169451988,1
226.0,5.424950017481403,0.2729420212746505,0.45728158857269074,31.43501131837484,59.742924257342,1
52.0,3.970291913552122,0.04502088836864651,0.5492966038707213,55.86423964504254,64.86829533573645,0
95.308,4.567551389081583,0.04415057053654697,0.5700878322774184,5.1425813484250344,18.463245734736923,1
21.118,3.0963917566531682,0.028547967206892313,0.8076870414904195,16.801420774486342,78.44054732127972,1
95.308,4.567551389081583,0.12565901696201492,0.6541219015029037,86.21276172654507,37.904048538303506,0
226.0,5.424950017481403,0.2000245186974623,0.5838042924382729,23.95101699095381,55.97446613336749,1
13.549,2.677522262733252,-0.03773280172269463,0.4449388030972726,80.00709686991596,87.92795561570067,0
13.813,2.695505173599915,0.029014505046874098,0.40240150679957076,98.23786169086064,94.16919866580305,0
13.813,2.695505173599915,0.0016742971153881278,0.3312220847403258,20.162732004774455,46.50095175264276,0
26.903,3.3287342099284394,-0.008602644703058378,0.37657161477223516,95.06071469375561,91.37884438732593,0
21.118,3.0963917566531682,0.04753966941078431,0.5220615241168961,64.7474714154603,29.632580189980008,0
9.838,2.3830584771439223,-0.0074379006395934345,0.5397745884119881,70.87446977429764,17.90316374415838,0
13.813,2.695505173599915,-0.045392248508755964,0.7479369576845633,91.98556164127605,21.87098003235832,0
17.059,2.8936441754702065,0.097891854344117,0.6691682040667468,6.107795985486375,99.61576734987788,1
13.265,2.6578089846654636,0.04686603025114355,0.6570914612839194,63.34037565104234,65.46506868659546,0
26.903,3.3287342099284394,-0.0673542153312701,0.37302532956966394,32.8664545369916,94.11208125336735,0
21.118,3.0963917566531682,0.07044916893992291,0.6884296159120523,69.00048908206658,98.95053333843225,0
16.067,2.83714677443662,-0.02509419616679927,0.45945944484880863,39.80052929545028,49.20017294320827,0
6.774,2.0507848324300313,0.03480748919587097,0.5579879344857788,47.22149251619493,28.249606597285226,0
226.0,5.424950017481403,0.2900044865100605,0.4286911636678187,46.39313768123328,80.82682112162783,0
13.813,2.695505173599915,0.003986109900039381,0.36406770019291834,33.49056146570861,32.62539180411468,0
21.118,3.0963917566531682,0.0063648530862745675,0.5952650017396888,75.61633288952461,55.47318032823543,0
,,,0.5064546459981922,96.99098521619943,71.17228057460487,0
10.501,2.4424339881104444,0.054137158209985874,0.6139250056274184,57.8280140996174,62.36487782902661,0
95.308,4.567551389081583,0.09860042752099886,0.35526600497204236,23.877714576830233,65.6409603500657,1
95.308,4.567551389081583,0.06423168971475604,0.631632133017713,58.217046017627325,97.38004133571495,0
34.042,3.5565473420648956,0.04508689682877346,0.474977788895241,96.99120461072704,25.23119270696871,0
338.0,5.82600010738045,0.324622106022101,0.4681322445930416,62.95576968917366,23.828967055309157,0
338.0,5.82600010738045,0.40984548075702243,0.2862851519417766,13.382836299969314,80.99787436834724,1
479.0,6.173786103901937,0.4465393018886656,0.6487889464830432,44.831905536942216,18.430139695009906,1
21.118,3.0963917566531682,0.023997295141614788,0.7280137611486652,62.3859324676573,55.46870247883672,0
52.0,3.970291913552122,0.05768772291928303,0.37948485887431144,70.55858626438246,13.035313004326554,0
9.838,2.3830584771439223,0.02637753068880077,0.5443899860519142,48.70619188189359,13.300979890732878,0
13.813,2.695505173599915,0.013890089622006064,0.029222800064894083,74.99604703991778,75.02657639388423,0
226.0,5.424950017481403,0.24106789026289052,0.49966428252887285,85.83416767991208,72.81164373361663,0
10.198,2.4157351909267017,0.05626697345635437,0.5051500082853253,20.498429541582098,60.83195000077717,0
17.059,2.8936441754702065,-0.02312803662933104,0.49381105210249093,58.365611185087204,82.13883629006943,0
52.0,3.970291913552122,0.013602677065887497,0.5180952141340182,39.70150412371917,19.495827149863054,0
18.254,2.9577188313557747,0.011383742771652914,0.657616143570817,46.147746462473414,28.72212092051508,0
19.755,3.032787181505002,0.02178385264490805,0.37994968907520443,4.072880231897013,19.92703364668008,1
17.059,2.8936441754702065,-0.023200984569227142,0.4649153299319609,2.6366974497252005,96.80658120507589,1
5.076,1.8043465847335263,0.006369646558749173,0.5302998516135982,98.76495637360578,94.59246440320865,0
95.308,4.567551389081583,0.15635742345091172,0.6023508173089489,92.52483174156659,3.2443446047186963,0
338.0,5.82600010738045,0.26728033544313373,0.431348451051735,27.616955782089946,44.55178144931612,1
18.254,2.9577188313557747,0.006069593849992496,0.4576639112115157,90.17619921354235,72.01574609309402,0
18.254,2.9577188313557747,0.06307069351319411,0.6429514247321074,89.51177407065364,23.10808528744962,0
226.0,5.424950017481403,0.1777574466004404,0.3339900518405824,75.6751505688635,10.868253937469207,0
19.755,3.032787181505002,0.07601332643941569,0.19257882714954788,2.6511310541621813,61.678360785254114,1
338.0,5.82600010738045,0.3944838073902638,0.6662666902584339,95.67998154842861,57.654498995114004,0
5.076,1.8043465847335263,0.054035099740721654,0.6135765231653034,54.75923761537362,34.13186459500521,0
9.838,2.3830584771439223,-0.018989061739648056,0.573082729194564,23.464208185545353,41.07888099996118,1
17.059,2.8936441754702065,0.1053826174181071,0.501878279649468,52.01635011119934,67.11574733796887,0
52.0,3.970291913552122,0.0697488072490005,0.6240257946063672,63.130755309198875,62.337956595990704,0
18.038,2.9464369818291134,-0.06996257033990266,0.535079765151387,27.421520234867003,36.10747263410372,0
479.0,6.173786103901937,0.5322926865202718,0.6957444033185628,94.40420938253979,82.6464609492183,0
10.198,2.4157351909267017,0.02951884135343851,0.4590489877966123,4.696596677505505,66.19136326370115,1
18.254,2.9577188313557747,0.01153510093399672,0.4701406169360195,95.53346865039283,15.378370551321618,0
226.0,5.424950017481403,0.27916033495305626,0.4805490421957099,54.07937549855444,95.20624466390028,0
95.308,4.567551389081583,0.1271481711699646,0.5445740035712332,24.966800885918595,46.398169816688736,1
95.308,4.567551389081583,0.1071382470379376,0.4706847730215854,60.773679487885914,18.177886721736193,0
479.0,6.173786103901937,0.5251950804256597,0.5322474226181821,13.065234382346292,48.05599408362681,1
95.308,4.567551389081583,0.06545919923198104,0.4829611757447053,91.73135754622427,93.1554914309481,0
9.838,2.3830584771439223,0.033004519395194054,0.2502312055543934,69.49510889024617,41.5818568018411,0
13.265,2.6578089846654636,0.011108336293547749,0.6767379271322004,48.9452760277563,7.845581631712395,0
338.0,5.82600010738045,0.37221426174594496,0.6570069070663646,50.30839507798363,22.72610535596623,0
17.059,2.8936441754702065,-0.05562608968927424,0.3912708374299922,45.913575623826134,65.95107686407702,0
34.042,3.5565473420648956,0.0075361882221156445,0.5277287981090547,56.70162609866678,96.93218122841789,0
13.813,2.695505173599915,-0.041532233751856565,0.41113018169292287,13.441467693897424,27.70125243259788,0
95.308,4.567551389081583,0.03688234018353129,0.28126803292718744,16.362382119166917,21.112594255803742,1
10.198,2.4157351909267017,0.08943275929983119,0.4456251495676897,29.314773026101328,28.104975016688915,0
17.059,2.8936441754702065,0.08667148322263782,0.7058406974911987,28.096318959223034,47.42550209769536,0
17.059,2.8936441754702065,0.06645421524971068,0.43937642607810456,62.03095513534647,59.71553059903019,0
95.308,4.567551389081583,0.2254749511348595,0.6295885324943669,34.780920790219305,94.67562446922408,1
95.308,4.567551389081583,0.1133684165003415,0.6207400086098488,12.951492128280417,54.029653179030724,1
17.059,2.8936441754702065,-0.006850822812033121,0.6353407099915179,93.27284833540132,87.73504531328386,0
13.813,2.695505173599915,-0.007457638828382192,0.5641943939828953,53.211348526531566,2.2425889162055124,0
52.0,3.970291913552122,0.08916585830427042,0.8234524447593947,34.58774607378574,44.582554982701616,0
9.838,2.3830584771439223,0.14246729731599034,0.29755254946697896,99.21580148233127,39.933258019922256,0
95.308,4.567551389081583,0.023853160475963267,0.30106067570762646,94.40593396866133,6.723418009056115,0
13.549,2.677522262733252,-0.05635915411994878,0.35140651649341137,56.14845879595237,41.89697737795244,0
95.308,4.567551389081583,0.0821678773636531,0.7462142941583472,70.83629767150347,12.038757878908902,0
338.0,5.82600010738045,0.37228961657613907,0.18917973258552695,66.63854135782064,4.929449276441645,0
13.265,2.6578089846654636,-0.04537179797166237,0.4976655366694559,80.36720768991145,87.5883083517057,0
13.813,2.695505173599915,-0.06455583694638606,0.5813304510363573,46.26797856696064,21.07931015500286,0
338.0,5.82600010738045,0.4464688394534919,0.5627771838735582,7.290183536790352,9.132573433355706,1
13.549,2.677522262733252,-0.026766812295405312,0.428004778077691,29.872557358877305,50.889407006988016,0
95.308,4.567551389081583,0.18226692432967742,0.5172412657638698,8.94110023122595,81.46710047099891,1
18.254,2.9577188313557747,-0.03886830681892585,0.6239633486287649,66.03027197013381,72.93098004772062,0
13.813,2.695505173599915,0.16133821650732674,0.607209759127655,22.460482293998197,96.99265253451908,1
13.265,2.6578089846654636,-0.03280194349449643,0.4061125973473097,53.93422419156507,42.52281854376939,0
13.813,2.695505173599915,0.05100850364105605,0.3275438790653892,28.377590579872447,38.92304716917885,0
81.0,4.406719247264253,0.02879964138609295,0.7336858148477535,1.4315277667059978,92.69075621458641,1
479.0,6.173786103901937,0.4730781982734432,0.442612423591635,51.12754622007512,78.00480870400435,0
16.067,2.83714677443662,0.025098470854325323,0.6877921181769736,97.41944438163571,57.931340278846086,0
13.813,2.695505173599915,0.015280771354070537,0.7458884775112629,44.741236682345466,78.37382510752364,0
19.755,3.032787181505002,0.040026752704615164,0.6192384670813338,6.9361300875165455,78.73870267523328,1
10.501,2.4424339881104444,-0.01721348646535389,0.9188313301864941,35.94911512197552,34.652416795271826,0
6.774,2.0507848324300313,-0.06070873844282913,0.23911922717408002,31.171107608941096,84.8042089601484,0
95.308,4.567551389081583,0.10158972516601417,0.23478034509399226,69.46964708544267,54.66956820721302,0
948.0,6.855408798609928,1.0634841804263533,0.5125808752641401,71.59722288473975,20.444837246427305,0
13.813,2.695505173599915,0.007024620659441179,0.6681450535421567,39.72872905603673,58.0699084554285,0
18.038,2.9464369818291134,0.023665293070445494,0.7361220179048613,27.32595269982093,52.99405869302329,0
95.308,4.567551389081583,0.06313281991436535,0.6548986274933019,8.698675991141014,48.40205725094041,1
,,,0.3552815393555472,15.601864044243651,79.31428739967394,0
21.118,3.0963917566531682,0.0025535637249883385,0.5078686080334166,57.83869170064091,51.170744711470086,0
52.0,3.970291913552122,-0.0033576119662848958,0.2761846974281954,87.42225246851758,3.6461050825618457,0
95.308,4.567551389081583,0.11951663468627088,0.4385989137172064,67.96472826930699,35.466620498508284,0
13.813,2.695505173599915,0.039863204163973445,0.45679058024730823,36.23938991166331,55.678491092818795,0
13.813,2.695505173599915,0.019594875023178145,0.3499055941275139,25.790282704493983,27.528821345186017,0
18.254,2.9577188313557747,-0.017102111050212664,0.4897570688353564,99.48663171697672,73.50251861898234,0
52.0,3.970291913552122,0.007063615450442193,0.3770919754251814,61.25734683448192,51.47421937567799,0
52.0,3.970291913552122,-0.06445075489958392,0.623021539118459,42.2034260127639,57.56652529974197,0
226.0,5.424950017481403,0.1792573433280401,0.27412513920040693,86.45636095226699,12.34498658103551,0
95.308,4.567551389081583,0.16162736389544566,0.3014073373670656,85.05817290942419,65.95059816513272,0
17.059,2.8936441754702065,0.0032529760826636323,0.5440028054484475,86.23637087467452,50.705964673871826,0
6.774,2.0507848324300313,-0.08969959508297362,0.9676521693812071,96.95846277645586,2.916976364526447,0
13.813,2.695505173599915,-0.06338402836025425,0.32870872712580324,89.80542894407138,45.832359458757544,0
13.549,2.677522262733252,0.0321602021566335,0.430571557142843,45.81868867378927,98.68959453882975,0
13.549,2.677522262733252,-0.045556145789140766,0.675082659995656,77.4633780637788,90.92526944369924,0
13.813,2.695505173599915,0.03534716320524085,0.5152584812707655,17.63869865062233,37.45482433795813,0
95.308,4.567551389081583,0.09334204853676849,0.4049615726759281,58.00862078378112,73.14964640431391,0
95.308,4.567551389081583,0.04815345195444276,0.4743115542762598,83.21341779577419,1.6592480632597884,0
13.549,2.677522262733252,0.003197149105827064,0.2474401148578927,95.80734801193802,39.31217982070792,0
95.308,4.567551389081583,0.025557592807857993,0.6626750795436388,93.6829739324758,89.55628481318388,0
26.903,3.3287342099284394,0.0415622017803851,0.40397683147480823,75.45428740846823,81.41256855911618,0
52.0,3.970291913552122,0.06965588162719952,0.4139270129134822,34.316735317265824,89.92489182892025,0
6.774,2.0507848324300313,-0.11776501083249735,0.4877158430641261,29.122914019804192,98.11778367622945,0
13.813,2.695505173599915,0.031277247133363904,0.36710438991533345,92.93759891275857,59.930211613943776,0
6.774,2.0507848324300313,-0.01700333949819629,0.30944569305123704,80.83973481164611,56.50853124527563,0
338.0,5.82600010738045,0.4585997964465863,0.32253717271253524,8.928952452557294,89.55557408738851,1
17.059,2.8936441754702065,0.0855314684614011,0.2886621345964213,83.83287047111378,32.11621526359535,0
10.198,2.4157351909267017,-0.022088418809294793,0.42656440294539927,86.84679758979128,26.549640742907233,0
13.549,2.677522262733252,0.06274559894548175,0.4679110300473252,43.2076882944196,85.72309373697911,0
13.549,2.677522262733252,-0.015433409794004302,0.3817885619144493,9.917809958721591,69.70241660042996,1
17.059,2.8936441754702065,-0.09158692859619873,0.5499078994377782,24.734810174319765,48.398936817974715,0
18.254,2.9577188313557747,-0.016668254987024914,0.5849811480622484,10.566468426174392,21.01071929123518,1
16.067,2.83714677443662,-0.032034558405596464,0.3321124636669034,64.64587416379305,33.37765970697978,0
10.501,2.4424339881104444,-0.1305509643208614,0.49701224055504034,92.83185625877253,5.658565614671563,0
13.813,2.695505173599915,0.008310977123434461,0.8238681731904938,18.159771680142565,41.860727491832996,1
5.076,1.8043465847335263,0.0962937148081195,0.25712404152262025,86.82712805132586,69.3422128056309,0
13.265,2.6578089846654636,0.0345053757100057,0.5612203869167535,98.56504541106007,54.44969591038651,0
9.838,2.3830584771439223,0.08779866654256116,0.22776742557778912,92.27571905133944,39.600096638561524,0
13.813,2.695505173599915,0.03446268464706469,0.5216465029152618,36.891363956977244,74.81839120488463,0
338.0,5.82600010738045,0.3905122151665777,0.3501768695998926,29.53014775718328,7.266558758115671,1
5.076,1.8043465847335263,0.02226666029490125,0.6693271231324084,34.59349925469629,67.63610678727241,0
17.059,2.8936441754702065,0.03342813611369803,0.40531382956389495,34.82554670233004,31.382680822441557,0
18.254,2.9577188313557747,-0.01941650128624685,0.5265143154875396,10.973619867750351,61.54207798208354,0
18.254,2.9577188313557747,0.06842760137419565,0.4332580413657121,29.544477747742025,64.52185758446639,0
226.0,5.424950017481403,0.2443542004648387,0.3742457179998788,78.6278199384033,17.909493932818155,0
13.265,2.6578089846654636,0.06769452168213705,0.40084624180587586,86.07305832563435,97.30781629723329,0
16.067,2.83714677443662,-0.026904401172429347,0.37309404910585486,70.77213502675275,87.71275618985017,0
13.549,2.677522262733252,0.030782823348626212,0.4312794515237421,44.973984245054,37.68668803471885,0
95.308,4.567551389081583,0.1220115077200253,0.2720160800571523,33.424389081696084,83.09491710550684,1
16.067,2.83714677443662,-0.019956382125706742,0.603238956615862,29.05045056714204,16.33544497431565,0
11.723,2.5434113791605633,0.002939936406907012,0.4167079254642006,9.310276780589922,49.62587528823615,1
95.308,4.567551389081583,0.1109547411842206,0.5363106005431951,59.24077846595176,67.1093157085976,0
95.308,4.567551389081583,0.16798071386249544,0.9489215855090962,27.21451372299627,90.24130332861034,1
13.813,2.695505173599915,0.09976042529389373,0.9297818034628944,48.114010185481746,48.84956326599054,0
17.059,2.8936441754702065,-0.0032122201390698303,0.3589976101814369,20.63337184057925,87.91857726012476,0
11.723,2.5434113791605633,-0.025114881309916536,0.6768298905555409,34.10663510502585,80.7070903866703,0
19.755,3.032787181505002,0.010906865285334341,0.4856988363204976,53.1354631568148,73.65352283347926,0
338.0,5.82600010738045,0.39748454942817,0.39768878029643256,64.0476042175844,53.332354785960504,0
95.308,4.567551389081583,0.14923196220594276,0.41315236700901425,87.36771141863387,68.38664518353433,0
338.0,5.82600010738045,0.39980523772056054,0.5502975884595962,84.27119021605549,45.79002951270714,0
338.0,5.82600010738045,0.4329674426471202,0.31664530775191413,13.660090365117261,19.909341993592566,1
95.308,4.567551389081583,0.06302512300706306,0.47391892695281207,28.723899165408174,71.47532764439458,1
226.0,5.424950017481403,0.3251924905574576,0.44003442328354136,91.80765521991506,55.066045923656425,0
18.038,2.9464369818291134,-0.031388208585951934,0.4902841610303185,84.47832281168877,67.23838432917036,0
6.774,2.0507848324300313,-0.026279219700190454,0.19624401294857408,30.42422429595377,59.35609353787859,0
16.067,2.83714677443662,-0.08663840585837257,0.5089864661119256,0.7841590771916818,10.671181910235427,1
17.059,2.8936441754702065,0.04733888463527417,0.3146445466925887,11.355759219962902,75.17469923958404,0
13.813,2.695505173599915,0.03163833298856915,0.6116879597709695,64.59172413316013,59.68518768877594,0
479.0,6.173786103901937,0.5520822118345504,0.49894056431737555,85.39619669554222,70.96713435045244,0
81.0,4.406719247264253,0.04623530703612266,0.33873454278248666,74.04761319535191,45.28248052843268,0
21.118,3.0963917566531682,0.024129989861485433,0.5668516860622885,38.019561878585705,5.856530528453385,0
10.198,2.4157351909267017,0.06885902834735921,0.5421788026865413,73.80336164263704,75.3868082709913,0
52.0,3.970291913552122,0.11465292191033788,0.7772060287656275,5.952470034777169,97.00744566667069,1
13.813,2.695505173599915,0.012490687040573689,0.7396095939832434,56.51331835892089,19.516651721865042,0
11.723,2.5434113791605633,0.007062065286337446,0.5572029251870427,24.398964337908357,57.17459831437487,1
226.0,5.424950017481403,0.2646795723781104,0.35133632970025797,87.95818549515292,34.259108281113186,0
18.254,2.9577188313557747,0.06711184235787668,0.40114642600104944,1.210847523488745,97.65610233229043,1
479.0,6.173786103901937,0.42337624711159105,0.6957252144978994,98.09873781626851,97.18453013254846,0
16.067,2.83714677443662,-0.009469247979745382,0.4191822743228917,62.241364156599666,45.83634794263062,0
52.0,3.970291913552122,0.02150984730326786,0.47396833736579186,50.626605949520275,43.771682493354135,0
226.0,5.424950017481403,0.2528813788727231,0.9152560408438914,49.781250803429025,31.37031247571562,1
18.254,2.9577188313557747,-0.058155093621563264,0.5416973660328384,14.63739921622491,20.831539000851794,0
95.308,4.567551389081583,0.0974280491537172,0.46689068645624504,61.58631881823046,20.9059373706846,0
8.209,2.22018126673923,-0.058877640156032196,0.4336116060838766,96.32225394406113,87.05269662693841,0
10.198,2.4157351909267017,-0.08919839687098663,0.35802638060173575,41.87705248920731,50.15179603501664,0
16.067,2.83714677443662,0.0539841421426496,0.39416930790823085,89.01411373960147,14.551548278735915,0
13.813,2.695505173599915,0.04147706925176045,0.5232733014298034,37.728416310462265,23.20181803088107,0
