id_hogar,ingreso_mensual_hogar,estrato_socioeconomico,recibe_subsidio,numero_integrantes_hogar,numero_menores_hogar,adulto_mayor_hogar,persona_con_discapacidad_hogar,acceso_internet_estable,acceso_servicios_basicos_completo,riesgo_habitacional,tiempo_desplazamiento_cabecera_min,distancia_centro_salud_min,inasistencia_escolar_hogar,nivel_educativo_jefe_hogar,barrio
H00001,1357735,3,0,2,1,0,0,0,1,3,63,40,0,2,Buenos Aires
H00002,3392652,2,1,4,1,0,0,1,1,1,51,17,0,3,Buenos Aires
H00003,1758974,1,1,6,3,0,0,1,1,3,41,44,0,3,El Progreso
H00004,2508885,3,0,3,2,0,0,1,1,2,25,19,0,3,Las Acacias
H00005,2350140,2,1,6,0,0,0,1,1,1,47,8,0,5,San Carlos
H00006,1762575,3,1,7,5,0,0,1,1,2,37,7,1,2,Villa Sofía
H00007,716217,1,1,6,2,1,0,1,0,4,70,36,0,1,Nueva Colombia
H00008,2969657,3,0,4,2,1,0,1,1,2,44,18,1,3,San Luis
H00009,968332,1,0,6,2,1,0,0,1,3,70,41,0,2,La Primavera
H00010,1171118,2,1,7,3,1,0,0,1,2,29,32,0,4,La Unión
H00011,1104959,2,1,5,1,1,1,1,0,3,46,60,1,1,La Victoria
H00012,1900579,2,1,6,4,0,0,1,1,3,65,17,0,2,Centro
H00013,3046022,3,0,4,0,0,0,1,1,2,52,11,0,3,El Porvenir
H00014,1550793,2,0,4,0,1,0,0,1,2,62,21,1,3,Villa Sofía
H00015,1161314,2,0,4,2,0,0,1,1,2,50,14,0,2,La Primavera
H00016,2841632,2,0,6,0,0,0,1,1,1,26,17,0,5,Las Acacias
H00017,2934005,4,0,4,1,0,0,1,1,1,31,24,0,3,San Carlos
H00018,1486363,2,0,5,3,0,0,0,1,3,55,31,1,2,Nueva Colombia
H00019,1243010,1,1,8,1,0,0,1,1,3,84,69,1,4,El Carmen
H00020,1170921,1,0,5,3,1,0,1,1,4,45,31,0,1,El Carmen
H00021,720378,1,1,4,1,0,0,0,1,3,27,14,0,3,El Progreso
H00022,1008435,1,0,6,2,0,1,1,1,5,46,66,0,2,La Aurora
H00023,1425916,1,0,2,1,1,0,1,1,2,35,31,0,2,San Jorge
H00024,1011658,2,1,5,3,1,0,0,1,5,116,56,0,1,Buenos Aires
H00025,3492588,3,0,5,3,0,0,1,1,3,22,21,0,2,El Progreso
H00026,919736,1,1,6,1,1,0,0,1,4,52,34,0,3,San Jorge
H00027,808661,2,0,5,2,0,1,0,0,5,51,33,0,2,Manablanca
H00028,1338745,2,1,5,5,0,0,1,0,4,33,4,0,2,Villa Diana
H00029,1028315,2,1,3,1,1,0,1,1,2,47,27,0,1,El Carmen
H00030,2291701,1,1,5,3,0,0,1,0,4,25,25,1,4,Bellavista
H00031,1997114,3,0,7,2,0,0,1,1,5,42,12,0,4,La Victoria
H00032,1246069,2,1,4,1,0,0,1,1,1,68,32,0,3,Las Acacias
H00033,1124693,1,1,2,2,0,0,0,1,2,64,20,0,2,Las Flores
H00034,1191279,2,1,8,5,0,0,1,0,3,33,32,0,3,Las Acacias
H00035,1229141,2,0,5,1,0,0,0,1,5,74,41,0,3,Bellavista
H00036,1413019,1,1,3,1,0,0,0,1,4,70,57,0,2,El Carmen
H00037,1444522,2,0,6,2,0,0,1,0,1,23,35,0,4,Los Pinos
H00038,1423907,3,0,7,2,0,0,1,1,3,31,23,0,1,El Progreso
H00039,1832402,1,1,5,1,1,0,0,1,4,45,7,0,2,Villa Diana
H00040,1739849,1,1,3,3,0,0,1,1,4,55,33,1,1,El Porvenir
H00041,1416812,2,1,3,3,0,0,0,0,3,39,34,1,2,El Progreso
H00042,3667960,4,0,4,0,0,0,1,1,2,31,15,0,3,San Carlos
H00043,1358963,1,0,4,2,1,0,1,1,3,48,26,0,2,El Bosque
H00044,3292158,3,0,3,1,0,0,0,1,2,38,21,0,4,Centro
H00045,2420878,2,0,3,2,0,1,1,1,2,32,24,0,3,La Esperanza
H00046,3290117,4,1,2,0,0,0,1,1,2,17,15,0,4,Las Acacias
H00047,1544807,2,1,3,0,0,0,1,0,1,21,13,0,3,Bellavista
H00048,2189825,2,1,4,3,0,1,1,1,1,21,20,0,3,El Carmen
H00049,1100748,1,1,5,0,0,0,1,1,3,32,8,0,1,El Carmen
H00050,986872,2,1,4,3,0,0,0,1,5,52,50,1,1,Buenos Aires
H00051,1233000,2,0,2,3,0,0,1,0,3,61,43,1,3,La Primavera
H00052,1122265,1,0,4,2,1,0,1,1,3,29,9,0,3,Manablanca
H00053,1177841,2,1,5,2,0,0,1,0,5,43,10,0,1,El Progreso
H00054,1513577,1,0,5,3,0,0,0,1,5,44,19,0,1,Las Acacias
H00055,2428118,3,1,6,1,1,0,1,0,4,67,30,1,1,Las Acacias
H00056,1951203,3,0,7,4,1,0,0,1,4,35,50,0,3,La Unión
H00057,1685806,2,0,8,2,1,0,1,1,3,31,33,0,1,La Victoria
H00058,3010451,3,0,3,1,0,0,1,1,1,45,4,0,3,San Carlos
H00059,956167,2,1,4,2,0,0,1,1,4,17,27,0,4,El Progreso
H00060,1711615,2,1,5,0,0,0,0,1,3,79,28,0,4,La Aurora
H00061,2187784,3,1,4,2,0,0,0,1,5,18,15,1,3,Nueva Colombia
H00062,2011259,2,0,6,3,1,1,0,1,3,31,45,0,2,San Carlos
H00063,3071193,3,0,3,1,0,0,0,1,1,15,15,0,3,San Luis
H00064,1554303,1,1,6,3,0,0,1,1,4,38,32,1,2,Bellavista
H00065,1092097,1,1,8,1,0,0,1,1,4,58,110,0,3,Nueva Colombia
H00066,1285274,2,1,7,1,0,0,0,1,4,69,49,0,1,San Luis
H00067,1539851,2,1,3,0,0,0,0,1,4,70,31,0,2,Altos del Sol
H00068,2643643,3,0,2,1,0,0,1,1,2,19,22,0,3,El Porvenir
H00069,1259917,2,0,3,3,0,0,0,1,5,28,42,0,1,Santa Ana
H00070,1115139,1,0,5,2,1,0,0,1,4,66,41,0,1,El Progreso
H00071,1006341,1,1,5,2,1,0,0,1,3,31,37,1,3,Altos del Sol
H00072,2970389,3,0,4,1,0,0,1,1,2,37,14,1,4,El Porvenir
H00073,1071524,1,1,4,2,1,0,0,0,5,51,6,0,2,Manablanca
H00074,1671145,3,0,7,2,0,0,1,1,4,34,42,0,3,Villa Sofía
H00075,1150979,1,0,5,3,0,1,1,0,4,24,30,0,2,Las Flores
H00076,1181430,1,1,5,3,0,0,0,1,4,76,69,0,2,La Aurora
H00077,923470,1,0,5,2,0,1,1,0,5,36,28,0,2,La Esperanza
H00078,1955323,2,1,4,1,1,0,0,0,3,73,25,0,3,La Aurora
H00079,4182568,2,0,3,1,0,0,1,1,1,23,26,0,4,San Jorge
H00080,760782,1,0,7,0,1,0,0,0,5,20,66,0,1,Las Acacias
H00081,563182,1,1,3,1,0,0,1,0,4,54,17,0,2,La Primavera
H00082,1167199,3,1,8,3,0,0,0,1,5,37,4,1,3,Villa Diana
H00083,933966,1,0,4,1,0,0,0,1,3,60,28,0,1,La Aurora
H00084,1168456,2,1,5,2,0,0,0,0,2,73,29,0,1,Nueva Colombia
H00085,1166531,1,1,6,2,0,0,1,1,3,32,31,0,3,San Jorge
H00086,1617747,1,0,4,2,0,0,1,1,4,45,33,0,2,San Jorge
H00087,3037579,4,0,4,1,0,0,1,0,3,35,10,0,4,San Luis
H00088,2230192,3,0,1,1,0,0,1,1,3,28,12,0,3,Centro
H00089,3694812,3,0,3,0,0,0,1,1,2,14,10,0,2,El Carmen
H00090,1765447,2,1,3,1,0,0,0,0,4,68,21,0,1,Nueva Colombia
H00091,1056567,1,1,5,2,1,1,1,0,4,52,61,0,1,Villa Sofía
H00092,1963223,3,1,7,4,0,0,0,1,3,35,21,0,4,Centro
H00093,2538671,2,0,3,0,0,0,1,1,2,25,3,1,2,Centro
H00094,896412,2,1,4,1,0,1,0,0,4,117,86,0,2,La Aurora
H00095,3135989,3,0,2,1,0,0,0,1,1,20,18,0,4,La Esperanza
H00096,1610668,1,0,6,0,0,0,1,0,3,73,56,0,2,San Luis
H00097,1309770,1,1,6,2,1,0,0,1,4,49,38,1,4,Buenos Aires
H00098,2944866,2,0,3,0,0,0,1,1,2,18,22,1,3,Villa Diana
H00099,1284142,2,1,5,2,0,0,0,0,4,73,48,0,4,Villa Sofía
H00100,2887204,2,0,4,0,0,0,1,1,1,48,9,0,3,Los Pinos
H00101,1765913,3,0,4,1,0,0,1,1,1,43,21,0,2,Santa Ana
H00102,450000,2,0,3,2,1,1,1,1,2,37,62,0,4,La Primavera
H00103,999017,3,1,3,1,0,0,0,1,3,18,42,1,1,El Progreso
H00104,1629223,3,0,6,2,0,0,0,1,4,42,4,0,3,El Porvenir
H00105,1779171,2,0,6,4,0,0,1,1,4,41,4,0,2,Santa Ana
H00106,3194883,4,0,4,0,0,0,1,1,2,28,29,0,3,Buenos Aires
H00107,1858243,1,0,7,5,0,0,1,1,1,42,34,0,2,Los Pinos
H00108,2369797,4,0,3,0,0,0,1,1,3,18,24,0,3,El Porvenir
H00109,1563320,3,0,3,2,0,0,0,1,2,23,3,0,3,El Progreso
H00110,1489506,3,0,4,3,0,0,1,0,4,69,40,0,3,Las Flores
H00111,601048,1,0,4,2,0,0,0,0,3,29,34,0,3,Altos del Sol
H00112,2475414,1,0,5,2,1,0,1,1,1,18,33,1,3,Villa Sofía
H00113,1088461,3,1,6,2,1,0,0,0,2,15,28,1,3,San Carlos
H00114,1002647,2,1,3,2,1,0,0,1,2,53,31,1,3,El Progreso
H00115,2427053,3,1,7,3,0,0,1,1,4,40,4,0,4,San Carlos
H00116,1610449,2,1,5,2,1,0,0,1,4,48,20,0,1,Centro
H00117,2481101,2,1,4,2,0,0,1,1,2,25,7,1,2,San Luis
H00118,1828527,2,1,5,1,0,0,0,0,4,138,71,0,2,La Primavera
H00119,1610523,3,1,7,2,0,0,1,1,4,23,22,1,1,La Aurora
H00120,2018798,3,0,7,4,1,0,0,1,3,37,31,0,3,Las Acacias
H00121,960834,2,0,2,1,0,0,0,1,2,37,37,0,2,La Victoria
H00122,3653300,4,0,4,1,0,0,1,1,1,36,22,1,4,San Carlos
H00123,1519408,2,1,3,0,0,0,0,0,4,71,63,1,2,El Carmen
H00124,1955343,2,1,3,1,0,0,1,1,3,59,47,0,4,El Bosque
H00125,1760972,1,1,2,0,1,0,0,1,3,56,32,0,3,El Carmen
H00126,1976216,2,0,3,1,0,0,1,1,2,35,6,1,4,Los Pinos
H00127,1989072,1,1,4,0,0,0,1,1,1,53,49,0,3,La Primavera
H00128,2409491,1,1,7,4,1,0,1,1,3,5,32,0,2,El Progreso
H00129,895246,1,1,5,4,0,0,0,1,5,128,90,1,3,Buenos Aires
H00130,3384036,2,1,1,1,1,0,0,0,2,44,22,0,4,La Primavera
H00131,3665948,4,1,4,1,0,0,1,1,2,65,10,0,3,El Progreso
H00132,1297445,3,1,5,2,0,0,1,1,2,19,67,0,4,Altos del Sol
H00133,3562086,3,0,3,0,0,0,1,1,3,22,9,0,5,San Carlos
H00134,2370847,2,0,2,2,0,0,1,1,5,77,54,0,2,Las Acacias
H00135,755130,2,0,4,2,0,0,0,1,4,61,87,0,2,Altos del Sol
H00136,1873211,2,1,4,2,1,0,0,1,3,77,95,0,2,La Primavera
H00137,1032530,2,1,4,2,0,0,0,0,3,53,33,0,2,San Luis
H00138,2803422,2,0,3,0,0,0,1,1,2,9,21,0,3,Villa Diana
H00139,2059933,2,0,6,1,0,0,0,1,3,54,24,0,2,La Primavera
H00140,1857202,3,1,3,1,0,0,1,1,1,29,16,0,2,San Jorge
H00141,1333285,2,1,4,1,1,0,1,1,2,35,23,0,2,Santa Ana
H00142,2843114,2,0,2,1,1,0,1,1,2,7,24,0,4,La Esperanza
H00143,2381852,3,1,2,0,0,0,0,0,3,11,9,0,4,San Carlos
H00144,1553586,1,0,3,1,1,0,0,1,2,19,9,0,3,El Bosque
H00145,2775067,3,0,2,1,0,0,1,1,2,20,21,0,5,Centro
H00146,1830208,2,1,2,1,1,0,1,0,3,75,10,0,1,Nueva Colombia
H00147,837688,2,1,6,3,1,0,0,1,4,55,65,0,2,Villa Diana
H00148,1099916,2,0,5,2,0,0,1,1,4,32,19,0,3,San Carlos
H00149,731630,1,0,8,2,0,0,0,0,3,35,41,0,2,Centro
H00150,1267969,3,1,5,1,1,0,1,1,3,64,43,1,2,El Bosque
H00151,2306497,4,0,5,2,1,0,0,1,2,27,21,0,3,Villa Diana
H00152,3144823,3,1,3,1,0,0,1,1,2,42,41,0,3,El Porvenir
H00153,1887732,2,1,5,1,0,0,1,1,3,43,57,1,2,El Carmen
H00154,1076132,1,0,6,3,0,0,0,0,5,91,49,0,2,La Aurora
H00155,2200000,3,1,4,1,0,0,1,1,4,63,44,1,2,Altos del Sol
H00156,1742649,1,1,6,3,0,0,0,1,2,8,34,1,3,Altos del Sol
H00157,3770120,3,1,2,1,0,1,1,1,2,29,20,0,4,La Esperanza
H00158,1374623,2,1,3,3,1,1,1,0,4,29,28,0,3,Nueva Colombia
H00159,1506841,1,1,4,0,1,0,0,1,2,29,41,0,2,Las Flores
H00160,2496054,2,0,4,1,0,0,1,1,1,32,31,1,5,Centro
H00161,1337411,2,1,3,0,0,0,1,1,4,35,27,0,2,El Porvenir
H00162,998056,1,0,5,3,1,0,0,1,5,50,26,0,2,San Luis
H00163,1630919,2,1,3,1,1,0,0,1,1,60,66,0,1,San Jorge
H00164,1653860,2,0,7,4,0,0,1,1,4,44,4,1,3,Buenos Aires
H00165,3062741,4,0,2,2,1,0,1,1,2,25,33,0,5,Bellavista
H00166,2437604,3,1,4,1,1,0,1,1,1,31,10,0,2,La Unión
H00167,3130827,2,0,6,1,0,0,1,1,3,22,27,1,3,El Porvenir
H00168,1914633,2,1,3,1,1,0,1,1,1,22,34,0,4,El Carmen
H00169,2109711,3,0,4,1,0,0,1,1,2,30,17,0,4,La Primavera
H00170,1728839,3,0,8,3,0,0,1,0,3,29,40,1,2,Las Acacias
H00171,1639827,2,1,3,2,1,0,1,0,4,87,49,0,1,Buenos Aires
H00172,1207647,2,1,7,2,0,0,0,0,3,46,6,1,2,La Aurora
H00173,702151,1,0,6,1,0,1,1,1,5,71,22,1,3,San Luis
H00174,2100995,2,0,4,1,1,0,1,1,3,30,17,1,3,San Luis
H00175,3645471,3,0,2,1,1,0,1,1,3,37,11,1,3,Villa Diana
H00176,1986683,3,0,7,2,0,0,0,0,5,30,29,1,2,Villa Sofía
H00177,1366187,3,1,5,1,1,0,1,1,2,26,16,0,3,Altos del Sol
H00178,1683122,2,1,3,1,0,0,0,1,4,48,56,1,4,Manablanca
H00179,2841780,2,0,3,1,0,0,1,0,2,12,3,0,4,Las Acacias
H00180,825880,3,1,4,2,0,0,1,0,5,53,17,1,3,El Bosque
H00181,2127754,2,0,7,3,0,1,1,0,3,37,27,0,2,San Jorge
H00182,1018616,1,1,3,3,0,0,1,0,4,43,7,0,3,Las Flores
H00183,1557939,2,1,4,2,0,0,1,1,5,48,42,1,4,Villa Sofía
H00184,2016468,3,0,3,0,0,0,1,1,3,34,23,1,4,Bellavista
H00185,1414398,2,0,3,2,0,0,1,1,5,56,47,0,2,Las Flores
H00186,2563799,2,0,4,3,0,1,1,1,1,30,18,0,5,Villa Diana
H00187,1852330,1,0,8,3,0,0,1,1,3,19,4,0,3,San Luis
H00188,906210,1,1,5,1,1,0,0,1,2,17,27,0,3,San Carlos
H00189,1975053,3,1,3,4,0,0,0,1,5,57,80,0,1,Nueva Colombia
H00190,1181511,1,1,6,3,0,0,1,1,3,55,24,0,1,El Carmen
H00191,782795,2,1,4,1,0,1,0,1,3,44,33,0,2,Nueva Colombia
H00192,1319207,3,1,2,2,0,0,1,1,2,47,19,1,4,San Carlos
H00193,2076322,3,0,4,0,1,0,1,1,3,35,23,0,5,La Unión
H00194,1614923,2,0,4,1,0,0,0,0,1,17,14,0,3,El Porvenir
H00195,2395681,1,0,4,2,0,0,0,1,4,87,76,0,2,Villa Sofía
H00196,1909287,2,1,4,1,0,0,1,0,3,46,23,0,3,Centro
H00197,1038562,1,1,6,2,1,0,1,0,5,123,52,0,1,Nueva Colombia
H00198,3402043,4,1,5,0,0,0,1,1,1,14,20,0,3,La Unión
H00199,933124,1,1,3,0,1,0,0,1,3,137,41,0,1,El Bosque
H00200,1137550,3,1,4,3,0,0,1,1,4,25,18,0,2,La Esperanza
H00201,1275749,2,0,6,3,1,0,1,1,5,51,21,0,3,La Victoria
H00202,1224517,1,1,6,2,0,0,1,1,2,41,20,0,1,Villa Sofía
H00203,1587347,2,1,4,2,0,0,1,1,5,50,17,0,1,Los Pinos
H00204,2462200,2,0,3,1,0,0,1,1,1,27,44,0,2,La Esperanza
H00205,1366566,2,1,5,0,1,0,0,1,3,39,27,0,3,El Progreso
H00206,2090934,2,1,4,1,0,1,1,1,3,47,12,0,4,La Victoria
H00207,1605340,2,1,7,1,0,1,0,0,5,54,54,0,4,Buenos Aires
H00208,1013919,1,1,3,1,1,0,0,0,4,28,59,0,1,Buenos Aires
H00209,1635900,3,0,3,3,0,0,1,1,4,66,4,0,3,San Luis
H00210,1711543,2,0,6,2,0,0,1,1,1,7,18,0,2,La Victoria
H00211,1479543,2,1,5,1,1,0,0,1,4,39,32,0,4,Villa Sofía
H00212,1581907,1,0,3,2,0,0,0,1,3,99,67,1,2,Las Acacias
H00213,1318905,2,1,3,2,0,0,1,1,2,34,32,1,2,El Bosque
H00214,829501,2,1,6,3,1,0,1,1,3,38,35,1,1,Bellavista
H00215,1015894,2,1,4,1,0,0,1,0,2,53,27,0,3,Villa Sofía
H00216,1608252,3,0,5,2,1,0,0,1,3,33,21,0,2,La Esperanza
H00217,1616094,3,1,4,1,0,0,1,0,3,108,29,0,4,Manablanca
H00218,736882,2,0,8,1,0,0,1,0,4,100,45,1,3,Manablanca
H00219,3432433,3,0,3,0,0,0,0,1,2,35,24,0,3,La Victoria
H00220,2132353,3,0,6,3,0,0,1,1,2,32,10,0,5,San Jorge
H00221,815178,2,0,5,0,0,0,0,1,3,48,56,0,4,Altos del Sol
H00222,1326831,2,1,8,4,0,0,0,1,3,30,45,0,2,El Carmen
H00223,1027378,1,0,4,1,1,0,1,0,3,40,22,0,4,Altos del Sol
H00224,2089118,3,1,5,2,0,0,1,1,4,77,36,0,3,La Victoria
H00225,2966220,2,1,3,0,1,0,1,1,1,6,6,0,3,La Primavera
H00226,2498590,2,0,2,2,0,0,1,1,2,31,36,0,5,San Jorge
H00227,1817664,1,1,7,3,1,1,1,0,2,13,14,1,3,La Unión
H00228,916791,1,1,5,2,1,0,0,1,2,56,29,0,3,La Unión
H00229,1381432,2,0,5,1,0,0,0,1,3,64,39,1,2,La Aurora
H00230,2061821,1,1,6,1,1,0,1,1,5,78,64,0,3,El Carmen
H00231,2119991,2,0,4,0,1,0,1,0,5,74,85,0,3,Nueva Colombia
H00232,1995434,1,1,4,3,1,0,1,1,2,26,5,0,2,San Carlos
H00233,767229,1,1,3,0,0,0,0,1,3,137,50,0,2,Buenos Aires
H00234,1670375,2,0,6,4,0,0,1,1,3,45,32,0,1,Los Pinos
H00235,3537996,3,0,3,1,1,0,1,1,2,11,11,0,3,San Luis
H00236,2074640,2,1,4,4,1,0,1,1,2,31,20,0,3,Los Pinos
H00237,1174632,2,0,6,2,0,0,1,1,4,45,40,0,1,El Progreso
H00238,649582,1,0,3,3,0,0,1,1,5,47,40,0,1,Nueva Colombia
H00239,3340802,3,0,3,1,0,0,1,1,2,32,14,0,3,El Porvenir
H00240,1328289,1,1,7,2,0,0,0,0,3,46,14,1,3,La Aurora
H00241,1163118,2,0,5,3,0,0,1,1,4,21,23,0,3,Centro
H00242,1363771,1,0,5,4,0,0,1,0,5,8,49,0,1,Santa Ana
H00243,1466103,2,0,2,3,1,0,1,1,3,40,18,0,4,San Luis
H00244,525859,1,1,2,1,1,0,0,0,4,102,54,0,1,Altos del Sol
H00245,1808374,3,0,4,2,0,0,1,1,1,12,9,0,4,La Primavera
H00246,1308919,1,1,7,2,1,0,1,1,3,10,20,0,1,La Primavera
H00247,1227115,1,0,5,0,0,0,1,0,3,10,25,0,4,La Primavera
H00248,2736408,3,1,4,2,1,0,1,1,3,34,14,0,4,Buenos Aires
H00249,2957999,3,0,3,1,0,0,1,1,2,23,3,0,4,La Unión
H00250,2367764,3,0,3,0,0,0,1,1,3,29,27,0,4,La Esperanza
H00251,1611587,3,0,6,0,0,0,1,1,5,24,27,0,4,Los Pinos
H00252,1221633,1,0,8,2,1,1,1,1,3,50,31,0,3,El Progreso
H00253,2260963,3,1,5,1,1,0,1,1,2,20,7,0,3,San Jorge
H00254,1031571,1,1,4,3,0,0,1,1,3,38,16,1,2,El Bosque
H00255,1504194,2,0,7,3,1,0,1,1,3,30,6,0,2,El Carmen
H00256,3591380,3,1,5,2,0,0,1,1,1,25,23,0,4,La Unión
H00257,833719,1,0,4,3,1,0,0,0,5,51,103,0,1,El Carmen
H00258,895997,1,1,6,2,0,0,1,1,3,31,23,1,2,Altos del Sol
H00259,1316231,3,1,3,4,0,0,1,1,3,36,27,0,3,El Bosque
H00260,1773006,2,1,6,3,1,0,1,0,3,40,27,0,2,Villa Diana
H00261,1393485,2,1,4,2,0,0,1,1,3,61,36,0,3,El Bosque
H00262,1238491,1,1,8,4,0,0,1,1,5,46,37,0,4,San Jorge
H00263,2649852,2,0,4,0,0,0,1,1,1,3,10,0,3,Buenos Aires
H00264,2894814,2,0,2,1,0,0,0,1,1,19,21,0,2,La Unión
H00265,3096699,2,0,5,0,0,0,1,1,2,25,12,0,4,El Carmen
H00266,1396407,1,0,5,2,0,0,1,1,4,47,19,0,3,El Carmen
H00267,4181720,3,0,4,0,1,0,1,1,1,34,15,0,5,Santa Ana
H00268,1632058,2,1,5,2,0,0,1,1,3,57,40,0,3,San Jorge
H00269,1758357,3,0,3,0,0,0,1,1,1,28,18,0,3,Centro
H00270,2830211,2,0,2,2,0,0,0,0,2,38,19,1,4,El Progreso
H00271,1990838,3,1,5,1,1,0,0,1,5,49,52,0,2,Altos del Sol
H00272,1968370,2,1,4,3,0,0,0,0,5,30,53,0,1,Villa Sofía
H00273,2078949,3,1,4,4,0,0,1,0,2,5,18,1,1,Manablanca
H00274,2262440,1,0,5,2,0,0,1,0,2,28,7,0,3,Santa Ana
H00275,1866101,1,1,7,2,0,0,1,1,1,35,24,0,1,Centro
H00276,3733523,4,1,3,0,0,1,1,1,2,22,29,0,2,Buenos Aires
H00277,1132690,1,1,7,4,0,0,1,1,4,41,4,1,4,Las Acacias
H00278,1597364,2,0,4,2,0,0,0,1,5,67,36,0,2,Las Acacias
H00279,1750538,2,1,4,2,0,0,1,1,4,42,28,0,2,San Jorge
H00280,642607,2,1,4,2,1,0,0,1,5,94,63,0,2,San Luis
H00281,1399090,2,1,4,3,1,0,1,1,5,28,34,0,3,El Bosque
H00282,761075,2,0,6,2,1,0,1,1,2,97,50,1,1,Villa Sofía
H00283,3719129,3,0,4,1,0,0,1,1,3,17,21,0,3,San Jorge
H00284,1072130,2,1,2,1,0,0,0,1,3,12,27,0,2,Santa Ana
H00285,936431,2,1,4,2,0,1,0,1,4,29,32,0,3,La Aurora
H00286,1885496,1,0,6,3,1,0,1,1,2,17,35,1,4,La Unión
H00287,1851882,3,0,8,2,0,1,0,0,4,5,24,0,2,Centro
H00288,1381348,1,1,5,3,1,0,0,0,5,38,25,0,2,El Carmen
H00289,2236309,4,0,4,0,0,0,1,1,2,19,13,0,4,El Porvenir
H00290,1257463,2,1,4,2,1,0,1,1,2,42,30,0,2,La Unión
H00291,1190935,1,1,2,2,0,1,1,1,4,53,4,0,3,Nueva Colombia
H00292,1731885,2,0,5,2,1,0,1,1,3,49,24,0,2,Altos del Sol
H00293,2532251,3,0,6,3,0,0,1,1,1,27,25,0,4,La Esperanza
H00294,2917640,2,0,5,3,1,0,1,1,2,25,5,0,2,San Jorge
H00295,1234473,2,1,2,2,0,0,1,1,5,58,42,0,2,Nueva Colombia
H00296,1072060,2,1,6,0,0,0,1,1,2,28,19,0,3,San Luis
H00297,1352174,2,0,2,1,1,0,0,1,3,45,61,1,2,Manablanca
H00298,2932357,3,1,3,2,0,1,0,1,1,28,4,0,4,La Unión
H00299,1585006,2,0,3,0,1,0,1,1,1,24,13,0,4,San Carlos
H00300,597865,2,1,4,1,1,0,0,0,3,130,82,0,2,Manablanca
H00301,2266309,2,1,3,1,0,0,1,1,3,63,33,0,3,La Aurora
H00302,1373909,1,0,4,1,1,0,0,0,2,78,52,0,4,El Bosque
H00303,1632085,2,0,2,1,0,1,1,1,4,60,28,1,2,Centro
H00304,2869219,3,0,4,1,0,0,1,1,2,42,12,0,4,Santa Ana
H00305,2735236,3,0,3,2,1,0,1,1,1,35,10,1,4,Las Flores
H00306,1828661,1,1,5,4,0,0,1,1,3,5,20,1,3,La Unión
H00307,3460083,2,0,2,4,0,0,1,1,2,14,22,0,5,La Victoria
H00308,1262289,2,1,4,3,0,0,0,0,4,74,21,0,1,El Porvenir
H00309,847745,2,1,5,1,1,0,1,0,4,139,57,0,1,Villa Sofía
H00310,960308,1,1,3,0,0,0,1,0,3,24,22,0,2,Villa Sofía
H00311,2436208,2,1,2,2,0,0,1,1,3,3,13,0,3,Las Flores
H00312,2822231,3,0,2,3,0,0,1,1,2,34,32,0,5,Las Flores
H00313,2485849,4,0,2,0,0,0,1,1,2,29,31,0,3,Los Pinos
H00314,1367550,3,0,3,2,1,0,0,0,3,75,32,0,1,San Jorge
H00315,360245,1,0,6,3,1,1,0,1,5,57,96,1,3,El Bosque
H00316,2843548,2,0,4,1,0,0,1,1,2,20,30,1,5,Villa Diana
H00317,1421909,1,0,3,3,0,0,0,0,4,47,13,0,2,Bellavista
H00318,2240472,3,0,4,1,0,1,1,1,3,23,25,0,5,Los Pinos
H00319,1573242,2,1,2,1,0,0,0,1,4,36,33,0,1,Santa Ana
H00320,1519930,2,1,7,3,0,0,0,1,2,25,22,0,3,El Carmen
H00321,1229212,2,1,5,2,0,0,1,1,4,37,25,0,3,Villa Diana
H00322,1886227,2,0,6,2,0,1,1,1,4,66,41,0,1,El Porvenir
H00323,2313177,4,1,3,0,1,0,0,0,2,51,24,0,3,Buenos Aires
H00324,2829632,3,0,5,2,0,0,1,1,2,32,11,0,2,El Carmen
H00325,1552993,2,1,3,1,0,0,1,1,1,45,32,1,3,Las Acacias
H00326,1245756,2,0,1,2,0,0,1,1,2,36,41,0,3,El Progreso
H00327,1906910,2,0,7,3,1,0,0,1,3,29,9,0,2,Las Acacias
H00328,1526555,1,0,4,3,0,0,1,1,5,66,29,1,4,La Esperanza
H00329,1324306,2,0,4,3,0,0,0,0,3,33,28,0,3,El Porvenir
H00330,1505336,2,1,4,2,0,0,1,1,3,43,27,0,1,Centro
H00331,2200673,3,1,3,1,1,0,1,0,3,67,61,0,3,San Luis
H00332,744470,2,0,5,3,1,0,1,1,4,37,30,0,3,Manablanca
H00333,2186361,2,0,7,4,0,0,1,1,1,59,23,0,4,Manablanca
H00334,843423,2,1,6,2,0,0,1,1,5,91,84,0,1,Las Acacias
H00335,3400166,2,1,3,2,0,0,1,1,2,36,5,0,5,La Victoria
H00336,1435913,2,1,3,4,0,0,0,1,4,52,29,0,2,Manablanca
H00337,1163333,2,0,3,1,0,0,1,1,4,31,20,0,2,Los Pinos
H00338,1385039,2,0,2,0,0,0,1,1,1,17,3,0,4,El Porvenir
H00339,2196683,3,0,6,4,0,0,1,0,1,5,25,1,2,San Luis
H00340,1444569,1,0,7,2,0,0,1,0,3,10,26,0,2,San Jorge
H00341,1245390,2,1,3,1,0,0,0,1,3,51,34,0,2,Villa Sofía
H00342,480099,1,1,5,4,0,0,1,1,5,108,74,0,1,El Bosque
H00343,1599806,2,0,2,1,0,0,1,1,5,79,13,1,1,El Bosque
H00344,398482,1,0,3,1,1,0,1,1,4,24,27,0,1,La Victoria
H00345,2395453,3,0,4,2,0,0,1,1,1,25,26,0,3,La Victoria
H00346,2602681,4,0,1,1,0,0,1,1,2,41,15,0,3,El Carmen
H00347,3148951,3,1,4,1,0,0,1,0,1,46,20,0,5,Bellavista
H00348,1972212,3,0,4,3,1,0,1,1,2,7,28,0,3,Los Pinos
H00349,1388487,2,1,4,3,0,0,0,1,3,49,18,1,3,Bellavista
H00350,665975,2,1,5,3,0,0,1,1,5,38,9,0,2,Villa Sofía
H00351,1348848,3,0,3,2,0,0,1,0,4,44,14,0,3,Santa Ana
H00352,1485405,3,0,5,3,0,0,0,0,3,26,29,1,2,Altos del Sol
H00353,1423574,2,1,3,2,0,0,0,1,4,55,28,0,3,Villa Sofía
H00354,505368,1,1,6,5,0,0,0,0,4,135,70,1,2,Buenos Aires
H00355,1322132,3,0,4,1,0,0,1,1,2,25,15,1,4,Santa Ana
H00356,1909002,3,1,3,1,1,0,0,1,3,27,3,0,2,San Jorge
H00357,1198572,2,1,4,3,0,0,0,1,4,34,38,0,2,Buenos Aires
H00358,2098265,3,0,4,3,0,0,1,1,1,46,15,1,4,El Carmen
H00359,2004812,2,0,3,1,0,0,1,1,3,25,19,0,3,Las Flores
H00360,2290118,2,0,4,2,1,0,0,1,2,42,19,0,4,La Esperanza
H00361,2080690,1,0,4,3,1,0,0,0,3,58,68,0,1,La Primavera
H00362,1393074,2,1,3,2,0,1,1,1,3,33,3,0,3,La Primavera
H00363,770486,2,1,4,3,0,1,0,0,4,45,66,0,2,La Victoria
H00364,1705880,1,1,5,4,0,0,1,1,2,25,17,1,2,Los Pinos
H00365,1898481,3,0,5,2,0,0,0,0,2,33,52,0,2,Manablanca
H00366,1704382,3,1,7,1,0,0,1,0,2,23,25,0,1,Nueva Colombia
H00367,3111641,3,0,5,2,0,0,1,1,3,17,16,1,4,El Progreso
H00368,1404186,2,1,6,2,1,0,0,1,4,56,12,0,2,Nueva Colombia
H00369,1756126,3,1,7,2,0,0,0,1,2,58,9,0,3,San Luis
H00370,2190928,3,1,4,1,0,1,1,1,2,16,21,0,4,Villa Diana
H00371,2515697,2,1,1,0,0,0,0,0,2,16,19,0,3,La Primavera
H00372,1191505,3,0,2,1,0,1,1,1,5,21,17,1,3,La Aurora
H00373,2415919,3,1,5,2,1,0,1,1,4,42,35,0,3,Centro
H00374,1582571,3,0,2,3,0,0,0,1,4,31,64,0,2,Manablanca
H00375,1360814,2,1,5,2,0,0,1,1,5,45,20,1,2,La Primavera
H00376,1212621,3,0,5,3,0,0,0,0,2,44,49,1,3,Villa Diana
H00377,2857654,4,1,2,3,0,0,0,1,2,31,32,0,4,Villa Diana
H00378,1139369,2,1,4,1,0,0,0,1,4,89,82,0,1,Altos del Sol
H00379,1252540,2,0,4,1,1,0,1,1,4,60,49,0,2,Villa Sofía
H00380,1254311,2,1,5,0,0,0,0,1,5,45,44,1,1,El Carmen
H00381,1433887,2,1,6,3,1,0,1,1,3,41,35,0,2,El Carmen
H00382,2399889,2,1,7,3,0,1,1,1,3,62,12,0,2,El Carmen
H00383,1855767,2,0,4,0,0,0,0,0,3,24,18,0,3,Santa Ana
H00384,1382627,1,0,5,2,0,0,1,1,4,26,26,0,3,Manablanca
H00385,1957036,2,1,4,2,1,0,1,1,2,49,17,0,1,La Victoria
H00386,1394487,2,1,2,1,0,0,1,0,3,22,17,1,2,San Jorge
H00387,3180815,3,0,2,2,0,0,1,1,1,15,15,0,4,Buenos Aires
H00388,2080214,2,1,5,4,0,0,0,1,2,26,17,0,1,Las Acacias
H00389,1702359,2,0,4,2,0,0,1,1,3,8,29,0,3,Santa Ana
H00390,1248831,2,1,8,2,0,0,1,0,4,43,52,0,2,La Aurora
H00391,1267807,3,1,5,0,0,0,1,1,5,59,40,1,1,La Primavera
H00392,983644,3,0,5,3,1,0,1,1,2,49,20,1,2,Villa Diana
H00393,2197771,2,1,4,1,0,0,0,1,4,69,60,0,2,La Aurora
H00394,1040744,1,1,5,3,1,1,0,1,5,44,24,0,4,La Primavera
H00395,2195486,3,0,3,1,0,0,1,1,2,28,23,0,4,Las Acacias
H00396,2773171,3,1,5,2,0,0,1,1,1,22,16,0,3,Villa Diana
H00397,1585046,2,0,6,2,1,0,1,0,4,30,32,0,2,El Porvenir
H00398,1248863,2,1,4,2,0,0,0,0,3,79,57,0,4,El Carmen
H00399,947899,2,0,8,3,0,0,0,1,4,55,43,1,2,La Victoria
H00400,2086111,1,0,4,2,0,0,1,1,5,67,27,0,2,San Luis
H00401,255369,1,1,7,1,0,0,0,1,5,108,53,0,2,El Carmen
H00402,3177445,3,1,3,2,0,0,0,1,2,13,14,0,5,Las Acacias
H00403,763494,2,1,6,0,0,0,0,0,3,99,75,1,2,San Luis
H00404,407305,2,1,5,1,1,0,0,0,3,77,83,1,1,San Jorge
H00405,1418032,1,0,3,3,1,0,0,1,2,16,39,1,2,El Carmen
H00406,3248208,3,0,4,2,1,0,1,1,3,48,21,0,5,Villa Diana
H00407,1640211,2,1,7,2,0,0,1,1,3,19,16,0,2,El Progreso
H00408,2728196,2,1,3,2,0,0,1,1,2,8,28,0,5,La Esperanza
H00409,1444586,2,0,5,2,0,0,0,0,3,59,52,0,2,La Primavera
H00410,2111035,4,0,4,2,0,0,1,1,2,32,11,0,4,La Victoria
H00411,504701,1,0,8,2,0,0,1,0,5,69,46,0,1,Villa Sofía
H00412,3048723,3,1,3,1,0,0,1,1,2,13,24,0,4,La Primavera
H00413,1931011,2,0,5,3,0,0,0,0,4,45,41,0,2,La Victoria
H00414,1219260,2,0,5,1,0,0,0,0,4,55,48,0,2,San Carlos
H00415,1012358,1,1,2,1,0,0,0,1,2,61,72,0,2,El Carmen
H00416,2207777,3,0,5,2,0,0,1,1,1,31,19,0,3,El Progreso
H00417,1410941,2,0,4,1,0,0,1,1,4,68,26,0,1,Nueva Colombia
H00418,1617517,3,1,5,1,0,0,1,1,3,5,18,0,3,Manablanca
H00419,2150899,3,0,5,1,0,0,1,1,2,39,8,0,3,El Progreso
H00420,1352724,2,1,6,3,0,0,1,1,3,40,54,1,1,Las Acacias
H00421,1860708,2,1,8,3,0,0,1,1,1,29,20,1,2,Altos del Sol
H00422,895945,1,1,6,3,0,0,1,1,4,8,51,1,4,La Primavera
H00423,2559938,2,1,2,1,0,0,1,1,1,8,17,0,4,Buenos Aires
H00424,976687,2,0,2,2,0,0,0,1,4,83,28,0,4,La Aurora
H00425,1899155,3,1,5,1,1,0,1,1,4,58,49,0,1,Manablanca
H00426,844089,2,0,7,1,0,1,1,1,3,31,21,0,3,El Carmen
H00427,1221731,1,1,4,2,0,0,1,0,3,18,59,0,2,El Carmen
H00428,1819175,1,1,10,4,0,0,1,1,4,24,23,0,2,La Esperanza
H00429,1456253,2,1,4,1,0,0,0,0,2,69,39,0,2,El Bosque
H00430,3342548,3,0,2,1,0,0,0,1,2,3,12,0,3,Villa Diana
H00431,2057183,3,1,1,1,0,0,1,1,3,71,39,0,1,Nueva Colombia
H00432,1730441,3,0,6,1,0,0,0,1,3,50,47,0,2,El Bosque
H00433,1539714,2,0,6,4,0,0,1,1,3,48,17,1,1,El Bosque
H00434,1300992,2,0,2,0,0,0,0,1,4,46,35,0,2,La Primavera
H00435,1645608,2,1,5,3,0,0,0,1,3,65,17,0,2,Villa Sofía
H00436,833660,2,1,3,2,0,0,0,1,3,19,33,0,3,La Aurora
H00437,1019047,1,1,4,0,1,0,1,0,5,39,49,0,1,Santa Ana
H00438,2174858,1,0,6,4,0,0,0,1,3,62,24,1,2,Manablanca
H00439,1646732,3,0,3,0,0,0,1,1,2,9,16,0,3,Centro
H00440,1461710,2,0,2,1,0,0,1,0,4,43,28,0,2,La Esperanza
H00441,2495729,3,1,2,1,0,0,1,1,2,12,30,0,3,Santa Ana
H00442,725315,1,0,9,2,1,0,1,1,4,69,28,0,2,Altos del Sol
H00443,1260539,2,0,3,4,0,0,1,1,2,46,25,0,3,Las Acacias
H00444,3817268,3,1,3,3,0,0,1,1,2,40,20,0,3,Buenos Aires
H00445,1163585,3,0,4,3,1,0,0,1,2,48,27,0,2,La Aurora
H00446,694056,2,0,4,4,1,0,1,1,3,27,5,0,3,San Luis
H00447,2973118,2,0,5,1,0,0,1,1,3,51,4,0,4,Santa Ana
H00448,1471716,3,1,5,2,1,0,1,1,3,58,33,0,2,La Unión
H00449,1653386,3,1,5,1,0,0,1,1,5,40,25,0,3,Santa Ana
H00450,1236410,2,1,6,3,0,1,1,0,5,140,62,1,1,Altos del Sol
H00451,1589100,2,1,3,2,0,0,1,1,3,88,31,0,3,La Victoria
H00452,899945,2,1,3,4,0,0,0,1,4,128,53,1,2,La Victoria
H00453,2393829,3,0,5,1,0,0,0,1,2,23,18,0,2,Centro
H00454,1275144,1,0,6,1,0,0,0,1,3,44,39,0,2,La Victoria
H00455,863201,1,1,5,3,0,0,0,0,5,63,18,0,3,El Bosque
H00456,2089196,3,1,3,0,0,0,0,1,4,35,3,0,4,El Progreso
H00457,3104412,3,1,3,1,1,0,1,1,2,24,9,0,4,San Jorge
H00458,1187016,1,0,5,2,0,0,1,0,4,59,56,0,2,Manablanca
H00459,2411993,2,0,4,3,0,0,0,1,3,89,59,0,3,San Luis
H00460,1010915,1,1,4,2,0,1,0,0,4,79,100,1,1,San Jorge
H00461,1211398,2,1,4,2,0,0,1,1,2,25,31,0,2,El Progreso
H00462,2127674,3,1,4,2,0,0,1,0,1,27,9,0,3,Santa Ana
H00463,1717547,2,1,6,2,0,0,1,1,1,5,28,0,1,La Unión
H00464,647299,2,1,7,3,1,0,0,0,5,65,69,1,2,Altos del Sol
H00465,1928232,2,1,5,0,0,0,1,1,2,87,57,0,1,San Jorge
H00466,2897972,3,1,3,0,0,0,0,1,1,3,4,0,4,Las Acacias
H00467,1517793,2,1,4,5,0,1,1,1,5,37,20,0,2,El Bosque
H00468,1422137,1,0,3,3,0,0,1,1,3,63,95,0,1,El Bosque
H00469,1700832,2,1,5,3,1,0,1,1,4,21,38,0,4,El Bosque
H00470,1683240,2,0,1,4,0,1,1,0,4,67,41,1,1,El Carmen
H00471,2153029,2,0,3,3,1,0,1,1,3,37,32,1,3,Nueva Colombia
H00472,3201621,3,0,4,1,0,0,1,1,2,27,30,0,5,La Primavera
H00473,951453,2,1,3,0,0,0,1,0,2,74,18,0,4,San Luis
H00474,2276818,3,0,5,2,1,0,0,0,3,53,8,0,1,El Carmen
H00475,1322535,1,1,5,3,0,0,1,0,4,44,55,1,3,Villa Diana
H00476,2541643,3,0,3,0,1,0,1,1,2,39,10,0,4,La Victoria
H00477,2779280,2,1,6,4,1,0,0,1,1,26,24,0,2,La Esperanza
H00478,1601128,1,0,4,1,1,0,0,1,3,73,29,0,4,Nueva Colombia
H00479,2095311,2,1,4,0,0,0,1,1,1,25,10,0,5,La Victoria
H00480,824068,3,0,5,3,0,0,1,0,1,59,35,0,3,El Bosque
H00481,1563392,2,0,4,1,0,0,0,0,1,74,50,0,1,La Victoria
H00482,1442270,3,0,9,2,0,0,1,1,1,58,16,0,3,La Aurora
H00483,2232403,3,1,7,3,0,0,1,1,3,43,43,1,2,Manablanca
H00484,2113298,2,0,5,3,0,1,1,1,3,28,43,0,4,El Carmen
H00485,1630909,2,0,5,2,1,0,1,1,2,5,31,0,1,El Bosque
H00486,1906177,2,0,4,1,0,0,1,1,2,13,8,0,3,Los Pinos
H00487,1746546,2,0,3,1,0,0,1,1,2,38,28,0,4,El Bosque
H00488,1491912,1,0,4,1,0,0,0,1,3,47,6,0,2,El Progreso
H00489,4137490,4,0,4,0,0,0,0,1,3,46,35,0,4,Santa Ana
H00490,1690642,3,1,6,4,0,0,0,1,2,61,15,0,2,San Luis
H00491,300000,2,1,3,2,0,0,0,1,4,67,8,0,2,Altos del Sol
H00492,2014462,2,1,5,1,0,0,1,1,3,25,31,0,2,Bellavista
H00493,2432441,2,1,5,3,1,0,1,1,3,13,10,0,3,La Aurora
H00494,820907,2,0,5,3,0,0,1,1,2,15,17,0,2,La Aurora
H00495,3367513,2,1,2,1,0,0,1,1,2,30,31,0,4,La Primavera
H00496,2172408,1,0,3,3,1,0,1,1,4,69,55,0,3,Santa Ana
H00497,1273845,2,0,5,1,1,1,1,1,5,33,8,0,4,Buenos Aires
H00498,1714167,2,1,7,2,1,0,1,0,3,17,18,0,4,Villa Sofía
H00499,2033147,2,1,6,2,0,0,1,1,4,12,28,0,3,Centro
H00500,1601848,1,1,4,1,0,0,0,1,4,50,17,0,2,Las Flores
H00501,2531348,4,0,5,4,0,0,1,1,2,4,19,0,4,Los Pinos
H00502,634122,1,1,7,1,0,0,0,1,5,80,68,0,3,Buenos Aires
H00503,956063,2,1,6,0,0,0,1,1,3,38,38,0,1,El Bosque
H00504,2914357,2,0,3,3,0,1,1,1,1,29,29,0,3,La Victoria
H00505,2972531,4,0,2,1,1,0,1,1,2,16,20,0,3,San Luis
H00506,2582625,2,1,2,3,0,0,0,0,1,32,30,0,4,El Carmen
H00507,1589395,3,0,3,2,1,0,1,1,2,55,72,0,2,Altos del Sol
H00508,1836385,2,0,6,3,0,1,1,1,4,20,22,0,3,San Jorge
H00509,1758550,2,0,7,4,1,0,0,1,3,25,4,1,2,Buenos Aires
H00510,2857962,3,0,3,2,1,0,1,1,2,30,17,0,4,San Luis
H00511,918291,1,1,5,0,0,0,1,1,2,52,4,0,2,Altos del Sol
H00512,1930850,1,1,5,0,0,0,0,0,5,39,20,1,2,La Victoria
H00513,1574975,2,1,4,2,0,0,1,1,3,47,41,0,2,La Aurora
H00514,1290512,2,1,4,1,0,0,1,1,3,54,14,0,2,Villa Diana
H00515,1387320,2,1,8,4,0,0,1,1,3,24,20,0,2,Villa Sofía
H00516,737341,1,0,7,2,0,0,0,1,2,71,23,0,3,Bellavista
H00517,1358591,3,0,5,3,1,0,1,1,1,22,29,1,1,La Esperanza
H00518,1966143,3,0,4,3,1,1,1,1,4,58,15,0,2,Bellavista
H00519,1781613,2,0,6,3,1,0,1,1,3,83,17,0,2,Los Pinos
H00520,1393595,2,1,5,1,0,0,1,1,2,39,5,0,2,El Carmen
H00521,2703994,2,0,4,1,0,0,1,1,2,23,24,0,4,San Luis
H00522,1772969,1,1,3,1,1,0,1,1,3,28,14,0,3,El Bosque
H00523,2890348,4,1,3,4,0,0,1,1,2,22,7,1,2,La Unión
H00524,2414680,2,0,1,2,0,0,1,1,2,34,24,0,4,Los Pinos
H00525,3289981,4,0,5,2,0,0,1,1,2,42,22,0,3,San Luis
H00526,912369,2,1,2,2,0,0,1,0,4,26,20,0,3,La Primavera
H00527,1077017,1,1,6,3,0,0,0,1,5,63,13,1,2,Las Acacias
H00528,1275857,1,0,2,1,0,0,1,1,3,26,31,0,2,Nueva Colombia
H00529,1421131,2,1,6,0,1,0,1,0,4,17,16,1,1,La Primavera
H00530,2012726,2,0,5,0,1,1,0,1,2,27,21,0,3,Buenos Aires
H00531,1582447,2,1,6,3,0,0,1,1,4,31,31,0,2,Las Flores
H00532,768350,1,1,8,4,1,0,1,1,4,132,31,0,2,Manablanca
H00533,343099,1,1,6,1,1,0,0,1,3,29,37,1,2,San Jorge
H00534,2248290,2,0,5,4,0,0,1,1,2,47,9,0,2,La Aurora
H00535,1387195,3,0,5,1,1,0,1,1,1,66,88,0,3,Altos del Sol
H00536,980762,1,1,4,2,0,0,1,1,4,115,48,1,2,El Bosque
H00537,150000,1,0,2,0,0,0,1,1,2,29,19,0,1,San Jorge
H00538,1236221,2,1,7,2,0,0,0,0,4,61,6,0,3,Centro
H00539,1943622,2,1,7,4,0,0,1,0,4,52,21,1,4,San Jorge
H00540,1360282,2,0,5,2,0,0,0,0,4,55,54,0,1,La Victoria
H00541,1553731,2,1,3,4,0,0,0,1,1,43,25,0,1,Villa Sofía
H00542,1902513,2,0,3,3,0,0,1,1,3,104,10,0,2,Manablanca
H00543,2283713,2,1,3,0,1,0,1,1,2,10,18,0,3,San Carlos
H00544,2171853,3,1,4,0,1,0,1,1,2,20,10,1,5,Santa Ana
H00545,674617,2,1,6,1,0,0,0,0,4,47,10,1,2,La Esperanza
H00546,1772705,2,1,1,1,1,0,0,1,4,30,73,0,2,El Carmen
H00547,1995550,2,0,5,2,0,0,0,1,3,6,24,0,3,Santa Ana
H00548,1179979,3,1,6,4,0,0,0,1,5,24,43,0,3,Manablanca
H00549,827348,1,1,4,3,0,0,0,1,3,36,18,0,2,El Bosque
H00550,695931,1,1,6,2,0,1,1,1,2,20,26,0,4,Las Flores
H00551,3619513,3,0,5,0,0,0,1,1,1,28,41,0,2,La Primavera
H00552,1087084,1,0,7,3,0,0,1,1,3,51,37,0,3,La Victoria
H00553,1100252,1,1,4,1,0,0,0,0,5,50,27,0,2,El Carmen
H00554,845311,2,1,6,2,0,0,0,1,5,66,104,1,1,La Aurora
H00555,757091,1,0,4,2,1,0,1,1,3,49,37,0,2,La Esperanza
H00556,1802063,3,0,4,0,0,0,1,1,3,33,38,0,3,El Porvenir
H00557,1541547,2,1,8,1,1,0,1,1,2,27,24,0,2,Manablanca
H00558,990619,2,1,7,4,0,0,0,0,5,64,75,1,3,Las Acacias
H00559,1073735,1,1,3,2,0,0,0,1,5,46,36,1,1,Altos del Sol
H00560,2215507,2,1,6,1,1,0,1,0,3,50,22,0,2,La Victoria
H00561,1402836,2,0,5,2,0,0,0,1,3,18,81,1,2,San Jorge
H00562,1153278,2,1,4,3,1,0,1,1,3,38,36,1,4,Las Flores
H00563,1761741,3,0,3,4,0,0,1,1,2,26,17,1,4,Centro
H00564,1403060,2,0,3,2,1,0,0,1,3,111,93,0,1,San Luis
H00565,1659201,1,0,3,2,1,0,1,1,4,53,26,0,4,Las Flores
H00566,1787693,2,0,4,3,0,0,0,1,4,13,16,0,3,San Carlos
H00567,1469872,2,1,5,3,0,0,0,0,4,37,35,1,4,Bellavista
H00568,1710369,2,1,6,0,0,0,1,1,4,36,50,0,3,Buenos Aires
H00569,2315718,2,0,4,1,1,0,1,0,1,40,26,0,4,El Progreso
H00570,2278654,2,0,1,1,1,0,1,1,1,8,12,0,4,Las Flores
H00571,904948,1,1,3,2,0,0,1,0,3,44,37,0,2,Buenos Aires
H00572,1064857,1,1,4,3,0,0,0,1,1,35,28,1,1,Altos del Sol
H00573,2802398,2,0,4,2,0,0,1,1,2,39,32,0,3,El Porvenir
H00574,771284,1,1,5,4,0,1,0,1,5,78,55,1,2,Villa Sofía
H00575,838405,1,1,3,0,0,0,0,0,3,36,26,0,3,San Luis
H00576,1208250,1,1,1,2,1,0,1,1,2,63,32,0,2,La Aurora
H00577,912788,1,1,2,3,0,0,1,1,2,52,29,1,1,La Aurora
H00578,2205890,2,1,3,2,0,0,1,1,2,40,10,0,2,Las Acacias
H00579,1732538,1,0,4,3,0,0,0,1,4,68,52,0,1,Las Acacias
H00580,1757855,3,0,8,4,1,0,0,1,2,38,23,0,2,El Porvenir
H00581,1399972,1,0,5,2,1,0,1,0,3,74,77,0,2,El Carmen
H00582,1475529,2,1,4,3,0,0,1,1,3,22,50,0,2,Villa Sofía
H00583,2506453,2,1,7,3,0,0,0,1,4,37,5,0,2,Las Flores
H00584,3296943,2,1,3,2,0,0,1,1,3,39,30,0,4,San Jorge
H00585,1320445,3,0,4,2,1,0,1,1,4,37,29,1,2,Manablanca
H00586,2458773,3,0,5,1,1,0,1,1,2,20,16,0,3,San Luis
H00587,1120532,1,1,5,3,0,0,1,1,5,69,31,1,2,El Bosque
H00588,868207,1,1,5,2,0,0,1,0,5,32,44,0,2,La Aurora
H00589,2240169,2,0,3,2,0,0,1,1,1,6,23,0,4,El Carmen
H00590,2646492,3,0,3,2,0,0,1,1,2,31,8,0,2,Santa Ana
H00591,1176947,2,0,3,2,0,0,1,1,2,34,30,0,2,El Bosque
H00592,2393136,2,0,2,2,0,0,1,1,1,27,18,0,4,Las Acacias
H00593,859679,2,0,5,2,0,1,0,0,4,118,51,1,2,La Victoria
H00594,3084727,4,0,4,1,1,0,1,1,1,48,8,0,3,Santa Ana
H00595,1123532,1,1,5,2,0,0,1,1,4,38,48,1,3,La Victoria
H00596,1226786,2,1,3,1,0,0,1,1,3,77,55,0,2,San Jorge
H00597,1266725,2,0,5,2,1,0,1,1,3,14,26,0,3,Manablanca
H00598,3264117,2,1,2,1,0,0,1,1,2,3,3,0,5,El Progreso
H00599,3139220,3,0,3,2,0,0,0,1,2,20,16,1,5,El Porvenir
H00600,1824626,3,1,4,2,0,0,0,0,1,19,17,0,1,Villa Sofía
H00601,1140842,2,0,8,1,0,0,1,1,2,72,30,0,2,Santa Ana
H00602,1467102,3,1,6,2,0,0,1,1,5,37,44,0,1,La Primavera
H00603,1102694,3,1,6,2,0,0,1,1,5,60,49,0,2,Centro
H00604,1417677,1,0,4,1,0,0,1,1,4,51,45,0,3,San Jorge
H00605,2327643,2,0,1,2,0,0,1,1,2,25,26,0,3,El Progreso
H00606,804139,2,0,2,4,0,0,1,1,3,49,37,1,4,Los Pinos
H00607,2148600,3,0,4,0,0,0,1,1,2,36,15,1,3,Centro
H00608,2573208,3,0,4,1,0,0,1,1,1,47,14,0,4,Las Acacias
H00609,1917522,2,0,4,2,1,0,1,1,1,15,4,0,4,La Unión
H00610,647581,1,1,4,3,1,0,0,0,5,76,48,0,3,Villa Diana
H00611,1419597,2,1,3,3,1,0,0,1,4,110,37,0,4,El Bosque
H00612,1256007,1,1,6,4,0,0,1,1,4,31,11,0,4,Las Acacias
H00613,1727038,2,1,5,3,0,0,0,1,3,33,32,1,2,El Bosque
H00614,1019424,1,1,3,0,0,1,0,0,3,18,37,0,2,San Luis
H00615,1970538,3,0,6,2,0,0,1,0,4,26,26,0,4,Nueva Colombia
H00616,794374,2,0,4,2,0,1,1,0,4,26,56,1,3,La Esperanza
H00617,1991896,2,0,7,2,0,0,0,1,4,30,38,1,2,El Bosque
H00618,1090925,1,1,5,4,0,0,0,1,4,16,29,0,1,Nueva Colombia
H00619,2264780,2,0,6,1,0,0,1,0,3,39,26,1,1,El Porvenir
H00620,2006345,1,0,4,4,0,0,0,0,3,27,33,0,3,Las Acacias
H00621,1717071,3,1,4,2,1,0,0,1,2,23,25,0,2,Villa Diana
H00622,1395579,1,0,3,1,0,0,0,0,4,27,19,0,1,El Bosque
H00623,554234,2,1,3,3,0,0,1,1,2,36,29,1,2,Villa Sofía
H00624,1446674,1,0,7,1,0,0,1,1,5,61,29,1,2,Bellavista
H00625,2493922,3,0,4,3,0,0,1,1,1,23,19,0,4,Las Acacias
H00626,1599653,2,1,4,1,1,0,1,1,5,58,10,0,1,Nueva Colombia
H00627,2673214,3,0,3,1,0,0,1,1,2,14,30,0,4,La Unión
H00628,1531450,3,0,6,1,0,0,1,0,2,32,46,1,1,Las Flores
H00629,1360519,1,0,1,2,0,0,1,1,2,71,34,0,1,San Jorge
H00630,1594132,2,1,4,4,0,0,0,1,1,77,30,1,2,La Esperanza
H00631,1092450,2,0,4,2,0,0,1,1,2,32,25,0,4,Villa Sofía
H00632,1025726,1,1,9,3,0,0,0,1,5,119,12,1,2,La Victoria
H00633,1071385,1,1,2,1,0,0,1,0,4,82,47,0,3,La Unión
H00634,1368757,2,1,2,2,1,0,0,1,3,92,31,1,2,Altos del Sol
H00635,1492864,2,0,5,1,0,0,1,1,1,26,13,0,5,Centro
H00636,1527580,2,1,6,2,0,0,1,0,5,49,11,1,2,Villa Diana
H00637,2744003,3,1,3,2,1,0,0,1,1,37,5,0,5,Las Acacias
H00638,1153043,1,0,6,0,1,1,1,1,4,48,10,0,3,La Primavera
H00639,1656811,2,1,4,4,0,0,1,1,4,28,44,0,2,El Bosque
H00640,3476758,3,0,3,2,0,0,1,1,3,52,39,0,4,El Porvenir
H00641,1566075,1,0,4,4,0,0,0,0,4,83,44,0,3,Nueva Colombia
H00642,1678517,1,0,6,3,0,0,0,0,4,22,33,0,4,San Luis
H00643,907549,2,1,6,2,0,1,0,1,4,43,20,0,3,Centro
H00644,846556,2,0,5,2,1,0,0,0,3,58,20,0,3,La Aurora
H00645,3019596,3,0,3,0,1,0,0,1,2,81,28,0,4,Centro
H00646,873321,2,0,5,3,0,0,1,0,4,22,56,1,3,Manablanca
H00647,3047260,3,0,4,2,0,0,1,1,2,15,21,0,4,Buenos Aires
H00648,1091837,2,1,6,2,1,0,0,1,3,89,51,0,2,San Luis
H00649,1458536,2,0,3,3,0,0,0,1,3,20,14,0,1,Villa Diana
H00650,2803619,2,1,3,0,0,0,1,1,1,19,11,0,2,La Primavera
H00651,640886,1,0,4,3,1,0,0,0,5,127,77,0,3,La Aurora
H00652,1891199,2,0,4,1,0,0,1,1,2,35,3,0,4,El Porvenir
H00653,760858,1,1,5,3,0,1,0,1,4,68,58,0,1,Las Acacias
H00654,2089356,3,1,7,2,1,0,0,1,3,40,37,0,3,Bellavista
H00655,2783537,3,0,2,1,1,0,1,1,1,24,26,0,3,La Esperanza
H00656,1843336,1,1,3,1,0,0,0,1,3,48,29,0,1,La Aurora
H00657,1082373,2,0,6,3,0,0,0,1,4,38,14,0,1,El Porvenir
H00658,3034504,3,0,3,2,0,0,1,1,1,25,14,0,4,San Jorge
H00659,1487633,2,0,7,3,0,0,1,1,3,21,38,0,2,El Progreso
H00660,1403897,1,1,6,4,0,0,1,1,2,15,29,0,3,Villa Sofía
H00661,546208,1,1,5,3,0,0,0,1,2,47,38,0,2,Villa Diana
H00662,3214450,2,1,3,1,0,1,1,1,2,7,16,0,3,El Carmen
H00663,3753578,3,0,5,3,1,0,1,1,1,30,10,0,3,San Jorge
H00664,492162,1,1,4,2,0,0,0,1,5,83,91,0,2,Nueva Colombia
H00665,1947684,2,0,6,2,1,0,1,1,4,10,33,0,2,San Jorge
H00666,1909385,2,0,4,2,0,1,1,0,4,65,11,1,1,Buenos Aires
H00667,1589313,2,0,1,3,0,0,0,1,4,130,54,1,1,La Victoria
H00668,3089478,3,0,4,3,0,0,1,1,2,13,21,1,2,La Victoria
H00669,1968456,3,1,5,2,0,0,1,1,4,5,19,0,2,Villa Diana
H00670,1745302,1,1,5,3,0,0,0,0,5,59,37,0,1,Bellavista
H00671,2109044,3,0,5,2,0,0,0,1,5,47,27,0,2,San Carlos
H00672,1242066,2,0,2,4,0,0,0,1,2,42,48,1,1,Altos del Sol
H00673,3080452,3,1,4,1,0,0,1,0,2,53,22,0,3,Santa Ana
H00674,1722844,2,0,5,2,0,0,0,0,2,39,16,0,3,La Unión
H00675,1883634,2,0,3,3,0,0,1,1,4,53,10,0,2,El Bosque
H00676,2304183,3,0,5,0,0,1,1,1,2,23,8,0,3,La Esperanza
H00677,2823825,3,0,5,1,0,0,1,1,2,25,31,0,3,Villa Diana
H00678,1210694,1,1,2,2,0,0,1,1,2,39,30,1,1,Las Flores
H00679,1904583,3,0,5,4,1,0,1,1,3,48,38,0,2,La Victoria
H00680,1523306,2,0,6,2,0,0,1,1,4,16,39,0,3,Buenos Aires
H00681,2121586,2,1,6,2,0,1,0,0,5,71,80,0,3,El Bosque
H00682,1346058,2,1,6,1,0,0,1,1,4,18,98,0,2,Manablanca
H00683,1974904,3,0,7,3,0,0,0,1,2,70,28,1,4,El Bosque
H00684,1344557,1,0,7,2,1,0,1,0,4,28,22,0,2,Buenos Aires
H00685,1564162,2,0,4,2,0,0,1,1,2,76,47,0,3,El Carmen
H00686,1398826,2,0,4,0,0,0,0,0,3,57,24,0,1,La Primavera
H00687,1283312,1,1,5,2,1,0,0,1,3,36,17,0,1,Manablanca
H00688,1961237,2,0,4,4,1,0,0,1,4,59,102,0,1,Manablanca
H00689,1729198,1,1,7,2,0,0,0,1,3,41,11,0,2,El Porvenir
H00690,1295866,2,0,5,1,1,1,1,0,3,72,42,0,2,Los Pinos
H00691,666911,2,1,7,3,1,0,0,0,5,94,34,0,1,San Jorge
H00692,2446293,2,1,2,0,0,0,0,1,2,13,26,0,3,San Carlos
H00693,1088422,1,0,6,2,0,0,0,0,3,62,20,0,1,La Primavera
H00694,2925834,3,0,4,1,0,0,1,1,2,10,10,0,4,La Primavera
H00695,2062857,2,0,6,4,0,0,1,1,3,46,10,0,1,Nueva Colombia
H00696,1658824,2,0,5,5,0,0,0,1,2,52,26,1,2,Nueva Colombia
H00697,1946333,3,0,5,3,0,0,0,1,3,20,34,0,2,La Victoria
H00698,150000,1,0,5,2,1,0,1,0,3,5,38,0,1,Manablanca
H00699,2590013,3,0,4,3,1,0,1,1,2,21,20,0,2,San Jorge
H00700,2657601,2,0,6,0,1,1,1,1,2,7,31,0,3,San Jorge
H00701,708641,1,1,3,1,1,1,0,0,5,123,57,0,2,La Primavera
H00702,2770378,3,0,5,0,1,0,1,1,2,11,5,0,3,La Esperanza
H00703,1459119,2,1,4,5,0,0,1,0,5,39,25,0,2,La Aurora
H00704,1655852,2,1,3,0,0,0,1,1,3,64,52,1,3,Manablanca
H00705,1770927,3,1,3,3,0,0,1,1,3,126,65,0,1,El Bosque
H00706,866198,1,1,5,1,0,0,0,1,3,37,50,1,1,Las Acacias
H00707,647987,1,1,7,3,1,0,1,1,4,45,92,0,2,Villa Diana
H00708,1273455,1,1,7,1,0,0,0,1,4,37,23,0,1,La Unión
H00709,677446,2,1,3,2,0,0,0,0,5,114,40,0,3,El Bosque
H00710,2371354,3,1,3,0,0,0,1,1,2,26,4,0,3,La Victoria
H00711,1325209,2,1,5,2,0,0,1,0,3,77,38,0,1,Altos del Sol
H00712,1232284,2,0,8,2,0,0,0,1,5,13,62,1,2,San Carlos
H00713,2976705,3,1,3,3,1,0,1,1,1,20,17,0,3,La Esperanza
H00714,1589575,1,1,5,1,0,0,1,1,2,43,55,0,2,El Progreso
H00715,1714480,1,1,5,2,0,0,1,1,3,22,47,0,2,Nueva Colombia
H00716,1833090,1,1,4,1,0,0,0,0,2,83,19,0,3,El Carmen
H00717,1392575,2,1,5,2,0,1,1,1,4,51,13,0,2,La Victoria
H00718,1584587,3,0,7,4,0,0,1,1,3,46,12,0,3,Altos del Sol
H00719,1118018,2,1,5,2,0,0,1,1,3,27,44,0,1,San Carlos
H00720,3974489,3,0,2,2,0,0,1,1,2,44,17,0,3,La Esperanza
H00721,1533106,2,1,5,2,0,0,0,1,3,33,11,1,3,Bellavista
H00722,1478388,2,0,4,0,0,0,0,1,4,111,125,0,1,El Bosque
H00723,3136731,3,0,3,2,0,1,1,1,2,42,3,0,4,La Primavera
H00724,1599735,3,0,4,4,0,0,0,1,2,57,4,0,2,Villa Diana
H00725,1506341,1,0,6,2,0,0,1,1,3,24,11,1,3,Nueva Colombia
H00726,1924058,2,1,7,3,0,0,1,1,2,13,18,1,2,La Victoria
H00727,1638105,1,0,6,1,1,0,1,1,3,29,20,0,2,Buenos Aires
H00728,1791307,2,1,7,1,1,0,0,1,4,46,34,0,2,Buenos Aires
H00729,1331996,1,1,5,1,0,0,1,0,3,5,19,0,2,San Carlos
H00730,1487498,2,0,6,0,1,0,0,1,1,40,26,0,5,Villa Diana
H00731,994714,2,1,5,2,0,0,1,1,5,134,103,1,2,Manablanca
H00732,2970287,2,0,5,2,0,0,1,1,1,46,19,0,5,Buenos Aires
H00733,700556,1,1,6,2,0,0,1,0,5,69,60,1,2,La Aurora
H00734,2497793,2,0,4,1,0,0,1,1,2,39,11,1,4,San Carlos
H00735,2675558,2,0,4,1,0,0,1,1,2,27,16,0,3,Las Acacias
H00736,1190060,2,0,6,2,0,0,1,1,4,106,22,0,1,Villa Sofía
H00737,1819993,2,0,6,2,0,0,1,1,2,44,25,0,2,Altos del Sol
H00738,1828938,2,1,5,2,1,0,0,1,4,43,26,0,3,San Carlos
H00739,1862606,1,0,4,1,1,0,1,1,3,60,10,0,1,La Aurora
H00740,2272998,2,0,7,2,0,0,1,1,3,63,18,0,2,El Progreso
H00741,3024847,3,0,5,2,0,0,0,1,1,5,8,0,4,San Luis
H00742,1579395,3,0,4,1,1,0,0,1,3,45,46,0,3,La Primavera
H00743,1326918,2,1,5,2,0,0,0,1,4,59,16,1,1,Las Flores
H00744,1562171,1,0,5,3,0,0,1,1,3,50,11,0,4,Santa Ana
H00745,2190992,2,0,5,3,0,0,0,1,2,5,31,1,2,El Progreso
H00746,3001786,4,0,3,0,0,1,1,1,4,38,3,0,4,El Porvenir
H00747,2342119,2,0,6,0,0,0,1,1,2,36,21,0,4,San Luis
H00748,2252626,2,1,5,0,0,0,0,0,3,29,57,1,2,Villa Sofía
H00749,1029062,2,1,4,4,1,0,0,1,5,116,34,1,1,Nueva Colombia
H00750,3258612,3,0,4,1,0,0,1,1,2,22,7,0,4,La Victoria
H00751,907774,2,1,4,1,0,1,1,1,3,8,25,0,2,La Esperanza
H00752,1762462,2,0,5,1,0,0,0,1,3,60,28,0,3,Nueva Colombia
H00753,1587386,1,1,5,2,1,0,1,1,2,45,25,1,2,El Progreso
H00754,1795503,2,1,3,2,1,0,0,0,3,90,76,0,2,Villa Sofía
H00755,2528880,3,1,6,1,1,0,1,1,4,12,16,0,4,El Carmen
H00756,1684624,2,1,4,2,0,0,0,1,4,68,32,0,2,El Porvenir
H00757,885172,1,1,7,2,1,0,1,1,5,110,67,0,3,San Luis
H00758,1962389,1,1,3,2,1,0,1,0,2,41,30,1,3,Las Flores
H00759,1392557,2,0,8,5,0,0,1,1,3,53,4,0,2,La Esperanza
H00760,1348065,2,1,5,1,1,0,1,1,2,38,34,0,1,El Bosque
H00761,2150478,2,0,2,0,0,0,1,1,1,49,21,0,4,El Carmen
H00762,2759334,3,0,4,1,1,0,0,1,2,24,10,0,3,La Primavera
H00763,983160,2,1,4,3,0,0,1,1,3,5,27,0,2,El Bosque
H00764,1339068,1,1,4,2,1,0,0,1,3,24,21,0,2,San Jorge
H00765,1736658,1,1,5,1,0,0,1,1,3,20,28,0,4,Manablanca
H00766,1627891,2,0,8,1,1,0,0,0,4,34,30,0,1,La Unión
H00767,1620435,1,1,4,3,0,0,1,1,3,59,29,1,1,San Luis
H00768,3002058,4,1,4,0,0,0,1,1,1,31,14,0,4,El Carmen
H00769,2188009,3,0,3,2,0,0,0,1,3,32,46,0,4,Villa Sofía
H00770,2013311,1,1,4,0,0,0,1,1,4,76,40,0,2,El Carmen
H00771,1375387,2,1,5,1,0,0,1,1,3,50,33,1,2,San Luis
H00772,1589991,1,0,6,2,0,0,1,0,3,51,16,1,2,Santa Ana
H00773,728639,2,0,4,2,0,0,0,1,3,25,4,0,3,Centro
H00774,1775888,3,1,2,3,1,0,0,1,2,71,54,0,4,El Bosque
H00775,2677155,3,1,3,0,0,0,1,1,2,22,23,0,5,El Carmen
H00776,1579215,1,0,5,4,0,0,0,1,4,5,32,0,4,La Esperanza
H00777,1118170,3,1,6,3,1,0,1,1,4,37,11,1,3,Las Flores
H00778,775917,1,0,6,2,1,0,0,0,5,92,70,0,2,El Bosque
H00779,838964,1,0,4,1,0,0,1,1,3,25,21,1,2,Villa Sofía
H00780,932892,1,1,6,1,0,1,1,0,3,26,35,0,4,Las Acacias
H00781,1832606,3,1,4,4,0,0,0,1,3,25,19,0,3,La Primavera
H00782,2997378,3,1,4,2,0,0,1,1,1,22,23,0,4,Buenos Aires
H00783,1644406,2,0,6,5,0,0,1,1,3,28,30,1,2,Las Flores
H00784,1251810,1,1,4,2,0,0,1,0,3,58,37,1,3,La Primavera
H00785,1955550,3,0,5,1,0,0,0,0,4,31,24,0,3,Santa Ana
H00786,1451620,2,0,3,0,0,0,1,1,5,65,60,0,2,Manablanca
H00787,1265100,1,1,5,1,0,0,0,0,4,31,36,0,2,San Jorge
H00788,954462,1,1,6,4,1,0,1,1,4,71,57,0,1,Las Acacias
H00789,1840077,2,1,6,2,0,0,1,1,3,15,4,1,3,Villa Sofía
H00790,1298525,3,0,6,4,0,0,1,1,4,36,20,0,1,La Primavera
H00791,3086359,3,0,4,1,1,1,1,1,3,18,20,0,2,Las Flores
H00792,2154061,1,1,4,3,0,0,0,1,3,52,35,0,1,Villa Diana
H00793,1535438,2,1,3,2,0,0,1,1,3,45,19,0,2,Bellavista
H00794,1689168,2,0,3,3,0,0,0,1,3,56,36,0,1,San Luis
H00795,2277459,3,0,4,0,0,0,1,1,1,30,30,0,4,La Victoria
H00796,2017940,2,1,3,2,0,1,1,1,1,16,23,1,2,La Victoria
H00797,3454297,3,0,3,1,0,0,1,1,2,42,15,0,5,San Jorge
H00798,2028319,2,0,3,0,0,0,1,1,1,10,11,0,3,La Victoria
H00799,701788,2,1,3,0,0,0,1,1,1,42,22,1,1,Bellavista
H00800,2519906,3,0,2,0,0,0,0,1,2,19,16,0,5,Santa Ana
H00801,898584,2,0,9,2,0,0,1,1,3,35,30,0,4,La Victoria
H00802,3164025,3,1,3,1,0,0,1,1,3,35,14,1,5,El Porvenir
H00803,1806478,2,0,2,3,0,0,1,1,3,71,53,0,3,La Aurora
H00804,2307822,2,1,8,4,1,0,0,0,3,42,28,0,1,San Luis
H00805,981106,2,0,4,1,0,0,1,0,2,59,44,0,3,San Jorge
H00806,1375648,2,0,4,2,1,0,1,1,3,50,16,1,3,La Victoria
H00807,2311785,3,0,4,2,0,0,1,1,4,25,12,0,4,Buenos Aires
H00808,1551282,2,1,4,3,1,0,1,0,3,107,29,1,2,La Primavera
H00809,1818083,1,0,5,5,0,1,0,1,2,22,18,1,4,La Esperanza
H00810,1895719,1,1,6,0,0,0,1,1,2,146,40,1,3,Las Acacias
H00811,1714639,1,1,3,1,0,0,0,1,2,56,71,0,4,Altos del Sol
H00812,2027951,1,0,4,2,0,0,1,1,3,30,65,0,4,San Jorge
H00813,2091916,3,0,5,3,1,0,1,1,2,47,28,0,2,Villa Diana
H00814,3025749,4,0,4,0,0,0,1,1,2,26,37,0,3,La Victoria
H00815,1246558,1,0,5,3,1,0,0,0,4,76,40,0,2,El Progreso
H00816,1553617,3,1,4,2,1,1,0,0,4,104,53,0,2,San Luis
H00817,1523186,1,1,3,3,0,0,0,0,4,42,30,0,4,La Aurora
H00818,1124140,1,0,4,3,1,0,0,1,5,57,30,1,3,La Primavera
H00819,956685,1,0,4,1,0,0,0,1,3,6,19,0,2,El Porvenir
H00820,1345195,2,0,5,2,0,0,1,0,5,62,24,0,1,El Porvenir
H00821,901899,1,1,5,0,0,0,0,0,5,76,54,1,1,Nueva Colombia
H00822,2299673,2,0,4,1,0,0,1,1,2,19,30,0,4,San Carlos
H00823,900000,2,1,2,3,0,0,1,1,2,44,3,0,4,San Jorge
H00824,1299517,2,1,4,3,1,0,1,1,3,57,67,0,3,El Carmen
H00825,2967302,3,0,3,1,0,0,1,1,1,24,15,0,5,La Esperanza
H00826,1345793,1,1,4,0,0,0,0,1,3,33,31,0,2,Los Pinos
H00827,2670953,2,0,3,3,0,0,1,1,1,31,19,0,4,Villa Diana
H00828,2183688,1,0,6,2,0,0,1,1,2,34,24,0,3,Manablanca
H00829,1607834,2,0,7,2,1,0,0,1,4,65,37,0,3,Las Acacias
H00830,2420679,2,0,4,0,0,0,1,1,2,3,19,0,4,Centro
H00831,1584285,2,1,6,2,0,0,1,1,3,36,78,0,4,El Porvenir
H00832,820459,1,1,4,2,1,0,0,1,5,115,56,1,1,San Jorge
H00833,3593180,3,1,3,0,0,0,1,1,2,28,15,0,3,Bellavista
H00834,2690457,2,0,3,0,0,0,1,1,1,29,37,0,4,El Progreso
H00835,1015043,2,1,4,1,0,0,1,1,4,94,47,1,3,La Victoria
H00836,649760,1,1,4,2,0,0,0,0,3,39,32,1,1,Manablanca
H00837,3041960,3,0,2,1,0,0,1,1,1,16,28,0,4,San Luis
H00838,2633756,3,0,3,0,0,0,1,1,2,24,14,0,3,El Progreso
H00839,1106459,2,1,8,1,1,1,0,1,4,143,82,0,2,San Jorge
H00840,626855,2,1,6,2,0,0,0,1,4,121,69,1,3,Buenos Aires
H00841,1722380,3,0,7,2,0,0,1,0,4,39,31,0,3,Centro
H00842,1203916,1,0,4,2,0,0,0,1,3,62,18,0,1,Buenos Aires
H00843,1721620,2,0,5,3,0,0,0,1,2,57,36,0,2,Los Pinos
H00844,1038442,2,0,5,1,0,1,0,1,3,80,64,1,3,Altos del Sol
H00845,2131329,2,1,3,1,0,0,1,1,2,30,22,0,4,La Esperanza
H00846,1857614,2,1,6,2,0,0,1,0,4,102,6,0,4,San Jorge
H00847,1861052,2,0,1,1,0,0,1,0,5,58,50,0,3,El Carmen
H00848,1166268,2,1,5,1,0,0,1,1,1,34,47,1,2,La Esperanza
H00849,2182465,4,0,3,1,0,0,1,1,2,26,37,0,3,El Porvenir
H00850,1755104,2,0,3,0,1,0,1,1,3,23,3,1,4,El Carmen
H00851,2814404,2,0,5,2,1,0,0,1,2,22,19,0,4,San Carlos
H00852,1257733,2,1,7,1,0,0,0,0,5,90,45,0,1,Villa Sofía
H00853,1847811,2,0,4,2,0,1,1,1,2,94,22,0,2,Villa Sofía
H00854,1713406,2,0,4,2,1,0,0,1,2,58,45,0,1,La Primavera
H00855,1069066,1,0,4,2,0,1,0,1,5,69,34,0,2,San Carlos
H00856,1049872,2,1,6,1,0,1,0,0,5,31,58,1,2,San Jorge
H00857,1827651,2,0,4,1,1,0,0,1,4,82,20,1,4,San Luis
H00858,1570377,1,1,6,3,0,0,1,1,4,5,16,0,2,La Esperanza
H00859,2382499,3,0,3,2,0,0,1,1,3,17,22,1,4,La Primavera
H00860,3454588,3,0,3,2,0,0,0,1,2,21,7,0,3,Los Pinos
H00861,909867,1,1,4,2,0,0,0,1,4,66,33,0,2,San Carlos
H00862,1091017,2,1,5,1,0,0,0,0,4,94,37,0,3,La Primavera
H00863,2433265,2,0,3,3,0,0,1,1,4,17,22,0,3,El Progreso
H00864,1381774,2,1,5,3,0,0,0,1,3,5,18,0,4,Los Pinos
H00865,1941017,2,1,5,2,0,1,0,0,4,36,19,0,2,La Esperanza
H00866,2454369,3,0,7,5,0,0,1,1,5,27,21,0,3,Las Flores
H00867,1122129,2,0,3,4,1,0,0,1,1,51,38,1,1,San Luis
H00868,1550297,2,0,4,2,1,0,1,0,3,72,49,0,1,San Luis
H00869,2120144,1,0,8,1,0,0,1,1,4,42,24,0,2,Centro
H00870,911336,1,1,4,0,0,0,1,1,2,59,16,0,2,El Porvenir
H00871,2930254,3,1,3,2,0,0,1,1,1,30,10,0,5,Centro
H00872,1028803,1,0,5,2,0,0,0,1,5,8,20,0,2,La Victoria
H00873,2122867,3,1,2,1,1,0,1,1,2,36,54,0,4,La Aurora
H00874,958485,2,1,3,3,0,0,1,1,4,20,34,0,2,Villa Sofía
H00875,760481,1,1,3,2,1,0,0,1,4,60,40,1,1,Buenos Aires
H00876,2559635,3,0,7,4,1,0,0,1,3,22,40,0,2,Nueva Colombia
H00877,1674083,2,0,5,2,1,0,1,1,3,38,17,0,4,Centro
H00878,1600683,2,1,3,1,0,0,0,1,5,41,50,0,2,Nueva Colombia
H00879,2577195,2,0,5,1,0,0,1,1,3,9,10,0,4,La Esperanza
H00880,3033999,2,0,4,0,0,0,1,1,4,75,30,0,3,Los Pinos
H00881,780824,1,1,6,4,1,1,0,0,4,85,51,1,2,San Jorge
H00882,1408693,2,1,3,2,1,0,0,1,5,41,57,1,2,Las Acacias
H00883,1055962,2,1,6,1,1,0,1,1,4,48,20,1,2,La Primavera
H00884,1289803,2,1,6,1,1,0,1,1,4,82,40,0,1,Manablanca
H00885,1084507,2,1,3,2,0,0,1,1,2,34,42,0,1,La Primavera
H00886,1695159,1,1,2,2,0,0,1,1,3,70,77,0,4,La Aurora
H00887,992375,1,1,4,1,0,0,0,0,5,92,55,1,1,El Bosque
H00888,2096180,1,0,5,4,0,0,1,1,3,28,26,1,2,Las Flores
H00889,874517,3,1,3,3,0,0,0,1,4,24,45,1,2,El Bosque
H00890,1323562,2,1,7,2,0,0,0,1,4,22,17,0,4,San Luis
H00891,754228,2,1,7,3,1,0,1,0,5,100,40,0,1,Altos del Sol
H00892,2847807,2,0,4,3,0,0,1,1,1,22,18,0,4,Villa Diana
H00893,1827375,1,1,3,2,0,0,0,0,3,84,48,0,1,La Victoria
H00894,966259,1,1,5,3,0,1,1,0,5,127,65,1,3,El Carmen
H00895,996251,1,0,6,5,1,1,1,0,4,55,33,1,4,Villa Diana
H00896,2125407,2,0,2,2,1,1,0,1,5,28,36,0,3,San Jorge
H00897,2300916,2,1,5,4,1,0,0,1,3,43,25,0,2,Villa Diana
H00898,1224781,2,0,2,1,0,0,1,0,3,74,44,0,1,Nueva Colombia
H00899,2311443,2,0,5,1,1,0,1,1,1,24,23,0,5,Bellavista
H00900,3053559,3,0,3,1,1,0,1,1,1,28,11,0,4,Villa Diana
H00901,2598436,3,0,3,1,0,0,1,1,1,34,31,0,2,Centro
H00902,3626602,3,0,3,3,0,0,1,1,2,19,5,0,4,Los Pinos
H00903,853206,1,1,6,3,0,0,0,0,4,46,81,0,2,La Aurora
H00904,1313464,2,0,4,3,0,0,1,0,3,75,40,1,2,La Primavera
H00905,2649292,3,0,2,1,0,0,1,1,3,31,26,0,4,Las Acacias
H00906,179315,2,1,8,1,1,0,1,1,5,100,40,1,2,Villa Sofía
H00907,666816,1,1,6,4,0,1,0,0,3,57,58,1,1,Las Acacias
H00908,709904,2,1,7,2,0,0,0,1,3,86,60,0,3,El Carmen
H00909,882889,2,1,4,2,1,0,0,1,5,84,81,1,2,La Aurora
H00910,1796806,3,1,5,0,0,0,1,1,2,22,40,0,4,Las Acacias
H00911,3037276,3,0,2,2,0,0,1,1,1,43,5,0,4,El Porvenir
H00912,1315027,1,1,3,1,1,0,0,1,3,48,31,0,2,San Jorge
H00913,419499,2,1,4,2,1,0,0,1,4,80,76,0,2,El Carmen
H00914,1137581,2,1,4,2,0,0,1,1,2,24,30,0,4,El Bosque
H00915,2820718,2,0,3,0,0,0,1,1,4,11,20,1,3,La Esperanza
H00916,1322473,2,1,5,1,0,0,1,1,2,44,55,0,3,Nueva Colombia
H00917,1893715,3,0,5,0,0,0,1,1,4,50,29,0,3,El Porvenir
H00918,2238439,3,0,3,0,0,1,1,1,2,12,17,0,3,Los Pinos
H00919,2105287,2,0,4,1,0,0,1,1,1,34,16,0,3,Bellavista
H00920,1762465,2,0,4,3,0,0,1,1,3,33,32,0,1,San Luis
H00921,3037081,3,0,3,2,0,0,1,1,2,20,35,1,4,Villa Diana
H00922,2464943,2,0,5,1,0,0,1,1,2,12,17,0,4,El Progreso
H00923,1281898,2,0,5,1,0,0,0,1,3,52,67,0,2,Altos del Sol
H00924,2927707,3,0,4,2,0,0,1,1,1,29,3,0,3,Santa Ana
H00925,1323911,1,1,4,1,0,0,0,1,2,50,20,1,4,El Bosque
H00926,1601620,1,0,4,1,0,1,0,1,4,61,45,0,1,Bellavista
H00927,1405735,1,1,4,4,0,0,1,1,4,21,22,0,2,El Bosque
H00928,1288144,1,1,4,1,0,1,1,1,4,56,33,1,1,Las Acacias
H00929,1520903,2,0,6,1,1,1,1,1,4,48,73,0,1,San Jorge
H00930,908984,2,1,5,2,0,0,1,1,2,32,40,1,1,El Progreso
H00931,2406981,2,0,5,2,0,0,1,1,3,47,6,0,4,La Unión
H00932,2355474,2,1,8,3,0,1,0,1,4,71,20,0,3,La Esperanza
H00933,1196076,1,1,6,1,0,0,0,0,5,76,70,1,3,Nueva Colombia
H00934,841820,1,1,5,2,0,0,1,0,5,58,22,0,2,La Unión
H00935,3488097,3,0,4,0,1,1,1,1,1,47,3,0,2,Buenos Aires
H00936,1467725,3,0,7,2,1,0,0,1,3,5,7,1,3,Buenos Aires
H00937,1580519,2,0,6,1,0,0,0,1,4,93,35,0,1,El Carmen
H00938,821097,1,1,5,3,0,1,0,0,5,86,38,0,2,Manablanca
H00939,2385780,2,0,2,0,1,0,0,1,1,37,8,0,2,Buenos Aires
H00940,1346891,3,0,6,1,0,0,1,1,3,45,63,0,2,La Aurora
H00941,1177180,1,0,5,1,0,0,1,1,5,72,23,1,2,Nueva Colombia
H00942,1410215,2,1,5,3,0,0,1,1,3,42,46,0,2,Santa Ana
H00943,1810212,2,1,3,1,0,0,1,1,2,48,35,1,4,Las Acacias
H00944,1708096,2,1,5,4,0,0,1,1,5,38,34,0,1,Nueva Colombia
H00945,1240673,3,1,5,0,0,0,1,1,4,66,31,1,3,Altos del Sol
H00946,3050825,2,0,3,2,0,0,1,1,2,12,3,0,3,La Unión
H00947,1607248,3,1,2,1,0,0,1,1,3,81,20,0,2,Manablanca
H00948,1888243,3,0,3,1,0,0,1,1,2,26,18,0,4,La Primavera
H00949,1924590,1,1,9,2,0,0,1,1,4,33,18,1,1,Las Acacias
H00950,1696425,1,1,6,1,0,0,1,0,2,37,20,0,2,Manablanca
H00951,2245114,2,0,9,4,0,0,0,1,4,45,28,0,4,Las Acacias
H00952,829173,1,0,2,2,0,0,1,1,4,48,24,0,2,El Progreso
H00953,771605,2,0,4,3,1,0,0,1,4,88,67,1,2,San Luis
H00954,2940754,4,0,5,0,0,0,1,1,2,11,10,0,3,Buenos Aires
H00955,2866458,4,1,3,2,0,0,1,1,1,26,3,0,5,La Unión
H00956,2597364,2,0,2,1,0,0,0,1,2,33,19,0,4,El Porvenir
H00957,1707618,1,0,2,3,1,0,1,0,3,67,69,0,4,Villa Sofía
H00958,1420136,1,0,4,2,0,1,1,1,2,46,8,0,3,San Jorge
H00959,1407337,3,0,3,2,1,0,0,1,3,14,26,0,3,Santa Ana
H00960,561127,1,1,3,6,0,0,0,1,4,96,51,1,2,Villa Sofía
H00961,1824041,3,1,7,1,1,1,1,0,4,11,29,0,3,La Primavera
H00962,2184799,3,1,3,2,0,0,1,1,1,30,21,0,4,Centro
H00963,1563005,1,1,3,1,0,0,0,1,3,25,40,0,1,Villa Sofía
H00964,1143795,1,1,5,1,1,0,0,1,3,10,25,0,3,Villa Sofía
H00965,3024626,4,0,4,1,0,0,1,1,1,10,5,0,5,El Carmen
H00966,1591661,2,0,5,2,0,0,0,0,4,49,54,1,3,Bellavista
H00967,1740615,3,1,6,3,0,0,1,1,3,44,17,1,4,Altos del Sol
H00968,2165631,3,1,5,4,1,1,1,0,3,39,18,0,3,La Unión
H00969,1630443,2,0,5,3,1,0,1,1,5,30,52,1,3,Villa Diana
H00970,2357127,2,0,5,2,0,0,1,1,1,10,7,0,5,San Carlos
H00971,1852707,2,1,3,0,0,0,0,0,2,89,48,0,3,La Primavera
H00972,1511631,1,0,4,1,0,0,1,1,4,77,56,0,2,San Luis
H00973,913397,1,0,8,2,0,0,1,0,4,48,113,1,1,La Aurora
H00974,1927262,4,0,4,2,0,0,1,1,1,17,4,0,4,Las Flores
H00975,2879802,2,0,3,1,0,0,1,1,2,27,15,0,3,San Luis
H00976,949238,1,1,3,1,1,0,1,1,1,31,20,1,3,San Luis
H00977,858088,2,1,4,2,0,0,0,1,2,31,30,0,3,Buenos Aires
H00978,2815030,4,0,4,2,1,0,1,0,2,51,3,1,2,San Jorge
H00979,2259710,2,0,4,3,0,0,0,1,4,15,25,0,2,El Bosque
H00980,810253,1,1,7,2,0,0,0,0,4,15,46,1,2,El Progreso
H00981,1702739,2,0,3,3,1,0,0,1,4,42,26,1,3,Santa Ana
H00982,1417503,2,0,4,2,0,0,1,0,2,26,16,1,1,Villa Sofía
H00983,3515060,4,0,4,2,0,0,1,1,1,16,14,0,3,La Esperanza
H00984,3004510,3,0,1,0,0,0,1,1,2,19,27,0,4,La Primavera
H00985,882433,2,0,8,3,0,0,0,0,4,113,77,0,2,Villa Diana
H00986,1578750,2,1,9,3,0,0,1,1,2,36,14,0,2,La Victoria
H00987,1511057,2,1,5,5,1,0,1,1,3,36,9,0,3,San Carlos
H00988,956178,1,0,3,3,0,0,1,1,3,37,29,0,2,Las Flores
H00989,3094048,2,1,2,1,1,0,1,1,3,34,31,0,3,El Carmen
H00990,1661535,3,1,4,3,0,0,1,1,3,27,37,0,4,El Bosque
H00991,216456,2,1,5,3,0,0,1,1,4,76,53,1,3,Nueva Colombia
H00992,2529480,3,0,4,1,0,0,1,1,2,14,9,0,3,San Luis
H00993,1720737,3,0,3,3,1,0,1,1,3,45,31,0,3,Buenos Aires
H00994,1455392,1,0,6,3,0,0,0,1,3,12,22,0,1,Villa Sofía
H00995,1454621,3,1,5,2,0,0,0,1,5,56,36,0,3,Villa Diana
H00996,1473585,1,1,6,4,0,1,0,1,4,44,51,0,2,San Carlos
H00997,2555104,3,1,3,0,0,0,1,1,2,33,24,0,5,El Progreso
H00998,2171319,3,0,4,2,0,0,1,1,2,39,15,0,5,Villa Diana
H00999,1771732,2,1,5,0,1,0,0,1,4,76,66,0,2,La Primavera
H01000,694899,1,1,4,3,1,0,0,1,5,132,46,0,1,La Primavera
H01001,3207409,3,0,5,1,1,0,1,1,1,16,32,0,3,La Victoria
H01002,2570969,2,0,4,1,0,0,1,1,2,16,21,0,3,La Unión
H01003,1496158,2,1,2,1,0,0,1,1,3,19,35,1,2,La Unión
H01004,1294875,3,1,4,2,0,1,1,1,2,22,17,1,1,Villa Diana
H01005,1070232,2,1,7,4,1,0,0,1,5,24,31,1,3,La Victoria
H01006,874884,1,1,4,2,0,0,1,1,3,43,42,0,2,San Jorge
H01007,2557896,3,0,3,2,0,0,1,1,2,41,21,0,3,Las Flores
H01008,925415,2,0,2,3,0,0,0,0,4,42,37,1,2,Las Flores
H01009,1460802,2,0,6,5,0,0,1,1,4,14,21,1,2,Villa Diana
H01010,3341049,2,0,5,0,0,0,1,1,2,38,36,0,5,La Esperanza
H01011,1214402,2,0,4,2,1,0,0,1,4,48,10,0,2,San Luis
H01012,1385799,2,0,4,2,0,0,1,1,2,8,11,0,1,Altos del Sol
H01013,2818213,3,1,5,2,0,0,1,1,1,38,13,0,4,San Carlos
H01014,3109753,4,0,3,1,0,1,1,0,1,32,14,0,4,La Esperanza
H01015,1169933,1,0,5,2,1,0,1,1,4,42,45,0,2,La Victoria
H01016,2209541,3,1,3,2,0,0,1,1,2,16,10,0,3,Las Acacias
H01017,1186058,1,1,3,1,0,0,0,1,2,50,14,0,2,Nueva Colombia
H01018,1474055,1,0,5,1,0,0,1,1,4,66,42,1,2,La Aurora
H01019,1344345,2,0,4,2,0,0,0,0,4,50,45,0,2,Las Acacias
H01020,2033805,2,0,4,3,1,0,0,0,3,41,14,0,2,San Luis
H01021,2732732,2,0,4,2,0,0,1,1,2,3,19,0,4,San Luis
H01022,1499002,2,0,3,0,1,0,0,1,2,57,38,0,1,San Carlos
H01023,867332,1,0,4,2,1,0,1,1,5,49,18,1,3,San Jorge
H01024,1757112,2,0,3,0,0,0,1,1,4,49,50,1,4,Villa Sofía
H01025,652560,1,1,5,4,1,0,0,0,5,27,20,1,1,El Bosque
H01026,1772352,3,1,5,1,0,1,0,1,4,83,21,1,3,Nueva Colombia
H01027,1899519,2,0,3,2,0,0,1,1,2,24,18,0,5,El Progreso
H01028,1583052,3,0,3,3,0,0,0,0,4,18,86,0,4,Manablanca
H01029,912220,1,1,5,4,0,1,0,0,4,55,17,1,2,La Primavera
H01030,2758949,4,0,4,1,0,0,1,1,2,23,30,0,4,Las Acacias
H01031,2087636,1,0,5,2,0,0,1,1,3,75,74,1,4,Villa Sofía
H01032,2470030,4,0,3,0,0,0,1,1,2,20,10,0,4,Las Flores
H01033,1813588,2,1,5,2,0,0,1,1,3,30,87,0,1,Manablanca
H01034,933712,1,1,7,4,1,0,0,1,4,33,24,0,3,Bellavista
H01035,1783393,1,1,3,1,0,0,1,1,4,38,25,0,2,El Porvenir
H01036,1474253,3,1,8,5,0,0,1,1,4,17,4,1,2,La Esperanza
H01037,4190478,4,0,3,1,0,0,1,1,2,37,22,0,4,El Porvenir
H01038,1903387,1,0,8,4,0,1,1,1,2,21,33,0,1,El Porvenir
H01039,581055,1,1,7,2,0,0,0,0,5,84,50,1,2,Nueva Colombia
H01040,1266113,2,1,5,1,0,1,1,0,2,33,55,0,3,La Unión
H01041,1888140,2,0,4,2,1,0,0,1,2,110,55,0,3,El Carmen
H01042,2809062,3,0,5,2,1,0,1,1,2,60,23,0,2,San Carlos
H01043,1882674,2,0,6,3,0,0,1,1,2,41,34,0,2,San Jorge
H01044,659649,2,0,5,1,0,0,1,0,4,33,38,1,2,La Aurora
H01045,1466251,1,1,3,3,0,0,1,0,2,12,36,1,1,Las Flores
H01046,3714949,3,0,3,2,0,0,1,1,2,29,18,0,3,La Primavera
H01047,2052544,2,1,5,2,1,1,0,1,2,86,31,0,2,La Aurora
H01048,1582442,3,0,4,1,1,0,1,0,4,47,45,0,2,San Jorge
H01049,1230737,1,1,7,3,0,0,0,1,3,38,27,0,2,El Carmen
H01050,1327153,2,1,4,3,0,0,0,0,3,79,42,0,4,La Primavera
H01051,1451870,2,1,6,3,0,0,1,1,4,60,26,0,2,Villa Diana
H01052,742035,2,0,7,3,0,0,0,0,4,43,62,1,2,El Bosque
H01053,1979814,3,1,6,3,1,0,0,1,3,49,32,1,3,Villa Sofía
H01054,1422614,1,1,4,0,0,0,0,1,4,85,74,0,2,La Primavera
H01055,2219933,3,0,3,2,0,0,1,1,2,13,30,0,4,Las Acacias
H01056,1438265,2,0,5,0,0,0,1,1,4,23,17,0,3,Villa Sofía
H01057,1840953,2,1,7,0,0,0,0,1,3,35,38,1,1,El Bosque
H01058,2031862,3,0,3,2,0,0,1,1,4,20,26,0,3,Centro
H01059,2308581,2,1,4,2,1,0,0,1,4,96,31,0,1,San Jorge
H01060,2080305,3,1,4,4,1,0,0,1,3,32,31,0,3,Buenos Aires
H01061,1391574,1,0,4,4,1,0,1,1,2,50,30,1,1,Los Pinos
H01062,1828606,1,1,5,0,1,0,1,1,3,81,67,0,2,El Carmen
H01063,984618,2,0,7,0,0,0,0,1,4,28,14,0,2,Villa Sofía
H01064,1329192,2,0,4,0,0,0,0,0,4,72,102,0,1,Nueva Colombia
H01065,1212870,1,1,3,2,0,0,1,0,3,70,19,0,2,Las Acacias
H01066,2444160,2,0,4,1,0,0,1,1,3,16,22,0,5,San Luis
H01067,1101571,2,1,5,0,0,1,0,1,2,19,21,0,2,Manablanca
H01068,1954189,3,0,7,3,0,0,1,0,4,62,70,1,4,La Victoria
H01069,1743261,1,1,4,2,1,0,0,0,5,74,41,1,1,Centro
H01070,2451176,4,1,4,1,0,0,1,1,1,30,26,0,4,Las Acacias
H01071,1228586,2,1,3,2,1,0,1,1,1,48,69,1,2,Santa Ana
H01072,1390010,2,1,4,1,0,0,1,1,2,34,21,0,4,La Esperanza
H01073,1862072,3,0,5,0,0,0,1,1,1,22,11,0,4,Buenos Aires
H01074,3174696,3,0,3,1,0,0,1,1,2,28,20,0,4,San Carlos
H01075,1417052,3,0,4,1,0,1,1,1,2,20,22,1,5,Villa Diana
H01076,695274,1,1,5,1,0,0,0,1,5,109,79,0,2,Manablanca
H01077,2582862,2,0,3,1,1,1,1,0,2,30,29,0,3,Las Acacias
H01078,3405887,3,0,4,1,0,0,1,1,1,34,11,0,3,La Victoria
H01079,1395391,2,1,4,0,0,1,0,1,1,67,69,0,2,El Bosque
H01080,1740784,2,1,6,1,1,0,0,1,4,18,26,1,3,Las Acacias
H01081,1635520,2,0,3,2,0,0,1,1,4,62,47,0,2,Bellavista
H01082,1054234,1,0,6,1,0,0,1,1,3,13,38,0,2,San Jorge
H01083,2078063,1,1,3,1,0,0,0,1,4,50,25,0,4,Santa Ana
H01084,1071537,1,1,3,3,0,0,1,1,2,49,44,0,2,Buenos Aires
H01085,1807123,2,0,4,1,0,0,1,1,3,50,53,0,1,Las Acacias
H01086,2094834,3,0,6,1,1,0,0,1,3,49,43,0,2,San Luis
H01087,2537101,2,1,6,1,1,0,1,1,2,24,12,0,3,Las Acacias
H01088,1592089,2,1,3,2,0,0,1,1,2,81,31,1,2,La Victoria
H01089,1642201,2,0,4,1,0,0,0,1,3,95,72,0,3,Altos del Sol
H01090,1890097,2,0,7,2,1,0,0,1,3,40,25,0,1,La Victoria
H01091,2208645,2,1,6,1,0,0,1,1,4,15,49,1,2,San Jorge
H01092,2521032,3,0,4,0,0,0,1,1,1,27,6,1,3,Villa Diana
H01093,2366962,3,0,5,0,1,0,1,1,1,46,10,0,4,El Progreso
H01094,1004306,2,0,6,3,0,0,1,0,2,45,41,0,2,La Unión
H01095,1507120,2,1,6,3,1,0,1,1,5,49,30,0,3,San Jorge
H01096,3124990,2,1,5,1,1,0,1,1,2,18,10,1,4,La Primavera
H01097,1104608,2,0,3,1,1,0,1,1,2,44,46,0,3,Manablanca
H01098,1939493,2,1,6,2,0,0,1,1,1,73,49,1,2,Las Flores
H01099,1544145,2,1,3,3,0,0,0,0,3,91,53,0,3,San Luis
H01100,2240731,2,0,3,1,0,0,1,1,2,19,23,0,4,Centro
H01101,1040406,2,1,7,3,1,0,1,1,4,43,59,0,2,Altos del Sol
H01102,1161270,2,1,5,2,0,0,1,1,5,16,40,0,1,Los Pinos
H01103,1051144,1,1,5,1,0,0,0,1,2,46,69,1,3,La Aurora
H01104,1417793,3,1,5,4,0,0,0,0,3,18,35,0,2,Villa Sofía
H01105,1053503,2,1,4,3,0,0,1,1,2,6,42,0,2,Las Acacias
H01106,1549674,1,0,6,4,0,0,1,1,4,39,19,1,1,El Bosque
H01107,1414022,2,0,6,2,1,1,0,1,4,13,7,1,2,Altos del Sol
H01108,1745477,2,1,4,2,1,0,1,1,2,44,33,0,3,Altos del Sol
H01109,3423631,4,0,2,1,1,0,1,1,1,21,19,0,4,San Jorge
H01110,1406698,2,0,2,0,0,0,1,1,5,58,18,1,3,Altos del Sol
H01111,2676223,2,0,3,1,1,0,1,1,1,31,5,0,2,El Progreso
H01112,3234759,3,0,6,3,0,0,1,1,1,28,21,1,3,La Unión
H01113,3188377,3,0,3,2,0,0,1,1,3,40,7,0,5,San Jorge
H01114,1565110,2,0,4,1,1,0,1,1,3,36,53,0,1,San Luis
H01115,2301049,2,1,3,3,0,0,1,1,3,24,6,0,3,Centro
H01116,1551028,2,0,7,3,1,0,0,0,2,35,13,0,3,Centro
H01117,4022566,4,1,6,2,0,0,1,1,2,42,12,0,4,Buenos Aires
H01118,746056,1,1,5,1,0,0,1,1,5,87,61,0,1,Villa Diana
H01119,1639810,3,0,7,3,0,0,1,1,4,28,34,0,2,San Jorge
H01120,1385880,2,0,4,3,0,0,1,1,2,20,20,0,1,Villa Diana
H01121,749115,1,0,3,3,0,0,0,1,3,63,18,0,1,El Bosque
H01122,2649536,4,0,5,2,0,0,1,1,1,5,16,1,5,San Luis
H01123,1373230,2,1,6,0,1,0,1,1,5,57,40,1,1,El Bosque
H01124,1069180,3,0,5,2,0,0,0,1,2,84,55,0,1,Villa Sofía
H01125,1603761,2,0,2,2,0,0,0,0,2,64,41,0,2,Villa Diana
H01126,630486,2,1,4,3,0,0,0,1,4,56,66,0,1,Nueva Colombia
H01127,2222331,3,0,3,0,0,0,1,1,1,27,29,0,3,Santa Ana
H01128,1584972,3,0,7,2,0,1,1,1,3,58,14,0,3,La Unión
H01129,1281974,2,0,2,2,1,0,0,1,4,119,11,0,3,San Luis
H01130,3651245,3,0,3,1,0,0,0,1,2,17,3,0,4,Santa Ana
H01131,2660447,2,0,4,0,0,0,1,1,2,27,33,0,3,San Carlos
H01132,1207508,1,1,3,0,0,0,1,0,4,124,57,1,2,Villa Sofía
H01133,1546894,2,0,5,2,0,0,1,0,3,60,40,0,3,San Luis
H01134,1678454,1,0,4,4,0,0,0,1,4,34,34,0,4,Buenos Aires
H01135,1668387,3,0,6,1,0,0,0,1,4,21,34,0,2,La Aurora
H01136,1739016,2,1,4,1,1,0,1,0,3,68,42,0,3,Nueva Colombia
H01137,1971583,2,1,4,2,0,0,0,1,4,22,29,0,1,La Unión
H01138,3045773,4,0,2,0,0,1,1,1,3,27,27,0,4,La Primavera
H01139,2008728,2,0,4,1,1,0,0,1,2,94,50,0,2,La Victoria
H01140,2495336,2,1,6,6,0,0,1,1,3,40,23,1,2,El Porvenir
H01141,2797435,3,0,3,1,0,0,1,1,2,21,19,0,2,San Luis
H01142,1223561,2,0,6,1,0,0,1,1,4,67,21,1,1,La Primavera
H01143,2472172,4,0,2,2,0,1,0,1,2,32,16,0,5,San Luis
H01144,2614506,3,0,5,1,0,0,1,1,3,17,5,1,4,Villa Diana
H01145,1425571,3,0,6,0,0,0,1,1,4,78,14,0,2,San Carlos
H01146,990205,1,1,7,3,0,1,1,1,5,77,25,0,3,Manablanca
H01147,1510498,2,0,7,2,0,0,1,1,4,51,13,0,2,Bellavista
H01148,1548926,3,1,4,4,0,1,1,1,5,53,26,0,2,La Unión
H01149,2150778,2,0,5,4,1,0,1,1,3,33,42,1,4,El Porvenir
H01150,2675308,3,0,4,0,0,0,1,1,1,16,22,0,3,El Carmen
H01151,754492,2,1,5,2,0,1,1,1,1,52,23,0,3,Las Acacias
H01152,3006541,2,0,3,2,0,0,1,1,2,21,29,0,4,La Victoria
H01153,3265162,4,0,6,2,0,1,1,1,2,41,6,0,4,Centro
H01154,1273895,3,0,5,3,0,0,1,1,4,18,4,0,1,San Jorge
H01155,1242873,2,0,5,0,0,0,0,1,3,76,32,0,3,La Victoria
H01156,3291953,3,0,5,1,1,0,1,1,2,44,16,0,4,Buenos Aires
H01157,1456877,3,1,5,0,0,0,0,0,2,70,68,1,3,Las Acacias
H01158,1490576,2,0,5,0,0,0,0,1,4,68,45,1,3,Los Pinos
H01159,1704514,1,1,4,2,0,1,0,0,3,47,47,0,4,Las Acacias
H01160,633456,2,1,8,4,0,0,0,0,5,64,74,0,1,Manablanca
H01161,1986174,2,0,4,0,0,1,0,0,4,52,44,0,2,Altos del Sol
H01162,2681032,3,1,3,0,0,0,1,1,1,15,19,0,2,El Porvenir
H01163,1601960,2,1,7,1,0,0,1,1,4,5,36,0,3,La Primavera
H01164,2113359,2,0,3,1,0,0,1,1,3,39,19,0,3,El Progreso
H01165,1884612,3,0,4,1,1,0,0,1,2,22,11,0,4,El Porvenir
H01166,1960130,2,0,8,2,1,0,1,1,4,31,4,1,3,Santa Ana
H01167,1278273,2,1,7,2,0,0,1,1,3,30,49,0,2,Bellavista
H01168,332963,1,1,7,0,0,0,0,0,4,85,56,0,2,San Luis
H01169,2884749,3,0,3,1,0,0,1,1,2,64,11,0,4,El Progreso
H01170,1937505,2,0,8,4,1,0,1,1,4,39,28,0,3,San Carlos
H01171,1183212,1,0,4,3,1,1,0,1,3,40,28,0,2,Altos del Sol
H01172,2173628,1,1,6,2,0,0,1,0,2,43,28,0,2,Manablanca
H01173,2217178,4,0,2,0,0,1,1,1,1,23,27,1,4,Los Pinos
H01174,2670770,2,0,3,3,1,0,1,1,1,25,34,0,4,Bellavista
H01175,991073,1,1,5,1,1,0,0,0,4,106,67,0,3,El Carmen
H01176,721178,2,1,7,2,0,0,1,0,5,65,18,0,2,Las Acacias
H01177,1140403,1,0,4,1,1,1,1,1,3,83,16,0,3,Nueva Colombia
H01178,1542318,2,1,5,2,0,0,1,1,2,29,45,0,2,La Esperanza
H01179,2054159,2,0,3,1,0,0,1,1,1,13,13,0,4,Bellavista
H01180,642382,2,1,3,6,1,0,1,0,4,103,52,1,3,El Bosque
H01181,1531705,1,0,2,1,0,0,1,0,5,27,24,0,4,Villa Sofía
H01182,1095202,1,0,5,2,0,1,1,1,1,8,36,0,1,El Porvenir
H01183,1344137,3,0,5,4,0,0,1,1,4,16,39,0,3,La Primavera
H01184,1342402,2,1,5,2,0,0,1,1,4,44,27,0,1,San Jorge
H01185,2718646,3,0,4,1,0,0,1,1,1,31,3,0,3,El Progreso
H01186,801824,2,1,4,5,0,0,0,0,5,93,63,0,2,Buenos Aires
H01187,1112158,2,0,6,2,0,0,1,1,4,49,28,1,2,La Victoria
H01188,2079627,2,1,6,3,0,1,1,1,4,20,18,1,3,Las Flores
H01189,1848415,1,1,5,1,1,0,0,0,3,80,79,0,1,San Luis
H01190,1402359,2,0,3,1,0,0,1,1,2,62,60,1,2,Villa Sofía
H01191,3089156,3,0,3,1,0,0,1,1,3,49,6,0,3,San Luis
H01192,2389113,2,0,5,1,0,0,1,1,3,62,33,0,3,La Aurora
H01193,1257646,2,1,5,2,0,0,1,1,2,63,4,0,2,El Progreso
H01194,1494853,1,0,4,0,0,1,1,1,2,76,41,0,1,Los Pinos
H01195,2974897,3,0,4,0,1,0,1,1,1,29,17,0,3,El Progreso
H01196,1477736,1,1,4,2,1,0,0,0,2,27,21,0,2,Altos del Sol
H01197,2587784,3,0,4,1,0,0,1,1,1,23,10,0,4,La Primavera
H01198,1422208,2,0,4,4,0,0,1,1,3,68,24,1,4,Los Pinos
H01199,300000,1,1,3,2,0,0,0,1,2,25,26,0,2,San Carlos
H01200,1712480,2,0,7,1,0,0,1,1,3,26,18,1,1,Santa Ana
H01201,1027211,2,0,5,2,0,0,0,1,3,56,24,0,3,San Luis
H01202,1301755,2,0,4,1,0,0,1,0,3,30,68,0,4,El Bosque
H01203,1100121,1,1,6,2,0,1,0,0,5,83,70,0,3,San Luis
H01204,1241098,2,0,1,4,1,0,1,1,3,33,48,1,1,Buenos Aires
H01205,1904843,2,0,6,1,1,0,1,1,2,33,37,1,4,La Unión
H01206,745084,1,1,7,3,1,0,0,1,4,69,62,0,3,Buenos Aires
H01207,2794160,2,0,5,1,0,0,1,1,1,5,14,0,4,Buenos Aires
H01208,1283447,2,1,7,3,0,0,1,1,3,29,17,1,3,Santa Ana
H01209,1851279,2,0,6,4,0,0,1,1,3,40,26,0,1,Las Flores
H01210,1460480,1,0,6,4,1,0,0,0,2,30,11,0,2,El Progreso
H01211,1416772,2,1,5,0,0,0,1,1,5,5,27,0,4,El Porvenir
H01212,933030,2,1,2,2,0,0,1,1,3,39,39,0,2,La Aurora
H01213,623703,2,1,6,4,0,0,0,0,4,91,50,0,3,Villa Sofía
H01214,1085691,1,1,6,1,1,1,0,1,4,103,92,0,2,Buenos Aires
H01215,1680126,2,1,5,2,0,0,0,1,3,39,37,0,3,Nueva Colombia
H01216,2981705,2,0,4,1,0,1,1,1,1,33,5,1,4,El Porvenir
H01217,1645385,2,0,7,2,0,0,1,1,4,45,25,1,2,La Aurora
H01218,1703518,2,1,5,1,0,0,1,0,5,22,18,0,2,La Aurora
H01219,1906658,3,0,3,1,0,0,1,1,2,20,16,0,4,El Carmen
H01220,1411233,2,0,3,0,0,0,1,0,5,17,15,0,1,El Porvenir
H01221,2062386,2,0,7,2,1,0,0,1,4,44,43,1,3,Villa Sofía
H01222,1604266,3,1,3,2,0,0,1,1,2,38,45,0,3,Manablanca
H01223,1617768,1,1,7,2,0,1,1,0,4,18,16,0,2,San Jorge
H01224,1985767,2,1,1,1,0,0,0,1,3,18,41,0,2,Altos del Sol
H01225,1347531,3,0,4,2,0,0,0,1,3,89,10,0,2,El Carmen
H01226,1322658,2,1,7,0,1,0,1,1,3,22,71,1,2,Altos del Sol
H01227,1386784,2,1,7,2,1,0,1,1,2,21,17,1,2,El Bosque
H01228,1664096,1,1,2,2,0,0,1,1,4,71,50,0,2,Manablanca
H01229,1879633,1,1,4,0,1,0,1,0,4,74,34,0,2,Manablanca
H01230,3533796,4,0,3,1,0,0,1,1,1,31,24,1,5,Centro
H01231,1317696,3,0,5,1,0,0,1,1,2,21,26,0,2,La Unión
H01232,3110975,3,0,3,1,0,0,1,1,1,28,26,0,4,Villa Diana
H01233,2168084,3,1,6,3,1,0,0,1,3,10,38,1,2,La Primavera
H01234,1454702,1,1,4,3,1,1,0,0,2,69,60,0,1,La Aurora
H01235,1719758,1,1,6,2,0,0,0,0,4,50,31,0,3,Santa Ana
H01236,750548,2,1,6,2,0,0,1,1,3,47,16,0,2,San Carlos
H01237,1870541,2,0,3,0,0,0,1,1,3,13,18,0,4,Bellavista
H01238,2516213,3,0,4,0,0,0,1,1,1,12,3,0,3,Los Pinos
H01239,1694234,2,0,4,1,1,0,1,1,2,13,7,0,3,El Porvenir
H01240,2205289,3,0,5,4,1,0,1,1,4,29,7,0,4,San Carlos
H01241,1888535,3,1,6,1,0,0,1,0,4,24,16,0,3,Villa Diana
H01242,1079245,1,1,4,2,1,0,1,1,2,43,50,1,3,La Victoria
H01243,1362741,2,0,2,2,1,0,0,0,4,36,24,0,2,Villa Sofía
H01244,1254733,1,0,1,2,0,1,0,1,2,27,19,0,2,Las Acacias
H01245,2681691,3,1,4,1,0,0,1,0,1,21,22,1,4,Buenos Aires
H01246,1477180,2,0,6,2,0,0,1,0,3,42,24,0,1,La Esperanza
H01247,1829854,2,1,5,1,0,0,0,1,5,49,67,0,3,El Carmen
H01248,994527,1,1,5,4,1,0,1,1,4,42,31,1,1,Altos del Sol
H01249,1706692,2,0,4,1,0,0,0,1,2,4,17,0,4,Las Flores
H01250,1718191,2,1,5,2,0,0,0,1,3,18,19,0,3,La Aurora
H01251,3284616,3,1,5,2,0,0,1,1,1,3,18,0,4,Las Flores
H01252,2004951,3,0,5,2,0,0,1,1,2,21,21,1,4,San Luis
H01253,3259622,3,0,4,0,0,0,1,1,1,33,14,0,3,La Primavera
H01254,540420,1,1,9,3,0,1,0,0,4,80,40,1,2,San Luis
H01255,812755,3,1,4,3,1,1,1,1,4,51,28,0,3,La Primavera
H01256,1518768,1,1,5,3,0,0,1,0,4,64,28,0,2,Las Flores
H01257,3111711,2,0,2,1,0,0,1,1,3,27,9,0,4,El Progreso
H01258,1151951,2,1,4,1,0,0,1,1,2,65,31,1,3,Nueva Colombia
H01259,2249611,1,1,5,3,1,0,0,1,3,58,15,1,2,El Carmen
H01260,892792,1,1,3,0,0,0,0,0,4,91,47,0,1,El Bosque
H01261,2346710,2,0,3,1,0,0,1,1,2,40,12,0,4,Las Flores
H01262,2772059,3,0,4,0,1,0,1,1,3,17,6,0,3,El Porvenir
H01263,1102801,2,1,6,3,1,0,0,1,5,38,86,0,2,El Bosque
H01264,2495521,3,0,3,0,0,0,1,1,2,15,18,0,2,La Esperanza
H01265,1156803,1,1,5,1,0,1,0,0,2,43,31,0,2,La Unión
H01266,3298422,4,1,3,3,0,0,1,1,1,30,15,0,3,La Victoria
H01267,3089212,3,0,4,2,1,0,1,1,2,20,12,0,5,El Porvenir
H01268,1367839,2,1,5,1,1,0,0,1,3,62,30,0,1,El Bosque
H01269,685107,1,1,6,2,0,0,0,1,5,69,44,0,1,Villa Sofía
H01270,1556276,2,1,6,1,0,0,1,1,4,39,40,1,2,La Victoria
H01271,3004410,2,1,1,1,0,0,1,1,2,32,29,0,2,La Victoria
H01272,1743528,2,1,3,1,0,0,1,1,3,86,70,0,2,El Bosque
H01273,702247,1,1,4,1,0,1,1,1,4,72,87,0,2,San Jorge
H01274,1321441,1,0,4,2,0,0,0,1,3,79,77,1,3,La Victoria
H01275,1451782,2,1,4,0,1,0,1,1,3,47,25,0,1,Centro
H01276,1116308,2,1,6,2,0,0,0,1,5,20,87,1,2,El Bosque
H01277,1416281,2,1,5,2,0,0,0,0,4,53,31,0,2,Nueva Colombia
H01278,1513319,2,1,4,3,1,0,1,1,3,7,21,0,2,El Porvenir
H01279,672263,2,0,5,4,0,0,0,1,4,74,73,0,2,Buenos Aires
H01280,798592,3,0,5,0,0,0,1,0,5,45,27,0,2,La Aurora
H01281,1779726,1,1,7,2,0,0,1,1,1,40,27,0,3,Altos del Sol
H01282,841251,2,0,3,2,0,0,1,0,3,49,24,1,4,Los Pinos
H01283,1118510,1,1,4,0,0,0,1,1,4,46,15,0,3,Villa Sofía
H01284,1187586,2,1,4,2,0,0,0,1,2,32,37,1,2,La Unión
H01285,1602738,2,1,6,1,0,0,1,1,4,58,18,0,2,San Luis
H01286,954865,1,0,3,3,0,0,1,0,3,78,33,1,2,Altos del Sol
H01287,1578195,2,1,4,3,1,0,1,0,5,39,39,1,1,El Progreso
H01288,995221,1,0,6,3,0,0,0,0,4,59,24,0,2,Buenos Aires
H01289,2711555,3,0,5,1,0,0,1,1,2,17,7,0,3,Buenos Aires
H01290,1590740,2,1,5,2,1,0,1,1,2,5,36,1,3,La Unión
H01291,2679989,4,0,5,0,1,0,1,1,2,19,11,0,4,Los Pinos
H01292,1906424,3,1,7,1,0,0,1,1,3,27,46,1,4,Centro
H01293,1344713,2,0,5,1,1,0,1,1,4,55,24,0,2,Las Flores
H01294,365845,1,1,4,2,0,0,1,1,2,42,40,0,4,Nueva Colombia
H01295,2112926,3,1,5,1,0,0,1,1,2,17,10,1,3,San Jorge
H01296,1541756,2,1,7,3,0,0,1,1,3,36,35,1,3,Bellavista
H01297,1948671,3,0,4,1,0,0,1,1,2,32,26,0,4,Las Flores
H01298,656678,2,1,4,0,0,0,1,1,2,62,18,0,2,Buenos Aires
H01299,2186778,2,1,5,1,0,0,0,1,3,47,36,1,4,La Primavera
H01300,1256792,3,0,8,2,0,0,1,1,4,30,19,0,2,San Luis
H01301,3106202,2,1,4,2,0,0,0,1,2,27,18,0,4,El Carmen
H01302,1240466,2,1,2,0,0,0,0,0,2,46,19,1,3,San Luis
H01303,265533,2,1,4,2,0,0,0,1,5,114,34,0,1,El Carmen
H01304,820887,1,0,6,2,1,0,1,1,3,44,15,0,3,El Progreso
H01305,2522602,3,0,6,2,0,0,1,1,1,24,13,0,5,Bellavista
H01306,1833000,1,1,5,3,0,0,1,0,5,43,31,1,3,Las Flores
H01307,1541162,2,0,5,1,0,0,1,1,4,27,25,1,2,Villa Diana
H01308,1692902,2,0,5,2,0,0,1,0,3,69,50,0,4,Bellavista
H01309,1381362,1,1,3,3,0,0,1,1,3,53,39,0,2,El Bosque
H01310,1410327,2,0,6,2,1,0,0,1,3,84,60,0,3,San Jorge
H01311,1321751,2,0,5,2,0,0,1,0,5,16,26,0,1,El Porvenir
H01312,985135,1,1,6,3,0,0,1,1,3,47,23,0,3,Los Pinos
H01313,2553389,3,0,4,0,0,0,1,1,3,18,17,0,3,San Luis
H01314,1225310,2,0,6,2,0,0,1,1,3,36,22,0,1,Altos del Sol
H01315,1723700,3,0,5,1,1,0,1,0,3,18,49,0,2,Altos del Sol
H01316,1676369,3,0,6,0,0,0,0,1,4,17,6,0,2,La Aurora
H01317,3777476,4,0,4,0,0,0,1,1,1,13,27,0,4,Buenos Aires
H01318,1715772,2,0,4,5,0,0,1,0,4,42,22,0,1,La Aurora
H01319,1427415,3,0,5,3,0,0,0,1,4,23,48,0,2,La Unión
H01320,1679174,3,0,4,2,1,1,1,1,3,27,20,0,2,El Carmen
H01321,1132264,1,1,4,2,0,0,0,1,2,5,29,1,2,Bellavista
H01322,1234047,1,1,5,2,0,0,1,1,5,64,25,0,4,Villa Sofía
H01323,1887047,3,1,6,0,1,0,0,0,5,55,31,0,2,Santa Ana
H01324,739209,2,1,5,3,0,0,1,0,4,27,73,0,2,Villa Sofía
H01325,2082824,2,0,6,4,0,0,1,1,1,41,33,1,2,Buenos Aires
H01326,1196332,2,1,5,2,1,0,1,1,1,5,9,0,1,San Carlos
H01327,799270,1,1,5,2,0,0,1,1,2,40,33,0,2,La Primavera
H01328,1485713,3,0,5,1,0,0,1,1,3,25,17,1,3,Los Pinos
H01329,718178,1,0,5,0,0,1,0,1,5,18,36,0,2,El Carmen
H01330,2864397,3,1,3,2,0,0,1,1,2,22,22,0,4,San Jorge
H01331,1743152,2,1,6,1,0,0,0,1,3,55,19,1,2,El Bosque
H01332,1173853,2,1,5,1,0,0,1,0,4,50,16,0,1,Las Flores
H01333,1284309,1,1,5,1,0,0,1,0,5,44,16,0,1,La Primavera
H01334,1929276,2,1,5,4,0,0,1,1,3,59,29,0,2,La Primavera
H01335,1579881,1,0,5,4,0,0,0,1,3,62,43,1,2,El Carmen
H01336,824980,1,1,5,1,0,1,0,1,3,71,80,0,1,La Victoria
H01337,2425266,4,1,3,2,1,0,1,1,3,11,12,0,4,San Jorge
H01338,1566652,2,1,4,2,0,1,0,1,3,54,41,1,2,Nueva Colombia
H01339,1658617,2,1,6,2,0,1,1,1,1,49,36,0,4,El Carmen
H01340,1548716,1,0,4,0,0,1,0,1,4,60,43,0,1,La Primavera
H01341,1636011,1,1,4,1,0,0,0,1,3,57,39,0,1,Manablanca
H01342,2911596,4,0,5,2,0,0,1,1,2,24,32,0,4,La Victoria
H01343,1322153,1,0,3,1,1,0,0,1,3,64,20,0,2,Manablanca
H01344,740155,2,1,4,3,0,0,0,1,5,58,54,1,2,San Luis
H01345,1202745,2,0,4,3,0,1,0,0,4,66,62,1,3,La Primavera
H01346,1393625,1,1,3,3,1,0,0,0,4,14,42,0,2,El Carmen
H01347,3221062,2,0,3,2,0,0,1,1,2,29,26,0,3,Villa Diana
H01348,1027604,2,0,7,2,0,0,1,1,2,34,6,0,2,El Bosque
H01349,1490771,3,1,4,3,0,0,1,1,2,53,4,1,3,San Carlos
H01350,1457857,2,0,6,2,1,1,0,0,4,77,33,0,1,Bellavista
H01351,1110468,3,0,6,2,0,0,1,0,3,26,37,0,1,Nueva Colombia
H01352,3319399,3,0,1,1,0,0,1,1,3,19,3,0,5,Las Acacias
H01353,1352929,1,0,2,3,0,0,1,1,5,28,34,0,2,Las Acacias
H01354,1652644,2,0,5,2,0,0,1,0,4,50,7,0,1,La Unión
H01355,3272747,3,0,5,1,1,1,1,1,1,3,25,0,5,La Unión
H01356,1656110,1,1,2,1,0,0,1,0,3,56,17,1,2,Centro
H01357,696227,2,1,6,3,0,0,0,1,5,52,75,1,1,San Luis
H01358,1308020,2,0,6,4,0,1,0,1,2,31,25,1,3,Las Acacias
H01359,3202660,3,1,4,3,0,0,1,1,2,23,20,0,4,La Primavera
H01360,1697432,3,1,1,1,0,0,1,1,1,31,17,0,4,Las Flores
H01361,1500055,1,1,6,3,0,0,1,0,4,5,16,0,3,El Carmen
H01362,937132,1,1,4,1,1,0,1,0,4,58,40,0,3,Las Flores
H01363,1753374,2,0,6,3,0,0,1,0,4,15,13,1,4,San Jorge
H01364,2182235,3,1,6,1,1,0,1,1,3,16,26,0,3,Las Flores
H01365,961039,1,1,3,1,0,0,0,0,4,109,70,0,3,Nueva Colombia
H01366,1226869,1,1,5,0,0,0,0,0,4,54,25,0,3,La Aurora
H01367,1225218,1,0,3,0,1,0,0,1,3,22,11,0,1,La Esperanza
H01368,1480038,2,1,3,3,0,0,1,1,4,38,15,0,4,El Bosque
H01369,2568965,3,0,3,3,0,0,1,1,2,21,17,0,5,La Primavera
H01370,1090346,2,0,8,1,0,0,1,0,2,44,16,1,2,La Primavera
H01371,1870259,2,1,1,1,0,0,1,1,4,27,18,1,2,Villa Sofía
H01372,2334857,2,0,7,2,0,0,0,1,4,59,33,1,3,Santa Ana
H01373,1681754,1,0,6,3,0,0,1,1,2,19,21,1,3,La Unión
H01374,2002844,3,1,7,4,1,0,1,1,3,27,36,0,2,Villa Sofía
H01375,2596238,3,0,5,2,0,0,0,1,2,24,5,1,4,El Carmen
H01376,1416524,1,1,3,2,0,0,1,1,5,45,21,0,4,Centro
H01377,1803389,3,1,4,2,0,0,1,1,3,52,50,0,2,Buenos Aires
H01378,1440337,2,1,4,3,0,0,0,1,4,37,46,0,1,Las Acacias
H01379,945324,1,1,4,1,0,0,1,1,5,39,34,0,1,La Aurora
H01380,1274119,2,1,4,2,0,0,1,0,5,39,66,0,4,Santa Ana
H01381,2128547,3,1,4,2,0,0,1,0,5,67,34,0,2,La Primavera
H01382,723069,1,0,3,2,1,0,0,1,5,66,22,1,2,La Victoria
H01383,3484613,3,0,5,2,0,0,1,1,2,15,25,0,3,La Unión
H01384,533166,1,0,5,3,1,0,0,0,3,71,33,1,2,El Bosque
H01385,822292,1,1,4,1,1,1,0,0,4,39,35,1,2,Centro
H01386,3655400,3,0,5,2,0,0,1,1,1,21,23,0,4,Buenos Aires
H01387,1975865,3,1,7,3,1,0,1,0,3,20,15,1,2,El Bosque
H01388,1695163,1,1,5,4,0,0,1,1,2,7,25,0,1,El Porvenir
H01389,3441827,3,1,3,1,0,0,1,0,3,40,5,1,4,Villa Diana
H01390,2936361,4,0,3,0,0,0,1,1,2,30,3,0,3,La Unión
H01391,1172251,1,0,1,3,0,1,0,0,4,51,49,0,4,Villa Diana
H01392,1360990,1,1,6,3,1,0,1,1,3,45,18,0,3,Santa Ana
H01393,1788968,2,0,5,1,0,0,0,1,3,94,68,0,3,Villa Sofía
H01394,1628548,1,0,3,4,1,0,0,0,4,103,107,0,3,Las Acacias
H01395,2889065,3,0,3,1,0,0,1,1,1,41,9,0,3,Buenos Aires
H01396,1323954,2,1,5,2,0,0,0,1,2,42,37,0,2,El Progreso
H01397,524954,2,1,2,2,0,0,0,0,5,107,70,1,2,Buenos Aires
H01398,2152635,1,0,5,2,0,0,1,1,3,45,46,1,1,Villa Sofía
H01399,1462151,1,0,8,2,0,0,1,0,2,32,13,1,2,El Porvenir
H01400,1215753,1,0,6,2,0,0,1,1,4,11,6,0,2,San Jorge
H01401,937684,1,0,6,1,0,0,0,1,4,49,17,0,1,Nueva Colombia
H01402,1072903,1,0,2,3,0,0,0,1,5,50,17,0,1,Santa Ana
H01403,905951,2,0,6,2,1,0,1,0,4,70,43,0,2,El Carmen
H01404,1138519,3,0,1,1,1,0,1,1,3,86,53,0,2,Villa Sofía
H01405,789089,1,1,7,2,1,1,0,1,4,114,32,0,2,Buenos Aires
H01406,1725831,2,1,3,1,1,0,0,1,2,68,92,0,4,La Aurora
H01407,2981493,3,0,3,0,0,0,1,1,1,24,14,0,4,Santa Ana
H01408,3382710,3,0,3,1,0,0,0,1,3,48,27,0,4,Las Acacias
H01409,1167135,1,1,2,1,1,1,1,1,4,46,12,0,2,San Jorge
H01410,2711959,3,0,4,3,0,0,1,1,2,47,26,0,2,Bellavista
H01411,1677375,2,0,4,1,0,0,1,1,1,29,28,0,3,La Esperanza
H01412,1477427,1,0,4,1,0,0,0,1,1,62,29,0,2,Manablanca
H01413,1432947,1,0,3,1,0,0,1,0,2,40,59,0,3,Altos del Sol
H01414,1434154,2,1,6,3,0,0,0,1,4,105,29,0,2,El Bosque
H01415,947921,2,0,3,1,0,0,1,1,1,31,21,0,3,La Primavera
H01416,2301807,2,0,3,1,0,0,1,0,2,61,21,0,3,Centro
H01417,802099,1,1,7,3,0,0,0,1,5,144,47,0,2,Villa Diana
H01418,2124116,3,1,6,2,0,0,0,1,1,57,16,0,3,La Esperanza
H01419,1853680,1,0,6,2,0,1,1,1,4,32,28,0,4,Bellavista
H01420,2512624,2,0,3,2,0,0,1,0,1,28,9,0,4,Las Flores
H01421,781357,1,1,5,2,0,0,0,1,4,92,88,0,3,Villa Diana
H01422,663746,2,1,6,1,1,0,1,0,5,117,62,0,3,La Primavera
H01423,2567408,3,0,3,1,0,0,1,1,2,33,16,0,4,San Luis
H01424,3366904,3,0,4,1,0,0,1,1,1,22,7,1,5,Santa Ana
H01425,2833138,3,1,4,2,0,0,1,1,2,32,34,0,5,Buenos Aires
H01426,2876431,3,0,2,1,0,0,1,1,3,13,14,0,2,Las Acacias
H01427,1559279,3,1,4,1,0,0,0,1,3,34,34,1,3,La Unión
H01428,1823498,1,0,8,2,0,0,1,1,3,62,41,1,3,Villa Diana
H01429,1383839,2,0,3,2,0,0,0,1,4,46,29,0,1,Santa Ana
H01430,732497,1,1,3,3,0,0,0,0,4,77,77,0,2,La Primavera
H01431,3785875,4,0,4,2,0,0,1,1,2,17,28,0,4,La Victoria
H01432,1801815,1,1,4,0,0,0,1,1,4,98,61,0,3,La Aurora
H01433,2810509,2,0,5,2,0,0,1,1,2,26,18,0,4,Centro
H01434,346815,1,1,4,0,0,0,0,1,4,30,37,0,2,Centro
H01435,1913666,3,0,6,4,0,0,0,1,3,55,11,1,2,La Unión
H01436,1877075,1,0,4,3,0,0,1,1,3,21,14,1,1,Villa Diana
H01437,1812036,2,0,6,3,1,0,1,1,3,57,26,1,1,Las Flores
H01438,1430163,2,1,6,3,1,1,0,0,3,67,45,0,1,El Progreso
H01439,3339939,3,0,3,0,0,0,1,1,1,10,19,0,5,Buenos Aires
H01440,1385172,1,0,5,4,0,0,0,1,5,86,31,0,2,Villa Sofía
H01441,1783548,2,1,6,1,1,0,1,1,2,84,55,1,2,Nueva Colombia
H01442,2293254,3,0,6,3,0,0,0,1,3,23,17,0,2,Buenos Aires
H01443,1018644,2,1,6,3,1,0,0,1,4,80,48,0,2,Villa Diana
H01444,3822141,4,0,2,1,0,0,0,1,1,11,15,0,4,La Victoria
H01445,1726531,2,0,3,2,0,0,1,1,3,77,51,0,1,Manablanca
H01446,1610626,3,0,4,1,1,0,1,1,2,44,25,1,4,La Esperanza
H01447,2200000,3,0,5,1,0,0,0,1,4,50,25,1,4,San Luis
H01448,1880980,3,1,1,2,0,0,0,1,3,76,54,0,2,La Aurora
H01449,2922486,3,0,3,2,0,0,1,1,1,3,31,0,4,El Progreso
H01450,2573157,3,1,9,3,0,0,0,1,3,43,14,0,3,La Primavera
H01451,2262530,2,1,3,1,1,0,1,1,2,42,20,1,4,Los Pinos
H01452,2136615,2,1,2,1,1,0,1,1,1,33,27,0,4,Bellavista
H01453,2202015,2,1,3,2,0,0,1,1,2,37,19,0,4,El Porvenir
H01454,1324924,2,1,4,0,0,0,0,0,4,26,47,0,1,San Jorge
H01455,1884121,2,0,5,2,0,1,1,1,3,69,68,0,1,Las Acacias
H01456,674680,1,1,6,6,1,1,1,0,4,53,89,1,2,La Victoria
H01457,1657808,2,1,4,1,0,0,1,1,4,75,51,1,3,Villa Sofía
H01458,2772436,4,0,5,0,1,0,1,1,2,28,15,1,4,La Unión
H01459,3036968,2,0,4,1,0,0,1,1,1,23,10,0,4,La Esperanza
H01460,799385,1,0,6,1,0,0,0,0,5,122,19,1,2,San Jorge
H01461,2036630,2,1,3,2,1,0,0,1,4,44,30,0,4,Villa Diana
H01462,1541630,2,0,5,4,0,0,1,1,5,58,4,1,3,La Victoria
H01463,1505725,1,0,5,4,0,0,1,1,3,38,19,1,2,Villa Sofía
H01464,1528195,3,1,7,2,0,0,1,1,3,22,39,1,2,Los Pinos
H01465,2018751,2,1,3,3,0,0,1,1,1,38,9,0,3,El Progreso
H01466,981707,2,0,5,1,0,0,1,1,4,127,64,0,2,Villa Diana
H01467,1906916,1,0,4,0,0,1,1,1,4,84,31,1,2,El Bosque
H01468,1031251,1,1,7,3,1,1,1,1,4,35,28,0,2,El Progreso
H01469,2899618,3,0,5,2,0,0,0,1,1,18,16,0,3,La Unión
H01470,976189,2,1,6,2,0,0,1,0,4,61,91,0,1,Nueva Colombia
H01471,1299131,1,1,2,3,0,1,1,1,3,47,27,1,1,El Progreso
H01472,1149072,2,0,4,0,0,0,0,1,2,61,22,1,2,Villa Sofía
H01473,1174846,1,0,6,2,0,0,0,1,2,61,31,0,3,La Aurora
H01474,687022,2,1,4,2,0,0,1,0,4,84,37,0,3,Los Pinos
H01475,1128591,1,0,4,2,0,0,0,1,5,21,14,0,1,San Luis
H01476,1243858,1,1,5,3,0,0,1,1,3,38,26,0,1,San Carlos
H01477,973508,2,1,5,3,0,0,1,1,4,20,49,0,2,Las Acacias
H01478,1086732,1,1,5,1,1,0,1,0,5,33,6,1,2,Villa Diana
H01479,1475912,2,0,2,2,0,0,0,1,5,42,39,0,1,Altos del Sol
H01480,1100572,1,1,4,2,1,0,0,1,2,41,4,1,4,Buenos Aires
H01481,1224339,2,0,3,2,0,0,1,1,1,5,4,1,1,La Unión
H01482,962696,1,1,3,3,0,1,0,1,3,39,21,0,4,La Unión
H01483,1005188,2,0,6,1,1,0,1,0,5,57,37,0,2,Buenos Aires
H01484,1994894,3,0,1,2,0,0,1,0,5,22,46,1,2,Buenos Aires
H01485,1943740,2,1,7,2,0,0,0,1,4,33,15,0,4,Las Acacias
H01486,1124239,2,0,2,1,0,0,1,1,4,29,27,0,2,Villa Sofía
H01487,671671,2,1,3,0,0,0,0,0,2,21,22,0,3,Buenos Aires
H01488,909918,2,1,3,4,0,0,0,1,2,60,35,1,4,El Porvenir
H01489,761686,2,1,1,1,1,0,1,1,5,58,36,0,4,San Jorge
H01490,2470911,4,0,3,1,1,0,1,1,2,3,27,0,4,Las Flores
H01491,2293817,3,1,2,2,1,0,0,1,2,36,29,0,4,Las Flores
H01492,3050660,2,1,5,1,0,0,1,1,1,19,15,0,2,La Primavera
H01493,1868838,2,0,4,2,1,0,1,0,3,35,9,0,4,Villa Diana
H01494,2267045,2,1,5,3,0,1,0,0,2,27,19,1,3,La Aurora
H01495,1765477,3,0,5,0,0,1,1,1,3,57,76,0,3,La Primavera
H01496,3678036,3,0,3,0,0,0,1,1,3,22,19,0,3,Bellavista
H01497,3636526,4,1,3,2,1,0,1,1,2,33,14,0,5,La Primavera
H01498,2808684,2,0,3,1,0,0,1,1,1,23,18,0,4,Bellavista
H01499,1374514,1,0,5,3,1,1,1,0,3,34,34,0,2,El Progreso
H01500,2421091,2,1,5,0,0,0,1,1,3,21,7,0,3,El Porvenir
H01501,2202021,1,0,6,1,0,0,0,1,4,107,58,0,3,San Jorge
H01502,2765271,3,0,4,0,0,0,1,1,2,12,29,0,2,Las Flores
H01503,1974312,2,0,2,1,1,0,1,1,2,15,19,0,2,Los Pinos
H01504,2294669,3,0,3,1,0,0,1,1,1,18,19,0,4,San Jorge
H01505,1162112,2,1,6,0,0,0,1,1,2,21,24,0,2,La Victoria
H01506,3092147,3,0,5,0,0,0,1,1,2,16,9,1,3,Villa Diana
H01507,592837,2,1,5,1,0,0,1,1,3,38,21,0,4,San Jorge
H01508,2406497,2,0,6,0,0,1,1,1,2,13,23,1,3,San Jorge
H01509,1783160,2,1,3,2,0,0,1,1,1,33,18,0,4,Centro
H01510,1449060,1,0,3,1,1,0,0,1,3,43,4,0,2,El Porvenir
H01511,1279333,2,1,4,2,1,0,1,1,4,32,44,0,3,Buenos Aires
H01512,1567306,1,1,2,0,1,0,1,0,3,41,43,0,1,El Porvenir
H01513,1073462,1,0,9,2,0,0,1,0,4,54,41,0,2,Buenos Aires
H01514,2623640,1,0,3,1,1,0,0,1,3,61,85,0,4,El Carmen
H01515,992626,1,1,9,3,0,0,0,1,4,77,70,0,1,San Jorge
H01516,987756,1,1,7,1,0,0,1,0,2,30,51,0,2,Villa Sofía
H01517,345497,2,1,5,2,1,0,0,0,5,68,62,0,2,Buenos Aires
H01518,1798617,1,0,6,2,0,0,0,1,3,18,22,0,2,Nueva Colombia
H01519,3023697,3,0,3,2,0,0,1,1,2,25,23,0,4,Centro
H01520,770445,1,1,5,4,0,0,0,1,4,43,35,0,3,La Esperanza
H01521,2534088,2,1,4,1,1,0,1,1,4,8,6,1,2,El Progreso
H01522,1349858,2,0,6,0,1,0,1,1,2,16,25,0,3,Bellavista
H01523,1025031,1,1,4,3,1,0,1,1,5,102,115,0,2,Villa Sofía
H01524,632271,1,0,3,1,0,0,1,0,4,38,39,0,2,San Luis
H01525,961517,1,0,5,1,0,0,0,1,3,48,15,0,3,La Unión
H01526,1425107,2,0,5,2,0,0,1,0,2,54,42,0,3,Buenos Aires
H01527,1255074,1,1,8,2,1,0,1,1,2,35,31,1,4,La Primavera
H01528,687024,2,1,9,0,1,1,0,1,4,175,74,1,3,La Victoria
H01529,1080923,2,0,5,4,0,0,0,1,3,41,35,0,2,Villa Diana
H01530,1079459,1,1,4,0,0,0,0,1,4,56,32,0,1,La Victoria
H01531,3099047,2,1,4,1,1,0,1,1,2,33,15,0,3,San Luis
H01532,2039452,2,0,2,3,1,0,0,1,3,67,28,1,2,Villa Sofía
H01533,816980,2,1,7,4,0,0,1,1,3,10,36,1,1,Villa Sofía
H01534,1632405,1,0,4,1,0,0,1,1,4,50,74,0,1,La Primavera
H01535,2171695,3,1,4,2,1,0,0,0,3,116,64,1,3,El Bosque
H01536,928632,1,1,5,2,0,0,0,1,5,72,72,1,2,La Victoria
H01537,2621740,3,0,2,1,0,0,1,1,1,30,29,0,4,Las Flores
H01538,1585519,2,1,5,1,0,0,1,1,4,75,34,0,3,Altos del Sol
H01539,1448794,3,1,4,2,0,0,1,1,4,52,34,1,4,Bellavista
H01540,3007756,2,0,4,2,1,0,1,1,1,16,12,0,5,Santa Ana
H01541,818190,3,0,4,3,0,0,1,1,4,40,35,0,1,El Progreso
H01542,1581963,2,1,8,5,0,0,1,1,4,54,4,0,2,San Carlos
H01543,947766,1,1,6,3,0,0,0,1,5,82,37,1,3,Altos del Sol
H01544,3661668,3,0,5,2,0,1,0,1,2,37,11,0,3,Las Flores
H01545,1255069,1,1,3,1,0,0,1,1,4,105,65,1,1,San Luis
H01546,1856606,3,1,8,1,1,1,1,1,2,36,6,0,3,Buenos Aires
H01547,1502487,2,0,3,1,0,0,1,1,1,22,23,0,3,San Luis
H01548,844876,1,1,3,3,1,1,0,1,4,105,31,1,2,San Luis
H01549,938330,1,1,3,2,0,1,0,1,5,92,69,1,2,San Jorge
H01550,1978823,2,0,7,1,0,0,0,1,2,33,25,1,3,El Porvenir
H01551,2454443,2,1,4,2,0,0,0,0,4,41,60,0,3,Las Acacias
H01552,3143265,4,1,6,3,0,0,0,0,2,11,15,0,3,San Jorge
H01553,853623,2,1,4,1,0,0,1,1,4,42,50,1,2,La Aurora
H01554,2181549,3,0,6,2,0,0,1,1,3,29,14,0,2,San Jorge
H01555,1751585,2,0,7,3,0,0,0,1,2,43,20,0,3,Santa Ana
H01556,2363291,2,0,3,2,0,0,1,1,2,19,13,0,4,La Primavera
H01557,1422041,1,1,6,4,0,0,1,1,2,26,28,0,1,Bellavista
H01558,2816666,3,0,3,1,0,0,1,1,2,33,35,0,4,San Carlos
H01559,990354,1,1,5,1,0,0,0,0,5,92,56,0,2,El Bosque
H01560,369791,1,1,7,0,1,0,0,1,4,47,37,0,3,El Carmen
H01561,2313369,2,1,3,2,0,0,1,1,2,24,3,0,4,Las Acacias
H01562,1486089,2,1,4,3,0,1,1,1,2,77,19,1,1,La Unión
H01563,2816706,4,1,5,1,0,0,1,1,1,14,15,0,5,Buenos Aires
H01564,2607352,3,0,6,3,0,1,1,1,2,15,19,0,4,Los Pinos
H01565,678515,2,1,5,4,0,0,1,0,3,27,34,0,2,El Porvenir
H01566,2953366,3,1,3,2,1,1,1,1,1,14,13,0,5,Las Flores
H01567,1869795,2,1,5,2,0,0,1,0,3,68,63,1,4,Altos del Sol
H01568,1453613,2,1,5,1,0,0,1,1,4,33,41,1,3,Villa Sofía
H01569,2270524,2,0,3,0,1,1,0,1,4,97,46,0,1,El Bosque
H01570,3633121,4,0,4,0,0,0,1,1,3,25,23,0,4,Las Acacias
H01571,1056982,1,0,1,3,0,0,0,1,3,28,24,0,2,Centro
H01572,2704737,2,0,5,3,0,0,1,1,3,36,8,0,3,El Porvenir
H01573,818276,2,1,3,0,0,0,1,1,1,29,20,1,3,San Jorge
H01574,2969211,4,0,5,2,1,0,1,1,1,39,19,0,3,La Victoria
H01575,1545298,3,0,4,1,1,0,1,0,3,22,8,0,3,San Luis
H01576,2491171,4,1,5,2,0,0,1,1,1,8,16,0,3,Santa Ana
H01577,1276236,2,0,3,2,0,0,0,1,4,43,26,0,1,La Primavera
H01578,3128977,3,0,4,2,1,0,1,1,1,17,18,0,4,Bellavista
H01579,1286057,2,1,6,1,0,0,0,1,1,38,38,0,2,Bellavista
H01580,1966486,2,0,8,2,0,0,1,1,2,29,27,0,2,El Bosque
H01581,952719,1,0,4,1,0,0,1,1,2,24,18,0,1,La Unión
H01582,855476,1,1,8,2,0,0,0,0,5,56,63,1,2,Las Acacias
H01583,1206256,1,1,3,1,0,0,0,1,3,41,39,1,3,Las Acacias
H01584,3271864,3,0,5,2,0,0,0,0,1,18,40,0,3,Bellavista
H01585,1278219,3,0,6,3,1,0,1,1,2,32,4,0,2,La Primavera
H01586,2460926,2,1,4,3,0,0,1,0,4,91,19,0,2,Villa Sofía
H01587,1989889,3,1,7,1,0,0,0,0,3,51,16,0,2,Las Acacias
H01588,1404646,1,1,4,2,0,0,0,1,2,84,85,0,3,El Carmen
H01589,1035682,1,1,3,1,0,0,1,1,3,69,30,0,2,Altos del Sol
H01590,1433844,2,1,2,2,1,0,0,0,2,57,55,0,4,El Bosque
H01591,2715236,3,0,2,1,1,0,1,1,1,25,16,0,4,Los Pinos
H01592,1419342,1,0,4,0,0,0,0,1,4,52,51,0,3,La Primavera
H01593,1499070,2,1,4,2,1,0,0,1,3,65,61,0,2,Las Acacias
H01594,1054025,2,1,4,1,0,0,0,0,4,76,55,0,2,La Victoria
H01595,626465,1,1,5,3,0,0,1,1,3,42,17,0,2,Villa Diana
H01596,1335208,2,1,6,1,0,0,1,1,1,45,20,0,3,El Carmen
H01597,1767391,2,0,4,4,1,0,0,1,2,45,21,0,1,Buenos Aires
H01598,1281695,2,1,5,1,0,0,0,1,3,31,27,0,2,Las Acacias
H01599,1217323,1,0,5,3,0,0,1,0,2,37,37,0,1,Santa Ana
H01600,1165445,3,0,5,3,0,0,1,1,3,25,32,0,3,El Carmen
H01601,1585493,1,0,3,3,0,0,1,1,4,53,40,0,2,Buenos Aires
H01602,2055335,1,0,6,3,0,0,1,1,3,53,29,1,1,Las Flores
H01603,895572,2,1,6,3,0,0,0,1,4,110,78,1,2,El Carmen
H01604,2274094,2,0,4,1,0,0,1,1,1,7,9,1,3,La Primavera
H01605,2131166,3,1,6,2,0,0,1,1,3,42,28,1,3,Nueva Colombia
H01606,1715397,1,1,4,1,1,0,1,1,3,42,30,0,1,Las Acacias
H01607,2231101,3,0,5,3,0,0,1,1,2,7,29,1,2,Altos del Sol
H01608,2423978,3,1,1,1,0,0,1,1,2,28,22,0,4,San Jorge
H01609,1662255,2,0,6,2,1,0,0,1,5,20,44,0,1,San Luis
H01610,1722607,1,1,6,2,1,0,1,1,3,42,13,0,2,Santa Ana
H01611,2147084,2,0,4,3,0,0,1,1,2,35,29,0,1,San Luis
H01612,2177488,3,0,2,2,0,0,1,1,1,29,28,0,3,San Luis
H01613,1567328,1,1,7,2,0,0,0,1,3,5,21,0,1,San Luis
H01614,529536,1,1,5,4,0,1,0,0,5,146,46,1,2,El Carmen
H01615,1111032,2,0,4,3,0,0,0,1,3,45,84,0,1,Villa Sofía
H01616,2315253,3,0,3,1,0,0,0,1,3,11,13,0,4,Villa Diana
H01617,1059505,2,1,6,1,0,0,1,1,3,27,39,0,2,El Bosque
H01618,3302374,3,0,4,2,0,0,1,1,2,37,18,1,2,Santa Ana
H01619,2515162,2,1,3,1,0,0,1,1,1,18,6,0,4,La Esperanza
H01620,1169426,3,1,6,1,1,0,0,1,5,56,26,0,2,Los Pinos
H01621,2791309,2,0,9,2,0,0,1,1,4,25,9,0,1,Altos del Sol
H01622,2397036,3,1,6,3,1,0,1,1,3,61,11,0,3,La Unión
H01623,1758434,2,0,7,2,1,0,0,1,2,28,28,0,3,San Luis
H01624,989694,1,1,5,3,1,0,1,1,2,49,37,1,2,Villa Diana
H01625,2286743,3,1,4,1,1,0,1,1,2,24,14,0,2,San Luis
H01626,1675275,3,0,4,2,0,0,0,1,2,22,37,0,3,Centro
H01627,1684676,2,0,3,0,1,0,0,0,4,34,41,0,2,San Carlos
H01628,2608075,3,0,3,0,0,0,1,1,2,22,3,0,4,El Progreso
H01629,1517742,2,1,4,2,0,0,1,0,3,45,9,0,2,La Esperanza
H01630,1265678,3,0,6,2,0,0,1,1,5,70,50,0,3,La Esperanza
H01631,2472996,3,0,3,2,0,0,1,1,1,17,31,0,4,Buenos Aires
H01632,4063139,4,0,5,1,0,0,0,1,1,3,26,0,5,Centro
H01633,1317356,1,1,8,1,0,0,0,1,1,44,35,1,1,Buenos Aires
H01634,1338843,2,0,3,2,1,0,1,1,1,45,22,0,1,El Carmen
H01635,1334100,1,1,5,2,1,0,0,1,3,40,49,0,4,Manablanca
H01636,2368699,2,1,6,3,0,0,1,1,4,50,19,0,2,Nueva Colombia
H01637,896437,2,1,5,2,1,1,1,1,4,48,42,0,2,El Bosque
H01638,2732164,2,0,3,3,1,1,1,1,1,25,33,0,2,La Primavera
H01639,1285840,2,1,4,2,0,0,0,1,4,46,32,0,2,San Jorge
H01640,1140895,1,1,7,3,1,0,0,1,2,43,32,0,3,San Carlos
H01641,2130222,2,1,4,3,0,0,0,1,2,41,16,1,3,Los Pinos
H01642,2207408,2,0,3,1,0,0,1,1,2,16,13,0,4,Las Flores
H01643,1334783,2,0,4,0,1,0,1,0,5,17,31,1,3,Las Acacias
H01644,1177821,1,1,6,1,0,0,0,1,2,56,41,1,2,Buenos Aires
H01645,1399805,3,0,5,2,0,0,1,0,3,58,50,0,4,San Carlos
H01646,840069,1,1,2,3,0,1,0,1,5,79,62,0,1,Manablanca
H01647,1460130,1,0,5,4,1,0,0,1,2,45,13,1,2,La Aurora
H01648,3637514,3,1,4,1,0,0,1,1,2,18,29,1,4,La Victoria
H01649,1269170,2,0,5,2,0,0,1,0,3,41,36,0,2,Los Pinos
H01650,2778322,4,1,3,3,0,0,1,1,1,21,11,0,4,San Carlos
H01651,3085992,4,1,3,3,0,0,1,1,2,21,34,0,5,Villa Diana
H01652,1382362,1,1,3,2,0,1,0,1,4,107,59,0,2,Villa Sofía
H01653,1665358,2,1,4,1,0,0,0,1,4,90,56,0,1,El Carmen
H01654,1509321,1,1,4,1,0,0,0,1,2,77,42,1,3,Bellavista
H01655,1434178,2,0,5,3,0,0,0,1,3,5,29,0,4,Nueva Colombia
H01656,1796566,2,1,4,0,0,0,1,1,5,34,42,0,2,San Luis
H01657,614872,2,0,3,1,0,0,0,1,5,102,55,1,2,El Carmen
H01658,1246492,3,0,4,3,0,0,0,1,5,58,30,0,3,Villa Diana
H01659,2505209,3,0,3,1,1,0,1,1,2,33,8,0,3,La Victoria
H01660,1325070,1,0,5,2,0,0,1,1,2,26,24,0,2,San Jorge
H01661,1363836,2,1,5,1,0,0,0,1,2,124,50,1,3,Altos del Sol
H01662,1570296,1,1,4,4,1,0,1,1,3,21,37,0,2,Los Pinos
H01663,1800932,3,0,6,3,0,0,1,1,4,11,47,0,3,Nueva Colombia
H01664,1093157,2,1,4,2,0,0,0,1,3,52,36,0,4,Nueva Colombia
H01665,951520,1,1,4,3,0,0,1,1,4,68,32,0,2,Manablanca
H01666,2326845,2,0,5,1,1,0,1,1,1,32,17,0,2,Las Flores
H01667,2214906,2,1,3,1,0,0,1,1,2,15,10,0,3,Santa Ana
H01668,1202038,1,0,3,3,1,1,1,1,2,19,19,0,3,San Jorge
H01669,1547505,3,0,3,3,0,0,1,0,4,20,31,1,1,Bellavista
H01670,1197013,2,0,3,5,0,0,1,1,3,17,22,0,2,Los Pinos
H01671,3327876,3,0,1,1,1,0,0,0,1,22,13,0,5,Centro
H01672,981652,1,0,7,4,1,1,1,1,5,107,40,0,2,La Victoria
H01673,959331,1,0,3,2,0,0,0,1,4,65,56,0,1,Nueva Colombia
H01674,1454741,2,1,6,0,0,0,1,0,4,84,52,0,2,La Aurora
H01675,1826820,2,1,5,2,1,0,1,0,3,38,28,0,4,El Carmen
H01676,1572732,1,0,7,4,1,0,1,1,4,56,31,0,2,La Esperanza
H01677,1664831,1,1,7,3,0,0,1,0,2,53,49,0,4,El Porvenir
H01678,1561511,2,1,8,3,0,0,1,1,4,38,9,0,4,Bellavista
H01679,1519857,2,0,5,2,1,0,1,1,3,26,4,0,2,Villa Diana
H01680,1304191,1,1,4,3,1,0,0,1,3,27,35,0,2,San Luis
H01681,1009979,2,1,5,2,0,0,0,1,3,37,33,0,2,San Carlos
H01682,3387389,2,0,3,1,0,0,1,1,2,46,13,0,5,La Primavera
H01683,1171621,1,1,7,2,0,0,1,1,4,63,61,0,3,Altos del Sol
H01684,1120140,1,1,3,0,0,0,1,0,4,52,43,0,3,Altos del Sol
H01685,820587,2,1,2,1,0,1,1,1,3,33,47,0,3,Buenos Aires
H01686,549482,1,1,4,0,0,0,1,0,4,32,16,0,2,Buenos Aires
H01687,888739,1,1,7,0,0,0,0,1,4,61,67,0,2,La Primavera
H01688,1764661,2,0,7,2,0,1,1,1,2,5,23,1,3,Santa Ana
H01689,1465615,2,0,4,2,0,0,0,1,3,61,39,0,2,La Victoria
H01690,1189643,1,0,4,3,0,0,0,1,5,64,26,0,2,Nueva Colombia
H01691,2430537,3,1,7,4,0,0,0,1,3,19,20,0,3,Manablanca
H01692,1118157,2,1,5,3,1,0,0,1,3,61,21,0,3,El Progreso
H01693,569368,1,1,7,3,0,0,1,0,5,58,69,1,3,San Jorge
H01694,1063327,1,1,8,3,1,0,0,0,3,5,29,0,1,Altos del Sol
H01695,2571349,3,1,3,0,1,0,1,1,2,14,26,0,4,Santa Ana
H01696,2473651,3,1,4,1,0,0,1,1,3,108,78,1,4,La Aurora
H01697,2024674,2,1,3,2,0,0,1,1,2,3,21,0,4,El Progreso
H01698,1818127,2,1,2,2,1,0,1,1,2,21,15,1,2,La Esperanza
H01699,3302591,3,1,4,0,0,0,1,1,2,7,22,0,5,Santa Ana
H01700,1865586,2,0,4,2,0,1,1,1,2,38,19,0,4,El Progreso
H01701,1368836,1,1,5,2,1,0,0,0,5,33,9,0,2,Centro
H01702,2353360,2,0,2,2,0,0,1,1,3,3,25,0,3,Las Acacias
H01703,2563654,3,1,3,2,0,0,1,1,2,55,19,0,5,Villa Diana
H01704,1451224,1,1,6,3,0,0,0,1,5,16,26,0,2,Nueva Colombia
H01705,2068900,2,1,5,3,0,0,1,1,2,81,57,0,3,Altos del Sol
H01706,776855,2,1,2,2,0,0,0,1,4,143,75,1,2,Buenos Aires
H01707,3140772,4,0,2,0,1,0,1,1,3,38,12,0,2,Centro
H01708,1662504,1,1,5,1,0,0,0,1,4,83,96,0,2,San Luis
H01709,974065,3,0,4,0,0,0,0,1,3,76,51,0,1,San Carlos
H01710,900970,3,1,5,3,0,0,1,0,4,37,29,0,2,Las Flores
H01711,953145,1,0,4,3,1,1,0,1,4,42,24,1,3,El Carmen
H01712,1913510,3,1,4,1,0,0,1,0,2,43,41,0,4,Villa Diana
H01713,1758600,2,0,3,0,0,0,1,1,1,38,6,0,4,San Jorge
H01714,1400631,3,0,5,1,1,0,1,1,1,67,38,0,3,Villa Sofía
H01715,2106311,3,1,4,0,0,0,1,0,3,60,84,0,2,El Bosque
H01716,1907774,2,1,5,2,0,0,0,0,5,77,42,0,2,Centro
H01717,2076700,2,0,4,1,0,0,1,1,3,32,25,0,3,San Jorge
H01718,1594581,1,1,5,5,0,0,1,1,2,56,15,0,3,El Porvenir
H01719,1421858,2,1,3,1,0,0,1,1,5,59,10,1,2,Manablanca
H01720,1074120,2,1,9,2,0,1,0,0,5,77,49,0,2,La Victoria
H01721,1676535,2,1,4,1,1,0,0,1,2,43,12,0,2,El Carmen
H01722,2302854,2,0,2,1,0,0,1,1,2,37,34,0,3,Las Acacias
H01723,1067112,1,1,3,3,0,0,0,1,4,28,25,0,3,Manablanca
H01724,1057856,3,0,4,1,1,0,0,1,1,75,18,0,2,Bellavista
H01725,538958,2,1,8,2,0,0,0,1,5,76,46,0,2,Altos del Sol
H01726,1580296,3,0,4,3,0,0,1,1,1,98,39,0,3,San Jorge
H01727,1237164,2,1,4,1,0,1,0,0,4,48,30,0,1,La Esperanza
H01728,2185813,2,1,6,3,1,0,0,0,4,44,32,0,3,San Carlos
H01729,543839,2,0,3,1,0,0,1,1,4,55,32,0,2,La Esperanza
H01730,1756343,2,1,7,3,0,0,0,0,4,42,33,1,4,Villa Diana
H01731,1478563,1,0,3,1,0,0,1,0,4,57,19,1,3,La Unión
H01732,1788587,3,0,6,4,0,1,1,1,1,45,23,0,2,Manablanca
H01733,1463561,2,0,4,1,0,0,1,1,2,28,6,1,4,Villa Sofía
H01734,1166054,3,0,9,2,1,0,1,1,3,23,20,0,2,San Luis
H01735,963566,2,1,4,2,0,0,0,1,5,52,35,1,2,La Aurora
H01736,1763950,1,0,9,2,1,0,0,1,2,80,39,0,4,Buenos Aires
H01737,1206513,2,0,4,2,1,1,0,0,3,48,28,1,4,Villa Sofía
H01738,1108376,1,1,5,0,0,0,1,1,3,112,32,0,2,La Aurora
H01739,675948,1,0,6,1,1,0,1,1,4,131,19,0,1,El Carmen
H01740,2470134,4,0,6,2,0,0,1,1,2,20,11,0,4,Centro
H01741,857385,1,1,5,1,0,0,1,1,3,21,39,1,3,Bellavista
H01742,691202,1,1,5,1,1,0,0,1,5,42,56,0,2,La Victoria
H01743,613847,3,1,7,3,0,1,1,1,2,32,50,0,1,Manablanca
H01744,2400421,2,1,4,1,0,0,1,1,2,24,10,0,4,Santa Ana
H01745,1146414,1,1,5,2,1,0,1,1,4,71,32,0,2,Altos del Sol
H01746,538619,2,0,7,1,1,1,1,0,5,44,50,0,1,Las Acacias
H01747,585881,2,1,3,3,0,0,0,1,3,62,51,0,2,Altos del Sol
H01748,1504657,2,0,6,2,0,0,1,1,2,5,18,0,2,El Porvenir
H01749,2504250,3,1,3,2,0,0,1,1,1,8,16,0,4,El Progreso
H01750,3488356,3,0,3,2,0,0,1,1,2,61,21,0,2,Los Pinos
H01751,1799418,2,0,1,4,1,0,0,1,5,77,35,0,2,Las Flores
H01752,1458955,2,1,4,2,0,0,1,1,5,77,55,1,3,Altos del Sol
H01753,1348174,1,0,4,2,1,0,0,1,3,68,63,0,2,La Aurora
H01754,1584924,1,1,3,2,0,0,1,1,3,30,47,1,3,Las Acacias
H01755,1584164,1,0,6,3,1,0,0,1,3,27,28,0,2,Villa Diana
H01756,2011276,3,1,3,2,1,0,1,1,3,32,3,0,4,Los Pinos
H01757,3195979,3,0,2,2,0,0,1,1,2,8,9,1,4,El Porvenir
H01758,603065,1,1,6,3,0,0,0,1,4,12,23,1,2,Las Acacias
H01759,2129896,2,0,4,0,0,0,1,1,1,69,9,0,2,San Jorge
H01760,1059087,1,0,3,3,0,0,0,1,3,12,30,0,2,Santa Ana
H01761,556685,2,0,6,2,0,0,1,0,4,102,41,0,2,Villa Sofía
H01762,2066729,2,0,6,1,0,0,0,1,2,67,89,0,4,Nueva Colombia
H01763,2548843,2,0,1,2,0,0,1,1,1,3,24,0,4,Bellavista
H01764,1643045,1,0,4,4,0,0,1,1,4,23,4,0,2,Villa Diana
H01765,1813678,2,1,3,3,0,0,1,1,4,34,27,0,3,La Victoria
H01766,665560,2,1,7,1,0,0,0,0,4,20,76,0,2,San Luis
H01767,873828,3,1,6,1,1,0,1,0,3,56,49,0,2,El Bosque
H01768,963760,1,1,5,2,0,0,0,1,5,49,54,1,2,Las Acacias
H01769,1862106,2,0,5,2,0,0,1,1,3,21,38,1,2,El Bosque
H01770,3098503,3,0,6,0,0,1,1,1,2,18,20,0,4,San Luis
H01771,1154142,1,0,7,2,0,0,0,1,4,41,17,0,2,El Porvenir
H01772,785200,1,0,5,4,0,0,0,1,1,58,19,0,1,El Progreso
H01773,3768565,2,0,5,1,0,0,1,1,1,34,22,0,3,La Primavera
H01774,1195507,2,1,8,4,0,0,0,1,5,89,80,0,2,Villa Sofía
H01775,3694672,3,0,4,1,1,0,1,1,2,36,18,0,4,Los Pinos
H01776,2406710,3,1,4,1,1,0,1,1,3,29,17,0,4,La Unión
H01777,1458310,3,0,5,2,1,1,0,1,4,60,27,0,3,Bellavista
H01778,667050,1,1,5,1,0,0,1,1,3,21,27,0,2,Buenos Aires
H01779,905476,2,0,2,2,0,0,1,1,2,52,25,1,2,Los Pinos
H01780,951814,2,1,3,2,0,0,0,1,2,32,57,0,2,La Unión
H01781,1036773,2,0,6,2,1,0,1,1,2,26,24,1,2,El Progreso
H01782,1114963,2,1,7,2,1,0,0,0,4,127,62,0,2,Nueva Colombia
H01783,1026685,2,1,5,2,0,0,1,0,3,46,9,0,4,Bellavista
H01784,1549432,1,1,4,3,0,0,1,0,5,40,36,0,1,Las Flores
H01785,2105637,3,0,3,2,0,0,1,1,1,42,28,0,3,El Porvenir
H01786,2317632,2,1,5,2,0,0,0,1,4,102,52,0,3,La Primavera
H01787,1640856,2,1,8,3,0,0,1,1,4,28,21,0,4,El Progreso
H01788,1055138,1,1,3,2,1,0,1,1,1,49,29,0,2,San Carlos
H01789,1765582,1,1,5,3,1,0,1,1,4,49,46,0,2,San Luis
H01790,1982294,2,0,3,2,1,0,1,1,5,47,20,0,2,Bellavista
H01791,1253501,2,1,4,2,0,0,0,1,3,6,15,1,1,El Porvenir
H01792,2991965,2,1,4,2,1,0,1,1,1,43,24,0,4,Santa Ana
H01793,1870281,2,0,5,1,0,0,0,1,2,43,35,0,3,San Carlos
H01794,2261198,2,1,5,3,0,0,1,0,3,51,38,1,4,La Unión
H01795,1779403,3,1,6,5,1,1,0,1,2,49,23,0,3,Villa Sofía
H01796,2396229,3,0,4,1,1,0,1,1,2,38,24,0,4,Buenos Aires
H01797,783535,1,0,5,3,0,0,0,1,5,21,25,0,4,Nueva Colombia
H01798,1350975,2,1,6,0,0,0,1,1,4,61,38,0,1,Altos del Sol
H01799,1131676,2,0,2,2,0,0,0,0,5,65,6,0,2,La Unión
H01800,1686665,2,0,4,1,0,0,1,1,3,61,46,1,2,La Aurora
H01801,1977619,1,1,6,4,0,0,1,1,2,39,29,0,2,Bellavista
H01802,2305234,4,0,3,1,1,0,1,1,1,48,14,0,3,La Esperanza
H01803,806406,1,1,6,1,0,1,0,0,5,116,35,0,3,Las Acacias
H01804,977262,2,0,5,2,0,0,0,1,4,20,15,0,1,San Luis
H01805,729579,1,1,8,2,0,1,0,0,4,97,64,0,2,El Carmen
H01806,3277143,3,1,4,0,0,0,1,1,1,38,21,0,3,El Progreso
H01807,2392372,2,0,2,2,1,0,1,1,2,18,13,0,5,Centro
H01808,3762717,4,0,3,2,1,0,1,0,1,26,21,0,5,Los Pinos
H01809,1579829,1,1,5,0,0,0,1,1,2,94,50,0,3,La Primavera
H01810,1161034,1,0,3,2,0,0,1,1,2,80,70,0,1,San Jorge
H01811,2693373,4,0,1,0,0,0,1,1,2,21,37,0,5,La Esperanza
H01812,1627645,3,1,3,2,0,0,1,0,4,69,10,1,1,La Victoria
H01813,1289998,1,1,8,2,0,0,1,1,5,58,47,0,2,El Bosque
H01814,1740453,2,1,6,2,0,0,1,1,4,29,43,0,1,La Primavera
H01815,1706719,2,1,4,1,0,0,0,0,4,54,24,0,2,El Porvenir
H01816,3288172,3,1,5,2,0,0,1,1,1,23,15,0,4,Santa Ana
H01817,1084460,2,1,4,1,1,0,1,1,2,57,50,0,3,Las Acacias
H01818,712841,2,1,8,1,0,0,1,1,5,93,59,0,1,Villa Sofía
H01819,1456532,3,1,4,2,0,1,1,0,4,24,53,1,2,El Porvenir
H01820,2896462,2,0,4,3,1,1,1,1,3,24,22,0,5,El Carmen
H01821,2984505,3,0,4,0,0,0,1,1,2,38,40,0,4,La Victoria
H01822,2373062,3,0,4,2,1,0,1,1,2,17,24,0,4,El Carmen
H01823,2863195,3,1,3,2,0,0,1,1,2,14,6,0,4,La Victoria
H01824,1044106,1,1,5,2,0,0,0,0,5,83,37,0,1,Villa Sofía
H01825,1286460,2,1,3,2,0,0,0,1,3,5,16,1,1,El Carmen
H01826,1723728,2,1,5,0,0,0,1,1,5,35,28,1,2,Villa Sofía
H01827,1653725,1,1,5,2,0,0,0,1,3,54,35,1,1,La Aurora
H01828,1032048,1,0,5,2,0,1,1,0,3,20,58,0,1,Manablanca
H01829,1284421,2,0,4,1,0,0,1,1,2,54,40,0,4,Las Flores
H01830,2549293,3,0,5,1,0,0,1,1,1,11,4,0,4,Buenos Aires
H01831,461062,1,1,2,4,0,0,0,0,5,72,61,1,2,San Luis
H01832,1556608,3,1,2,2,1,0,0,1,2,42,31,0,1,Manablanca
H01833,2231701,2,0,4,1,0,0,1,1,3,41,10,1,3,La Victoria
H01834,1082607,2,1,3,0,0,0,1,1,4,56,29,0,3,Villa Diana
H01835,434671,2,0,4,1,0,0,0,1,3,49,26,1,2,El Carmen
H01836,1119586,1,0,2,2,0,0,1,1,3,29,19,1,1,San Luis
H01837,1641086,1,0,2,2,0,0,0,1,3,41,62,0,2,Altos del Sol
H01838,2241868,2,0,1,1,0,0,1,1,2,21,7,0,4,San Luis
H01839,2176132,3,0,4,3,0,1,0,1,3,69,54,1,2,El Carmen
H01840,2187931,3,0,3,2,0,0,1,1,1,14,18,0,3,La Victoria
H01841,1498358,1,1,4,1,0,1,1,1,5,47,52,0,2,Las Acacias
H01842,715085,1,1,5,4,1,0,0,1,5,85,74,1,2,Villa Sofía
H01843,2429407,3,0,3,2,0,0,0,1,2,66,62,0,3,La Aurora
H01844,2738866,2,0,3,1,0,0,1,1,2,38,19,1,4,San Carlos
H01845,1385567,2,1,2,1,1,0,1,1,3,33,48,0,4,Altos del Sol
H01846,1736152,2,1,6,1,0,0,1,1,3,25,20,0,2,Buenos Aires
H01847,934479,1,1,6,4,0,0,1,1,4,116,79,0,1,San Jorge
H01848,731252,2,1,7,2,1,0,1,1,4,95,42,1,1,Villa Sofía
H01849,1358892,1,0,4,2,0,0,0,1,4,35,70,0,2,San Luis
H01850,1268374,2,0,5,6,0,1,0,1,1,50,34,0,3,Altos del Sol
H01851,1646846,2,0,7,2,0,0,1,0,4,14,11,1,4,La Primavera
H01852,2145745,2,0,3,2,0,0,1,1,1,33,31,0,3,Los Pinos
H01853,910077,1,0,6,3,1,0,1,1,4,41,9,0,1,Las Acacias
H01854,1705244,2,1,5,1,0,0,1,0,5,30,22,0,2,La Esperanza
H01855,928062,2,1,7,4,1,0,0,1,5,92,56,1,2,Manablanca
H01856,3407392,3,1,3,2,0,0,1,1,3,36,18,1,4,Las Acacias
H01857,2036362,3,0,4,0,0,0,0,1,1,35,21,0,3,El Carmen
H01858,2469610,2,0,3,2,0,0,1,1,3,41,25,0,4,Buenos Aires
H01859,1997472,2,0,4,2,0,0,0,1,2,94,36,0,1,Nueva Colombia
H01860,965042,1,0,3,1,0,0,0,1,2,20,26,0,1,El Bosque
H01861,1081669,1,1,6,3,1,0,0,0,5,92,36,0,1,Las Acacias
H01862,1461510,2,1,5,2,0,0,1,1,5,76,17,0,2,Bellavista
H01863,2182922,2,1,3,1,0,1,0,1,5,30,16,1,2,Buenos Aires
H01864,827216,1,1,3,3,0,0,0,1,4,69,67,0,3,Altos del Sol
H01865,1391204,2,0,4,3,0,0,0,0,3,34,28,0,1,El Bosque
H01866,2406302,3,0,2,1,0,0,1,1,3,51,12,0,4,La Primavera
H01867,2111809,3,1,6,0,0,0,1,1,1,24,19,0,2,Bellavista
H01868,2363422,3,0,4,4,0,0,0,1,3,21,21,1,3,El Carmen
H01869,3040316,4,0,4,1,0,0,1,1,3,35,24,1,3,San Carlos
H01870,1922863,2,0,4,4,0,0,0,1,3,55,59,1,2,Nueva Colombia
H01871,1264739,1,0,3,2,0,0,1,1,5,66,6,1,2,La Primavera
H01872,2012801,2,0,2,1,1,0,0,1,3,50,20,0,3,Villa Diana
H01873,1650632,2,0,3,2,0,0,1,1,2,68,57,0,2,San Luis
H01874,877238,1,1,4,2,1,1,0,1,5,42,31,0,3,El Bosque
H01875,1081778,2,1,4,2,0,0,1,1,5,33,14,1,1,La Unión
H01876,3514123,4,1,3,1,0,0,1,1,1,24,23,1,3,Santa Ana
H01877,1336935,1,0,4,2,0,1,1,1,4,11,29,0,4,Buenos Aires
H01878,1500869,3,0,5,1,0,0,0,1,5,106,38,1,2,Villa Sofía
H01879,834608,3,0,4,3,0,1,1,1,4,21,29,1,1,Bellavista
H01880,1450506,1,1,5,2,0,0,1,1,3,51,36,1,1,San Jorge
H01881,1907103,3,0,5,3,0,0,0,1,5,46,49,0,3,El Carmen
H01882,2010133,3,1,5,2,0,0,1,1,2,28,15,0,3,Nueva Colombia
H01883,1452955,1,0,5,2,0,0,0,1,3,49,14,0,2,Las Flores
H01884,2495898,2,1,1,2,0,0,1,1,2,16,14,0,3,Santa Ana
H01885,3474302,3,0,5,1,1,0,1,1,2,36,11,0,4,Las Acacias
H01886,1075910,3,0,5,0,0,0,0,0,5,78,41,0,4,Bellavista
H01887,760845,3,0,3,1,0,0,0,1,1,13,14,1,2,La Unión
H01888,915269,2,1,8,1,1,0,0,0,5,45,34,0,1,El Bosque
H01889,1643428,3,1,6,1,0,0,1,1,4,33,15,0,2,Los Pinos
H01890,1942573,2,1,3,1,0,0,1,0,2,31,9,0,4,La Victoria
H01891,1412454,2,0,6,0,1,1,1,1,1,129,79,0,2,San Luis
H01892,2245335,3,0,5,3,0,0,1,0,3,36,16,0,3,San Carlos
H01893,2684511,2,1,2,1,1,0,1,1,1,34,20,0,5,Buenos Aires
H01894,1565979,1,0,6,2,1,0,0,1,2,91,15,0,4,Manablanca
H01895,499428,2,1,3,3,0,0,1,0,4,74,80,0,1,La Primavera
H01896,1330463,1,0,5,0,0,0,0,1,4,64,47,0,1,Manablanca
H01897,1494861,2,0,3,0,1,0,1,1,4,54,33,0,4,San Jorge
H01898,1438968,1,1,5,3,0,0,1,1,4,63,12,0,2,Buenos Aires
H01899,2729144,4,1,4,2,0,0,1,1,2,25,22,0,5,Buenos Aires
H01900,859644,2,1,4,1,0,0,1,1,5,21,20,0,3,Villa Diana
H01901,2184899,2,0,3,1,0,0,1,1,1,38,15,0,3,La Primavera
H01902,1582484,1,1,4,1,1,0,0,0,3,41,18,0,4,Villa Diana
H01903,2656887,2,0,4,1,0,0,1,1,1,22,34,0,4,San Carlos
H01904,1358456,1,1,4,2,0,0,0,1,2,37,43,0,3,El Porvenir
H01905,616087,2,1,5,3,1,0,1,0,5,97,40,0,1,Manablanca
H01906,1519066,3,1,3,3,0,0,1,1,3,76,41,0,1,Villa Sofía
H01907,2082319,2,0,3,2,0,0,1,0,3,65,67,1,1,La Victoria
H01908,2055049,1,1,6,2,1,0,0,0,3,90,61,0,2,Nueva Colombia
H01909,2010983,2,0,4,0,0,0,0,0,4,95,38,0,1,El Bosque
H01910,1289578,2,1,4,1,0,0,0,1,3,37,59,0,1,Nueva Colombia
H01911,314854,1,1,5,2,1,0,0,1,2,21,14,1,2,San Carlos
H01912,1033535,1,0,7,4,0,0,1,0,3,14,25,0,3,Villa Sofía
H01913,1398459,1,0,4,2,0,0,1,1,3,67,38,0,2,La Aurora
H01914,1364745,2,1,6,2,0,0,1,1,2,19,22,0,3,San Carlos
H01915,1067684,2,1,5,0,1,0,1,1,5,55,31,0,2,La Aurora
H01916,1453693,2,1,3,3,0,0,1,0,3,13,14,0,2,El Bosque
H01917,2336923,2,0,6,3,0,0,1,1,4,49,34,0,2,Santa Ana
H01918,1661136,2,0,4,1,0,0,1,1,4,34,9,1,3,Las Flores
H01919,482122,2,1,3,1,0,1,1,1,4,22,42,0,1,Las Flores
H01920,834211,2,1,6,2,0,1,0,0,5,90,71,0,1,La Aurora
H01921,1086949,3,1,3,3,0,0,1,1,5,26,33,0,2,Las Flores
H01922,674145,2,1,5,1,1,1,0,1,5,116,37,0,2,Las Acacias
H01923,1346388,3,1,3,0,0,0,1,1,2,102,36,0,2,Nueva Colombia
H01924,758775,2,0,4,4,0,0,1,0,5,76,93,0,3,Altos del Sol
H01925,1904826,3,1,4,1,0,0,1,0,5,45,24,1,1,Manablanca
H01926,568643,1,1,3,2,0,0,1,0,3,38,44,0,1,Manablanca
H01927,3215155,3,0,3,0,0,0,1,1,2,14,10,0,2,La Unión
H01928,3291893,2,0,3,0,1,0,1,1,1,22,28,1,3,La Esperanza
H01929,760886,2,1,7,4,0,0,0,0,4,20,23,0,2,La Primavera
H01930,862761,2,1,4,1,0,0,0,1,3,15,17,1,2,Villa Diana
H01931,2047468,3,0,5,0,0,0,1,1,3,18,39,1,1,Villa Diana
H01932,1681984,2,0,9,1,1,0,1,1,3,23,30,0,4,Villa Sofía
H01933,3095413,3,1,2,1,0,0,1,1,2,59,21,0,4,Santa Ana
H01934,1655801,2,0,7,3,0,0,0,0,4,29,18,1,2,Centro
H01935,1478913,2,1,4,1,0,0,0,0,2,23,24,0,2,La Victoria
H01936,2860969,4,1,4,2,0,0,1,1,1,41,26,0,4,La Esperanza
H01937,1769127,2,1,6,2,0,0,1,0,4,50,44,0,1,San Jorge
H01938,1025459,2,1,6,2,0,0,0,0,5,77,35,1,3,La Primavera
H01939,2411532,3,0,6,1,1,0,1,1,4,28,37,0,3,El Carmen
H01940,3237392,4,1,4,1,0,0,1,1,2,36,18,0,4,La Esperanza
H01941,1223643,3,1,4,3,1,0,1,1,3,57,24,0,4,San Luis
H01942,626000,1,0,2,2,0,0,1,0,2,50,23,1,1,La Primavera
H01943,731251,2,1,5,1,1,0,0,1,5,82,62,1,2,Villa Sofía
H01944,2093370,2,0,5,1,0,0,0,1,2,75,40,1,1,La Victoria
H01945,1670229,2,0,4,1,1,0,1,0,4,73,87,0,2,El Bosque
H01946,1500080,2,1,3,1,0,0,0,1,4,73,29,0,2,Las Acacias
H01947,1504088,1,0,5,1,0,0,1,1,4,9,48,0,1,San Luis
H01948,929530,2,0,7,3,1,0,1,1,5,69,88,0,3,San Luis
H01949,982318,1,1,3,0,1,0,1,1,3,68,63,0,1,El Carmen
H01950,2422226,3,1,1,2,0,0,1,1,5,45,63,0,2,Manablanca
H01951,2292763,2,0,8,6,0,0,0,1,2,25,34,0,3,La Victoria
H01952,1550556,2,1,4,1,0,0,1,1,3,46,32,1,4,La Unión
H01953,2618996,3,1,3,1,0,0,1,1,3,29,19,0,5,El Carmen
H01954,1565705,2,1,1,2,0,0,1,1,4,27,32,0,4,Nueva Colombia
H01955,2865474,3,0,4,1,0,0,1,1,2,34,14,0,4,Los Pinos
H01956,1423632,2,1,5,1,0,0,0,0,2,18,55,0,1,La Aurora
H01957,2863452,2,0,4,2,0,0,1,1,2,21,19,0,5,La Primavera
H01958,1845245,3,0,4,3,0,0,0,0,3,34,30,0,3,Centro
H01959,1994496,2,1,7,3,1,0,0,0,3,22,37,1,3,La Unión
H01960,1867951,2,0,3,2,0,0,0,1,4,117,63,0,3,La Victoria
H01961,1479706,2,0,5,1,1,0,1,1,2,66,41,0,2,Buenos Aires
H01962,669576,2,0,4,1,1,0,0,0,4,103,56,0,1,La Aurora
H01963,858367,2,1,4,2,0,0,0,1,2,36,34,1,2,La Victoria
H01964,1769947,2,0,7,3,0,0,1,1,3,35,44,1,2,Villa Diana
H01965,488540,1,1,4,3,0,0,1,1,3,41,31,0,2,San Jorge
H01966,946435,1,1,3,3,0,0,1,1,4,44,44,0,1,La Victoria
H01967,1306496,2,0,5,2,0,0,1,1,5,50,58,0,2,San Luis
H01968,1111985,2,1,7,3,0,0,1,1,4,81,57,0,2,La Primavera
H01969,1329015,1,0,6,2,0,0,1,1,4,36,79,1,1,El Bosque
H01970,300000,1,1,3,1,1,0,0,1,1,13,38,0,2,La Victoria
H01971,1021155,1,0,7,4,0,0,0,0,4,113,42,0,2,San Jorge
H01972,1458111,2,1,2,2,1,0,1,1,2,28,35,0,4,San Carlos
H01973,2831116,2,0,4,0,0,0,1,1,2,17,21,0,5,El Carmen
H01974,3385682,3,0,2,1,0,1,1,1,2,24,17,0,2,Las Flores
H01975,684550,1,1,4,2,1,0,1,1,4,74,27,1,1,Santa Ana
H01976,1142546,1,0,4,4,0,0,0,0,5,93,62,0,3,Nueva Colombia
H01977,1278389,2,1,4,2,0,0,0,0,3,40,38,0,3,Las Flores
H01978,1510914,2,1,5,1,0,0,0,0,3,49,60,0,3,La Aurora
H01979,1014299,2,1,7,2,0,0,1,0,5,74,96,1,2,El Bosque
H01980,796115,1,1,5,0,1,0,0,1,4,35,26,0,2,La Aurora
H01981,3325005,3,0,5,1,0,1,1,1,1,29,22,0,3,La Primavera
H01982,986481,1,1,2,3,0,0,0,1,3,78,20,0,2,Villa Sofía
H01983,3108275,3,0,3,1,0,0,0,1,2,27,11,0,3,Santa Ana
H01984,3170114,3,1,3,1,0,0,1,1,2,10,19,0,3,San Jorge
H01985,3648101,3,1,4,1,0,0,1,1,1,19,26,0,4,El Porvenir
H01986,2046900,3,1,7,3,1,0,0,1,2,50,15,0,4,El Porvenir
H01987,1368116,2,1,3,2,0,0,0,1,2,44,43,1,2,Las Flores
H01988,2676934,3,1,2,2,0,0,0,0,1,22,17,0,4,San Carlos
H01989,1189405,2,1,3,4,0,0,0,1,4,44,6,0,4,Altos del Sol
H01990,1688806,2,1,6,1,0,0,1,1,4,76,26,0,2,El Carmen
H01991,1885582,2,1,6,2,1,0,0,0,3,23,48,0,1,Buenos Aires
H01992,891170,3,0,4,3,0,0,0,1,3,5,35,0,2,San Carlos
H01993,1358815,2,1,6,3,1,1,0,1,2,39,29,0,4,Villa Sofía
H01994,1793496,1,0,3,3,1,0,1,0,4,34,15,0,3,Las Flores
H01995,736499,3,1,3,2,0,0,0,1,4,36,23,0,3,Bellavista
H01996,1239799,1,1,2,1,0,0,1,1,3,40,37,0,1,El Progreso
H01997,1624335,2,0,5,2,0,0,0,1,4,8,46,1,4,La Aurora
H01998,1393676,2,0,3,0,0,0,0,1,1,5,26,0,2,El Bosque
H01999,2027499,3,0,4,2,0,0,1,1,4,37,23,1,3,Centro
H02000,2130459,2,0,3,2,1,1,1,1,3,6,7,0,5,El Progreso
H02001,930140,1,1,4,0,0,0,0,1,3,47,24,0,2,San Luis
H02002,2154591,1,1,3,1,1,0,1,1,5,17,37,0,2,San Carlos
H02003,1813300,2,1,3,0,1,1,0,1,3,75,33,0,2,La Victoria
H02004,570111,2,0,6,1,0,0,1,1,5,51,25,0,2,Bellavista
H02005,1553621,2,1,6,3,1,0,0,0,4,43,13,0,3,San Luis
H02006,891662,2,1,6,3,0,0,1,1,5,58,31,0,2,San Luis
H02007,1704968,2,1,3,1,0,0,1,1,4,57,16,0,4,El Carmen
H02008,897949,1,1,7,4,0,0,0,0,3,51,39,0,3,San Luis
H02009,1712873,3,0,7,2,0,0,1,0,3,47,18,1,2,Villa Diana
H02010,3171661,3,1,2,0,0,0,0,1,2,38,3,1,5,La Victoria
H02011,2618261,3,0,9,4,0,0,0,1,5,14,41,0,2,El Progreso
H02012,1595926,2,0,5,1,0,0,0,0,3,72,36,1,3,San Luis
H02013,1329094,2,1,6,2,1,0,0,0,4,72,49,1,1,La Aurora
H02014,1704961,1,1,2,0,0,0,0,1,2,62,15,0,2,San Luis
H02015,830797,1,0,3,1,0,0,1,0,3,19,43,0,1,Altos del Sol
H02016,1029897,1,1,3,2,1,0,0,1,2,66,33,1,3,El Porvenir
H02017,1384725,2,1,3,0,1,0,1,1,3,68,46,0,3,Las Flores
H02018,1714438,2,0,3,0,0,0,1,1,2,31,29,1,3,San Jorge
H02019,3481223,3,0,5,3,0,0,1,1,3,41,13,0,4,El Porvenir
H02020,1203789,1,1,7,1,1,0,1,1,3,26,24,0,3,Centro
H02021,3198527,3,0,3,1,0,1,1,1,1,40,16,1,3,La Esperanza
H02022,648500,2,1,5,1,1,0,1,0,3,29,30,1,3,La Esperanza
H02023,1294885,2,0,5,0,0,0,1,0,4,76,89,0,2,Villa Sofía
H02024,1416063,2,0,2,3,0,0,1,0,4,5,15,0,1,San Luis
H02025,1178789,1,0,5,3,0,0,1,1,2,23,24,0,2,La Unión
H02026,1300612,3,1,7,1,0,0,1,0,3,69,52,1,4,Altos del Sol
H02027,1302013,2,1,4,2,0,0,0,1,3,21,33,1,3,La Unión
H02028,1348517,1,0,5,2,0,0,1,1,3,51,24,1,2,Bellavista
H02029,1393499,1,1,3,0,0,1,1,1,1,28,45,0,2,El Porvenir
H02030,3399412,4,0,2,2,1,0,1,1,2,32,21,0,5,La Primavera
H02031,4160039,4,0,3,1,1,0,1,1,2,12,20,0,3,Villa Diana
H02032,2230319,3,0,4,0,0,0,1,1,2,24,15,0,5,Los Pinos
H02033,1877283,2,1,7,4,0,0,1,1,2,14,33,0,4,Bellavista
H02034,349722,1,1,4,2,1,0,1,0,5,32,28,1,2,Manablanca
H02035,2286328,3,0,6,0,0,0,1,1,3,36,23,0,1,San Jorge
H02036,1606358,1,1,4,1,1,0,0,1,5,73,23,0,1,El Carmen
H02037,2197793,3,0,5,4,0,0,1,0,2,25,15,0,2,El Progreso
H02038,3108526,3,0,4,2,0,0,1,1,2,32,23,0,3,La Unión
H02039,2816001,4,1,4,1,0,0,1,1,1,36,17,0,4,El Porvenir
H02040,1394227,3,0,3,2,0,0,0,1,3,96,68,0,1,Las Acacias
H02041,1626547,2,0,5,3,1,1,1,1,4,24,23,0,3,El Bosque
H02042,1199113,1,1,5,2,1,0,1,0,3,103,56,0,2,El Carmen
H02043,2118767,3,0,7,4,0,0,0,1,3,52,49,0,3,Villa Sofía
H02044,818079,1,1,4,3,0,0,0,0,5,127,104,0,1,San Jorge
H02045,1838224,2,1,4,4,0,0,0,1,3,82,31,0,4,La Aurora
H02046,692563,1,1,7,2,0,1,0,1,4,35,29,1,3,Villa Sofía
H02047,1475840,1,1,5,1,0,0,0,1,3,52,4,0,1,Los Pinos
H02048,2132270,4,0,3,2,0,0,1,1,3,39,7,0,2,La Esperanza
H02049,1681100,2,0,4,0,0,0,0,1,3,55,22,0,1,San Carlos
H02050,1783314,3,0,4,2,0,0,0,1,5,41,31,0,3,Santa Ana
H02051,972098,2,0,4,3,0,0,0,1,3,54,43,0,2,San Jorge
H02052,1401556,2,1,7,2,0,0,1,1,5,30,34,0,3,El Bosque
H02053,2188730,3,0,3,1,0,0,1,1,2,38,16,0,5,La Unión
H02054,2925355,3,1,2,1,0,0,1,1,1,42,18,0,4,El Progreso
H02055,757424,1,0,4,0,0,1,1,1,4,64,79,1,4,La Aurora
H02056,2806922,4,1,2,0,1,0,1,1,2,42,6,0,4,Centro
H02057,2594497,2,0,3,1,1,0,0,1,2,16,26,0,5,San Jorge
H02058,1981943,3,0,3,1,0,0,1,1,2,20,28,0,2,San Jorge
H02059,1521323,2,1,4,2,1,0,0,0,4,99,58,0,2,El Carmen
H02060,1536877,2,1,5,2,0,0,0,1,5,58,39,0,3,La Victoria
H02061,814791,2,1,4,2,1,1,0,1,4,58,30,0,1,La Primavera
H02062,1151582,2,1,4,2,0,0,1,1,4,69,43,1,2,La Aurora
H02063,785519,1,1,2,4,0,0,0,0,5,100,33,1,1,Villa Diana
H02064,546118,1,1,3,3,0,0,0,0,5,88,62,0,2,La Primavera
H02065,1783806,2,0,5,0,1,0,1,0,1,19,27,0,5,San Carlos
H02066,1280363,1,1,5,1,0,0,1,1,5,50,30,0,2,Nueva Colombia
H02067,1452241,1,0,4,1,0,0,0,1,3,66,55,0,3,Nueva Colombia
H02068,1462223,3,1,6,3,1,0,0,1,4,21,26,1,3,El Progreso
H02069,2350428,4,0,3,2,0,0,1,1,1,27,19,1,5,Santa Ana
H02070,1821058,2,1,5,1,1,0,1,1,4,12,46,0,3,Nueva Colombia
H02071,1341939,3,0,2,2,0,0,1,1,3,89,11,0,1,La Primavera
H02072,1619885,2,0,6,2,0,0,1,0,5,53,46,1,3,La Unión
H02073,1565126,2,0,5,1,1,0,1,1,3,56,39,0,3,Altos del Sol
H02074,1329072,1,1,7,0,0,0,1,1,4,80,63,0,2,La Victoria
H02075,1418507,1,1,6,2,0,0,1,0,5,38,34,0,2,Centro
H02076,3459557,2,0,4,1,0,0,1,1,2,25,10,0,3,San Carlos
H02077,1056395,1,1,2,1,1,0,1,0,4,71,90,0,3,El Carmen
H02078,1614499,3,0,4,3,0,0,1,1,2,36,24,0,3,Villa Diana
H02079,2431453,3,1,3,1,0,0,0,1,1,24,17,0,4,Buenos Aires
H02080,1295765,1,0,4,2,1,0,0,1,5,13,34,1,4,La Aurora
H02081,1865440,2,0,6,2,0,0,1,1,2,64,24,1,3,La Victoria
H02082,2496468,3,0,4,3,0,0,1,1,2,36,37,0,4,Villa Diana
H02083,1523010,2,1,6,1,1,0,1,0,3,34,23,0,2,El Porvenir
H02084,1256043,2,1,7,0,0,0,1,0,5,61,40,0,4,Buenos Aires
H02085,2255677,3,1,2,1,0,0,0,1,1,26,12,0,4,San Jorge
H02086,2717256,3,0,4,1,0,0,1,1,2,37,3,1,3,La Primavera
H02087,924454,2,0,5,3,1,1,0,0,3,54,39,0,4,Nueva Colombia
H02088,1389330,2,0,4,4,0,0,0,0,5,24,40,1,3,La Aurora
H02089,1920991,3,0,2,3,1,0,1,1,2,23,11,0,3,Las Acacias
H02090,1350648,2,0,4,2,1,0,1,0,3,60,14,0,3,San Carlos
H02091,982735,2,1,8,2,1,0,0,0,5,75,81,1,3,La Victoria
H02092,1016056,1,1,9,2,0,0,0,1,5,94,12,0,2,Buenos Aires
H02093,1797898,3,0,6,1,1,1,0,1,2,40,20,0,2,El Porvenir
H02094,1001462,1,1,5,4,1,0,1,0,4,38,38,1,3,Centro
H02095,657797,1,1,7,2,0,0,0,0,4,96,57,1,3,La Victoria
H02096,3542927,3,0,5,1,0,0,1,1,3,45,19,0,5,Buenos Aires
H02097,1474608,3,0,6,1,0,0,1,1,3,5,16,0,2,Villa Sofía
H02098,928659,2,1,3,2,0,0,0,1,2,69,33,0,2,El Bosque
H02099,814654,3,1,6,1,1,0,0,1,3,34,11,0,1,Villa Diana
H02100,1500189,1,1,7,2,1,0,0,1,4,45,12,0,2,El Bosque
H02101,1016534,1,1,5,2,1,0,1,1,3,40,10,0,3,El Bosque
H02102,1073736,2,0,7,3,0,0,1,1,2,58,36,0,2,Villa Sofía
H02103,918764,2,0,6,2,1,1,0,1,4,68,101,0,3,El Carmen
H02104,3560800,3,0,3,2,0,1,1,1,1,31,32,0,2,La Esperanza
H02105,3533274,3,0,4,2,0,0,1,1,2,20,19,0,4,Buenos Aires
H02106,1238132,3,0,1,2,0,0,0,1,2,33,18,1,2,Altos del Sol
H02107,1536668,2,1,2,3,0,0,1,1,3,50,6,0,2,Santa Ana
H02108,1327140,1,1,2,1,0,0,0,1,3,45,24,1,2,La Primavera
H02109,1389388,1,1,9,4,0,0,1,1,3,30,23,0,2,San Carlos
H02110,1239753,3,1,4,1,0,0,1,1,4,63,34,1,2,Manablanca
H02111,2630632,2,0,3,1,0,0,0,1,2,18,21,0,4,Villa Diana
H02112,1774036,2,0,8,3,0,1,0,1,3,50,36,0,4,El Porvenir
H02113,397736,1,0,4,3,0,0,0,1,1,35,10,1,2,La Esperanza
H02114,2435514,2,0,4,3,0,0,1,1,1,20,14,0,4,La Victoria
H02115,647200,1,1,5,3,0,0,0,0,5,79,56,0,1,El Carmen
H02116,811463,1,1,7,2,0,0,1,0,4,20,76,1,3,La Primavera
H02117,3034660,3,1,3,1,0,0,1,1,2,32,25,1,4,Las Flores
H02118,2052061,3,0,3,2,0,0,1,1,4,58,83,1,1,Manablanca
H02119,2520996,2,0,5,1,0,0,0,1,3,20,17,0,4,Villa Diana
H02120,1429829,2,0,5,1,0,0,0,1,2,36,17,0,2,San Carlos
H02121,1480468,2,1,6,1,0,0,0,1,3,82,23,1,3,Manablanca
H02122,1773051,2,0,3,2,0,0,1,1,2,6,15,0,5,San Luis
H02123,309581,1,1,5,3,1,0,1,1,4,56,108,0,1,La Aurora
H02124,1856541,1,1,7,2,0,0,1,1,4,12,26,0,3,Las Acacias
H02125,2881854,2,1,3,3,0,0,1,1,2,23,5,1,5,San Luis
H02126,1265859,2,0,5,0,1,0,1,0,2,19,24,1,3,La Primavera
H02127,849636,1,0,8,2,1,0,1,1,5,116,19,1,1,La Primavera
H02128,3884038,2,1,4,1,0,0,1,1,1,32,5,0,3,La Victoria
H02129,2146044,2,1,4,1,0,0,1,1,2,4,23,0,2,La Primavera
H02130,2838315,4,0,3,2,0,0,1,1,2,8,25,0,4,La Primavera
H02131,1549581,2,0,4,4,0,1,0,0,3,57,10,0,2,San Jorge
H02132,2008806,3,0,5,4,1,0,1,1,3,45,4,1,3,Bellavista
H02133,3013117,2,0,2,1,0,0,1,1,2,51,16,0,4,El Porvenir
H02134,1869534,3,1,3,2,0,0,0,0,4,54,51,1,4,El Carmen
H02135,1057043,1,1,4,2,0,1,1,1,3,51,7,0,2,Las Flores
H02136,1824469,3,0,6,3,0,0,0,0,2,37,37,1,3,San Luis
H02137,1318919,2,0,2,1,1,0,1,1,4,30,32,0,3,El Porvenir
H02138,2996648,3,0,5,2,0,0,1,1,2,46,29,0,5,Santa Ana
H02139,1399782,3,1,4,2,0,0,0,1,2,49,10,0,4,La Aurora
H02140,1465385,2,1,2,0,1,0,0,1,2,47,47,0,4,Los Pinos
H02141,741589,1,1,1,1,0,0,1,1,3,21,18,1,4,El Bosque
H02142,3463800,2,0,3,2,0,0,1,1,1,20,3,0,4,San Luis
H02143,3270601,3,0,5,2,0,0,1,1,2,31,9,0,3,Las Flores
H02144,1705349,2,0,3,1,1,0,1,1,2,59,89,0,3,El Carmen
H02145,1463745,1,0,7,2,0,0,0,1,5,56,39,0,2,El Bosque
H02146,925910,1,1,3,0,0,0,1,1,3,16,26,0,3,La Primavera
H02147,1442741,2,1,5,2,0,0,1,1,4,35,40,0,2,Altos del Sol
H02148,3109850,2,1,2,2,1,0,1,1,1,34,14,0,3,El Porvenir
H02149,1701822,2,0,5,2,0,0,1,1,2,60,52,0,3,La Primavera
H02150,1654518,1,1,8,2,0,0,1,0,5,123,64,0,1,La Victoria
H02151,1090181,1,0,8,1,0,0,0,0,5,54,6,0,1,Nueva Colombia
H02152,1651690,2,0,2,3,0,0,0,0,4,44,37,0,2,Nueva Colombia
H02153,3138308,3,0,3,1,0,0,1,1,2,51,12,1,5,Buenos Aires
H02154,2942457,2,1,4,1,0,0,1,1,3,29,19,0,3,Santa Ana
H02155,1243839,2,1,6,2,0,0,1,1,5,18,13,1,3,Nueva Colombia
H02156,1352641,2,1,3,2,0,0,1,1,3,62,72,0,2,La Primavera
H02157,566669,2,1,3,2,0,0,0,0,4,71,16,0,1,San Luis
H02158,4018802,3,0,4,0,1,0,1,0,1,17,14,0,5,El Carmen
H02159,1958836,2,1,6,1,0,1,1,0,1,33,11,1,2,San Luis
H02160,1676787,2,0,6,2,0,0,1,1,3,64,22,0,2,Altos del Sol
H02161,773270,1,0,5,3,0,0,0,0,4,141,26,0,2,Buenos Aires
H02162,1190653,1,0,2,3,1,0,1,1,4,9,27,0,2,El Bosque
H02163,1835148,2,1,6,0,0,0,1,0,3,41,29,0,3,La Primavera
H02164,621442,1,1,5,2,1,0,1,1,5,55,30,0,3,San Jorge
H02165,873009,2,0,6,1,1,0,0,1,3,48,25,0,1,Centro
H02166,1286836,1,0,7,3,0,0,1,1,4,28,29,0,4,Bellavista
H02167,2190576,2,0,4,3,1,0,1,1,2,49,3,0,5,San Carlos
H02168,1065216,2,1,6,3,1,0,0,0,3,41,45,0,2,San Carlos
H02169,1041481,2,0,3,1,0,0,0,1,5,26,40,0,3,Las Acacias
H02170,1227864,1,0,2,2,0,0,0,1,5,14,9,0,3,Los Pinos
H02171,743285,2,1,8,1,0,0,0,1,2,32,45,0,3,El Carmen
H02172,792406,2,1,2,1,0,0,0,0,5,167,68,0,2,Nueva Colombia
H02173,1067298,1,0,3,2,0,0,1,1,3,59,33,0,2,Nueva Colombia
H02174,1567032,3,0,6,4,0,0,0,0,4,45,9,0,2,Manablanca
H02175,1475627,1,1,4,1,0,0,1,1,3,23,23,0,1,Las Acacias
H02176,1086280,2,1,6,1,0,0,0,0,3,57,46,0,1,Buenos Aires
H02177,912255,1,0,4,3,0,0,0,0,4,42,37,0,3,Centro
H02178,2721265,3,0,4,1,0,0,1,1,3,12,28,0,4,San Carlos
H02179,1516698,2,0,3,2,1,0,1,0,2,30,42,1,1,San Jorge
H02180,1069927,3,0,4,0,0,0,1,1,3,21,18,0,4,Las Flores
H02181,3331364,2,0,2,1,1,1,1,1,1,24,9,0,5,Centro
H02182,2041353,3,0,7,3,0,0,1,1,5,69,37,1,2,Villa Diana
H02183,2217755,3,0,4,1,0,1,1,1,2,17,12,1,1,Buenos Aires
H02184,1422190,1,0,6,4,0,0,1,1,1,41,41,0,4,Villa Sofía
H02185,2390920,3,0,6,2,0,0,1,1,2,20,52,1,2,Villa Diana
H02186,1168712,3,1,4,1,0,0,1,1,3,51,45,0,3,Altos del Sol
H02187,1911566,2,1,5,1,0,0,1,1,2,49,22,0,4,El Carmen
H02188,1460712,1,0,5,2,1,0,1,0,2,80,53,0,3,Bellavista
H02189,1370189,1,0,4,2,1,1,0,0,3,35,41,0,2,El Carmen
H02190,1566455,1,1,7,2,0,0,1,1,2,39,48,0,1,Altos del Sol
H02191,1788491,2,1,5,3,0,0,1,1,3,49,28,1,3,El Progreso
H02192,2825728,2,0,4,2,0,1,1,0,2,34,17,0,5,Bellavista
H02193,1209704,2,1,7,2,1,0,0,1,5,55,39,0,3,Altos del Sol
H02194,1365874,1,1,6,2,1,0,1,1,4,37,39,0,4,El Bosque
H02195,1371903,1,1,4,1,1,0,0,1,4,86,27,0,3,La Esperanza
H02196,2054867,3,0,5,2,0,0,1,1,3,53,24,1,3,El Bosque
H02197,2229637,3,0,3,2,0,0,1,1,2,16,19,0,4,San Jorge
H02198,1528131,2,0,4,2,0,0,0,1,4,41,36,1,2,La Aurora
H02199,2436939,2,0,4,3,0,0,1,1,1,49,17,0,3,Las Acacias
H02200,2511171,4,1,5,2,0,0,1,1,1,21,7,1,3,Bellavista
H02201,1173478,1,1,8,2,0,1,0,1,1,38,37,0,4,Los Pinos
H02202,2316215,3,1,8,3,1,0,1,1,3,26,37,0,2,Santa Ana
H02203,859578,2,1,4,3,1,0,1,0,4,44,29,0,2,Santa Ana
H02204,2532534,4,1,4,1,0,0,1,0,2,33,15,0,3,Las Acacias
H02205,746166,1,1,1,1,0,0,1,1,3,36,39,1,2,Altos del Sol
H02206,1108871,2,0,4,3,0,0,1,1,3,30,33,0,3,El Bosque
H02207,2167077,2,1,2,0,0,0,1,1,2,43,52,1,3,El Carmen
H02208,1561975,3,1,3,1,1,0,1,0,2,38,31,0,3,Nueva Colombia
H02209,3797354,4,0,2,1,0,0,1,1,1,20,21,0,5,Buenos Aires
H02210,1129060,1,1,9,3,0,0,0,1,5,85,63,1,2,La Victoria
H02211,3311665,3,0,3,1,0,0,1,1,2,28,14,0,5,La Victoria
H02212,884256,1,1,2,4,0,0,1,1,3,39,28,0,3,Las Acacias
H02213,1982891,2,0,7,2,0,1,0,1,4,43,22,0,1,La Esperanza
H02214,2723054,3,0,4,2,0,0,1,1,1,37,14,0,3,Las Acacias
H02215,1312235,2,1,6,0,0,0,0,0,3,42,35,0,3,San Luis
H02216,1074717,2,1,6,1,0,0,1,0,4,66,42,0,3,La Victoria
H02217,2231203,2,0,3,0,0,1,1,1,3,25,28,0,5,La Unión
H02218,2830343,4,0,3,0,1,0,1,1,2,17,5,0,5,San Luis
H02219,3006496,3,1,4,1,0,0,1,0,2,3,11,0,3,Los Pinos
H02220,1045285,3,0,6,3,1,0,1,1,4,37,47,1,1,Las Acacias
H02221,852567,2,1,4,2,0,0,0,1,5,125,83,0,3,Altos del Sol
H02222,3572271,3,0,4,2,0,0,1,1,2,34,3,0,3,San Luis
H02223,2203164,3,1,5,4,1,0,1,0,5,37,29,0,2,La Victoria
H02224,1527923,2,0,1,1,1,0,1,0,3,46,25,0,3,Buenos Aires
H02225,2909646,3,1,2,1,0,0,1,1,1,16,11,1,5,El Progreso
H02226,1617928,2,1,4,3,0,0,1,1,5,5,27,1,2,Santa Ana
H02227,1261058,2,1,5,4,0,0,1,1,4,26,22,1,1,Villa Diana
H02228,1475782,1,1,2,1,1,0,0,1,2,48,22,0,1,Manablanca
H02229,2008086,4,0,2,0,0,0,1,1,1,8,16,1,2,San Jorge
H02230,3395459,3,1,5,1,0,0,1,1,1,34,24,0,4,San Luis
H02231,2612777,2,0,2,2,0,0,1,1,2,34,12,0,4,El Progreso
H02232,2304080,3,0,3,1,0,0,1,1,2,38,37,0,4,La Unión
H02233,1476564,2,0,4,3,1,0,1,1,4,72,21,0,3,El Progreso
H02234,2747592,3,1,4,0,0,0,1,1,3,24,14,0,4,Las Flores
H02235,2910671,3,0,3,4,0,0,1,1,2,22,15,0,4,San Jorge
H02236,1553022,1,1,5,2,0,0,0,1,4,50,23,1,4,El Progreso
H02237,2588996,3,0,9,2,0,0,1,1,2,11,20,0,2,San Luis
H02238,504006,2,1,5,1,0,0,1,0,4,58,56,0,1,Altos del Sol
H02239,3081969,2,0,3,2,0,1,1,1,2,9,4,0,3,El Carmen
H02240,278302,1,1,4,2,1,0,0,1,2,57,49,0,1,La Primavera
H02241,606184,2,1,6,2,0,0,0,0,4,50,41,1,2,Buenos Aires
H02242,706167,1,0,8,1,0,0,0,0,5,89,42,1,1,San Jorge
H02243,1070701,1,0,2,2,0,0,1,0,5,33,35,1,3,El Porvenir
H02244,1079568,1,1,6,3,0,0,1,1,2,41,4,0,3,Centro
H02245,1135375,2,1,4,3,0,0,0,0,4,49,42,1,3,El Carmen
H02246,2727297,4,0,2,1,0,0,1,1,2,19,13,0,4,El Carmen
H02247,1802632,3,0,3,1,0,0,1,1,5,18,69,0,4,Manablanca
H02248,1624838,2,1,7,3,1,0,1,1,2,46,35,0,3,Villa Diana
H02249,2181469,3,0,3,1,0,0,1,1,2,42,9,0,4,La Esperanza
H02250,1584751,1,0,3,2,1,0,0,1,3,70,41,0,2,La Primavera
H02251,1314830,2,0,3,1,1,0,0,1,3,15,25,0,2,San Luis
H02252,2695744,2,0,3,2,1,0,1,1,3,34,19,0,3,San Carlos
H02253,1281235,1,1,5,1,0,0,1,1,3,31,38,1,2,Bellavista
H02254,1761560,2,0,4,4,0,0,1,1,2,5,4,0,2,La Esperanza
H02255,1755398,2,0,7,2,0,0,0,1,5,25,15,0,3,Villa Sofía
H02256,2376061,2,0,10,4,1,0,1,1,2,47,9,0,1,La Primavera
H02257,2732257,2,0,5,0,1,0,1,1,1,11,20,0,5,La Primavera
H02258,1123714,1,1,7,0,0,0,0,1,3,51,52,0,1,Santa Ana
H02259,1359679,2,1,3,2,1,0,1,1,3,18,11,0,3,La Esperanza
H02260,3581306,2,1,3,0,1,0,0,1,1,25,18,0,3,La Unión
H02261,3234964,3,0,2,2,0,0,1,1,2,38,27,0,4,San Carlos
H02262,1256029,2,1,4,2,1,0,0,0,4,46,36,0,2,El Progreso
H02263,555942,2,1,7,5,0,1,1,1,5,50,39,1,2,Altos del Sol
H02264,2829404,4,1,5,1,0,0,1,1,2,42,3,0,3,El Porvenir
H02265,1725610,2,1,6,1,0,0,0,0,3,49,40,0,3,La Esperanza
H02266,990551,2,1,5,3,0,0,0,1,5,140,54,0,3,Manablanca
H02267,2698269,4,0,3,0,0,0,1,1,2,16,23,0,3,Santa Ana
H02268,1059484,1,1,6,0,0,1,0,0,4,63,67,0,1,Altos del Sol
H02269,1449528,3,1,4,1,0,0,1,1,5,30,47,0,3,La Esperanza
H02270,1396268,1,1,4,1,0,1,0,1,5,33,31,0,2,Las Acacias
H02271,1061883,1,1,4,3,0,0,0,0,5,98,104,0,2,Villa Diana
H02272,1714632,2,1,4,1,0,0,0,1,2,65,59,1,3,Villa Sofía
H02273,3060864,3,0,4,1,1,0,1,1,2,14,18,0,4,San Jorge
H02274,2934318,2,1,6,1,0,0,1,1,2,12,22,0,2,El Porvenir
H02275,1617667,1,1,6,2,0,0,0,0,5,70,30,0,1,Centro
H02276,648838,2,1,5,3,1,0,0,1,4,61,55,1,2,Villa Diana
H02277,1844945,1,1,5,2,0,0,1,1,3,61,23,0,4,Santa Ana
H02278,611794,1,1,8,3,0,0,0,0,4,94,67,0,2,La Victoria
H02279,1932677,2,1,3,1,0,0,0,1,4,28,49,0,3,San Carlos
H02280,2406729,4,0,3,2,1,0,1,1,1,33,27,0,4,Las Acacias
H02281,1615163,2,0,5,2,0,0,1,1,4,87,22,1,1,El Bosque
H02282,752679,2,0,3,2,1,0,0,1,5,36,52,0,1,San Luis
H02283,2562032,3,1,2,0,1,0,1,1,1,20,15,0,4,Buenos Aires
H02284,3522315,2,0,2,2,0,0,1,1,1,28,9,0,5,Las Acacias
H02285,651279,1,0,3,4,1,0,1,1,5,48,73,0,2,Villa Diana
H02286,3596937,4,1,2,2,0,0,1,1,2,17,4,1,4,Las Flores
H02287,1523477,3,0,4,1,1,0,1,1,4,104,35,0,4,San Jorge
H02288,1404419,3,1,5,4,0,0,1,1,3,30,10,0,4,La Unión
H02289,2084482,2,1,3,1,0,0,0,0,3,59,35,0,1,La Aurora
H02290,977147,1,1,4,1,1,0,1,0,4,24,38,0,3,Los Pinos
H02291,2531698,2,1,2,2,0,0,1,1,2,46,26,0,3,El Progreso
H02292,1875318,2,1,8,4,0,1,1,1,4,8,38,1,2,Altos del Sol
H02293,722109,2,1,8,2,0,0,1,0,4,67,55,0,3,La Aurora
H02294,2221671,2,0,5,3,0,0,1,1,1,21,27,0,3,Las Flores
H02295,2100727,3,0,6,4,0,0,1,1,2,33,30,0,3,Bellavista
H02296,1820004,3,1,3,3,0,0,1,1,5,84,82,0,3,La Aurora
H02297,2461537,2,0,8,2,0,0,0,1,2,26,24,1,3,Los Pinos
H02298,1926547,2,1,5,4,1,0,0,0,4,47,44,1,3,San Jorge
H02299,2436873,3,0,3,1,0,0,1,1,2,6,24,0,2,Villa Diana
H02300,2497788,3,1,4,3,0,0,0,1,1,7,15,0,4,Las Flores
H02301,2459994,3,1,1,1,0,0,1,0,2,28,14,0,4,Los Pinos
H02302,2090237,1,0,6,3,1,0,1,1,3,48,10,1,2,Las Acacias
H02303,1449491,2,0,3,1,0,0,1,0,3,101,91,0,2,El Bosque
H02304,2404552,2,1,6,1,1,0,0,1,2,53,35,1,1,El Porvenir
H02305,2796766,2,0,3,2,1,0,1,1,1,19,27,0,3,Santa Ana
H02306,2211102,3,0,4,2,0,0,1,1,3,6,16,0,5,Centro
H02307,1912150,3,0,5,0,0,0,0,0,4,73,38,1,3,San Luis
H02308,2307214,3,0,5,2,0,0,0,1,2,20,20,0,4,Los Pinos
H02309,2851461,3,0,4,2,1,0,1,1,1,24,25,0,4,Las Acacias
H02310,1447623,2,1,5,0,1,0,1,1,3,52,25,1,2,El Carmen
H02311,1403627,2,1,5,1,0,0,0,0,4,32,34,0,3,La Victoria
H02312,1815868,2,1,7,2,1,0,0,0,5,65,38,1,1,Las Acacias
H02313,2729458,2,1,4,2,0,0,1,1,2,22,21,1,3,El Carmen
H02314,1859800,2,1,4,2,1,0,1,1,4,34,4,1,3,El Progreso
H02315,1276326,2,0,5,2,1,0,1,0,2,27,19,0,4,Villa Diana
H02316,1174206,1,1,7,3,0,0,0,0,5,107,63,1,1,Buenos Aires
H02317,1949451,2,0,7,3,1,0,0,0,2,37,18,1,2,Las Acacias
H02318,1579588,2,1,5,1,0,0,1,1,2,43,10,1,4,Villa Sofía
H02319,419183,1,0,4,2,0,0,1,1,1,45,24,0,1,Buenos Aires
H02320,2806888,3,1,4,2,1,0,1,1,1,30,19,0,3,El Porvenir
H02321,1054504,3,1,5,1,0,0,1,1,3,37,36,0,2,San Carlos
H02322,1251684,2,1,2,0,0,0,1,0,3,15,22,0,1,La Esperanza
H02323,2082887,3,0,3,2,0,0,1,1,2,32,29,0,4,San Carlos
H02324,1139354,1,1,4,2,0,0,1,0,2,32,30,1,2,San Jorge
H02325,1230830,1,1,3,1,0,0,0,1,5,30,54,1,2,Los Pinos
H02326,1068157,2,1,5,2,1,0,0,1,2,58,42,0,2,Centro
H02327,2240150,2,0,2,1,0,0,1,1,2,17,20,1,3,San Jorge
H02328,1257180,1,0,4,2,0,1,0,1,3,35,22,1,1,Villa Sofía
H02329,2822123,3,0,4,2,0,0,1,1,2,48,18,1,4,El Carmen
H02330,3236487,3,1,4,0,1,0,1,1,2,29,15,0,4,San Jorge
H02331,1752740,2,1,4,2,1,0,1,1,3,44,86,1,2,San Luis
H02332,1647977,1,0,4,1,0,0,0,1,2,55,67,0,3,La Victoria
H02333,999794,1,1,3,4,0,1,1,1,1,22,16,0,3,San Jorge
H02334,1640757,2,0,4,2,0,1,1,1,1,26,36,0,3,Centro
H02335,1327101,2,1,5,1,0,0,1,1,3,42,59,0,2,San Luis
H02336,3511726,2,0,5,1,0,0,1,1,2,43,9,0,4,La Victoria
H02337,1805634,1,0,6,1,0,0,0,1,4,63,33,0,1,El Progreso
H02338,1049875,2,1,9,5,0,0,1,1,2,18,32,0,4,Nueva Colombia
H02339,2279632,3,0,3,1,1,1,1,1,1,21,23,0,5,Centro
H02340,1580462,1,0,6,3,0,0,1,1,3,41,37,0,4,Manablanca
H02341,3589226,3,0,4,2,0,0,1,1,1,37,19,1,5,Bellavista
H02342,984276,2,1,5,1,0,0,0,1,2,51,25,1,2,La Victoria
H02343,1381498,1,1,5,0,0,0,0,1,1,56,59,0,2,Los Pinos
H02344,1196751,1,1,3,0,0,0,1,1,4,39,35,0,2,La Victoria
H02345,963879,2,1,4,4,0,0,1,1,1,52,24,0,2,Las Flores
H02346,1056523,2,0,2,2,0,0,1,1,3,50,6,0,5,El Progreso
H02347,1130447,3,0,5,2,0,0,0,1,2,88,60,1,4,El Bosque
H02348,988790,1,0,4,0,1,0,1,1,3,59,57,0,3,La Aurora
H02349,494313,1,0,1,2,0,0,1,1,2,10,9,0,1,Santa Ana
H02350,759812,1,1,6,1,1,0,0,1,5,87,79,0,1,San Luis
H02351,1291866,1,1,5,2,1,0,1,0,5,42,52,0,1,Bellavista
H02352,1734529,2,1,6,3,0,0,0,0,4,66,57,0,4,Nueva Colombia
H02353,1452238,2,1,6,1,0,0,1,1,3,58,6,0,2,San Carlos
H02354,3617289,4,0,4,0,1,0,1,0,2,31,19,0,4,El Carmen
H02355,874653,1,1,7,1,0,0,0,1,5,32,87,0,1,El Carmen
H02356,1979556,3,0,5,2,0,0,1,1,3,90,72,0,3,Villa Sofía
H02357,2521762,4,0,4,1,0,0,1,1,3,37,24,0,3,El Progreso
H02358,1701893,3,0,3,1,0,0,1,1,2,99,62,0,3,Las Acacias
H02359,983735,1,1,3,1,1,0,1,1,4,55,12,0,2,Manablanca
H02360,1662487,3,0,7,2,1,1,1,1,4,5,4,0,2,San Jorge
H02361,1780687,1,1,6,3,0,0,0,1,2,55,27,0,4,Manablanca
H02362,2098871,2,0,3,1,1,0,1,1,2,26,7,0,2,El Progreso
H02363,2513062,3,0,3,2,0,0,1,1,2,23,18,0,3,El Porvenir
H02364,982208,2,0,6,1,0,0,1,1,5,63,15,0,3,La Primavera
H02365,955362,2,0,4,3,1,0,1,1,1,39,21,0,2,Las Flores
H02366,1902538,2,1,6,5,0,0,0,1,2,50,4,1,4,Santa Ana
H02367,2364311,2,0,6,2,0,0,1,1,4,42,25,0,2,El Progreso
H02368,2212896,2,1,5,1,1,0,1,1,2,66,91,0,3,La Primavera
H02369,1989354,2,0,8,4,1,0,1,1,3,5,36,1,3,Altos del Sol
H02370,1718419,2,1,3,3,0,0,0,1,4,58,40,0,2,Santa Ana
H02371,1956879,1,1,5,2,1,0,1,0,3,43,18,0,3,El Porvenir
H02372,2937138,2,0,3,1,0,1,1,0,2,22,7,0,3,El Carmen
H02373,3065743,2,1,5,1,0,0,1,1,2,13,26,0,3,La Victoria
H02374,1190519,1,1,6,4,1,1,1,1,4,81,56,0,2,Altos del Sol
H02375,1758699,1,0,5,1,0,0,1,0,4,70,32,1,2,Las Flores
H02376,1474585,2,1,3,2,0,0,1,1,5,67,30,1,2,San Carlos
H02377,2667137,2,0,3,0,0,0,1,1,3,71,11,0,5,Las Acacias
H02378,1460622,1,1,5,0,0,0,0,1,2,111,50,0,1,La Victoria
H02379,1349087,1,1,6,4,0,0,1,1,3,5,24,0,2,La Esperanza
H02380,951664,2,0,4,2,0,0,1,0,3,71,20,1,1,La Primavera
H02381,3033139,4,0,3,0,0,0,1,1,2,39,5,0,5,La Unión
H02382,1100176,1,1,4,2,1,0,0,0,4,44,69,0,1,San Jorge
H02383,1650804,2,0,4,5,0,0,1,0,5,68,8,0,2,El Progreso
H02384,1388542,1,0,3,0,0,0,0,1,5,8,26,1,1,El Carmen
H02385,2346904,3,0,3,0,0,0,1,1,1,43,3,0,3,Villa Diana
H02386,2005218,2,0,4,3,1,0,1,1,3,54,49,1,1,San Luis
H02387,779763,1,1,3,3,1,0,1,1,4,27,37,0,2,San Jorge
H02388,1005391,1,0,5,3,0,0,1,1,3,50,22,0,2,La Esperanza
H02389,2122436,2,1,2,1,0,0,0,1,1,14,17,0,3,La Unión
H02390,1030252,3,1,7,2,0,0,0,1,4,56,34,0,3,San Jorge
H02391,1225673,2,1,3,1,1,0,0,0,3,24,27,0,2,La Esperanza
H02392,793425,1,1,5,2,0,0,1,1,4,17,19,0,2,Bellavista
H02393,1968550,4,0,4,0,0,0,1,1,2,10,33,0,4,La Primavera
H02394,1725917,1,0,7,3,0,1,1,1,2,30,24,1,1,El Progreso
H02395,3090774,4,0,6,3,0,0,1,1,3,17,20,0,3,El Porvenir
H02396,463439,1,1,3,2,0,0,1,1,5,79,99,0,2,Nueva Colombia
H02397,1924110,2,1,3,4,0,0,0,0,3,67,55,0,2,Villa Sofía
H02398,2877240,3,0,4,1,0,0,1,1,2,39,22,0,4,Centro
H02399,2487731,2,0,5,0,0,0,1,1,2,24,31,0,3,El Carmen
H02400,2615357,3,1,5,2,0,0,1,1,3,4,24,1,5,La Victoria
H02401,1701328,3,1,5,2,1,0,0,0,1,5,35,0,1,Las Flores
H02402,984152,3,0,6,4,0,0,1,1,3,19,34,0,3,La Primavera
H02403,781360,2,1,4,2,1,0,0,1,4,78,41,1,1,Villa Diana
H02404,1857961,1,1,6,2,1,0,1,1,4,42,52,0,2,La Esperanza
H02405,2847900,4,0,4,1,0,0,1,1,1,28,19,0,3,El Progreso
H02406,2309510,3,0,3,2,0,0,1,1,2,23,8,1,4,Buenos Aires
H02407,3355080,2,0,5,2,1,0,1,1,1,7,17,0,3,La Unión
H02408,3448638,3,0,3,2,0,0,1,1,2,16,16,1,4,La Unión
H02409,659119,1,0,3,1,0,1,1,1,5,104,83,1,2,Villa Sofía
H02410,1776847,1,1,3,2,0,1,1,0,3,70,57,0,2,Las Acacias
H02411,3171340,4,0,5,2,1,0,1,1,2,17,27,0,4,Centro
H02412,984782,2,0,5,2,0,0,1,1,4,29,31,1,2,La Primavera
H02413,1587020,1,0,7,3,0,0,1,1,4,86,10,0,3,Nueva Colombia
H02414,486771,1,1,6,2,1,0,1,1,4,114,46,0,1,Villa Diana
H02415,1753197,2,1,8,1,0,0,0,1,3,20,32,0,3,Centro
H02416,1822081,2,1,4,0,0,0,1,0,3,46,24,0,2,Manablanca
H02417,1142424,1,1,4,3,0,0,0,0,4,51,59,1,2,Villa Diana
H02418,2119680,2,0,5,4,0,0,1,1,2,37,25,1,4,El Porvenir
H02419,1197638,1,1,7,2,0,0,1,1,4,37,35,1,3,La Aurora
H02420,3748815,3,0,4,1,0,0,1,1,1,35,21,0,4,La Esperanza
H02421,1816627,1,1,5,2,0,0,1,1,3,69,46,0,1,El Carmen
H02422,3308442,3,1,5,1,0,0,1,1,2,18,13,0,3,La Primavera
H02423,2963826,4,1,3,2,0,0,1,1,2,25,29,0,4,San Luis
H02424,3587813,3,1,2,2,0,0,1,1,2,22,25,0,5,Bellavista
H02425,1080911,2,1,6,2,1,0,1,0,2,28,4,1,4,Centro
H02426,1953113,1,1,2,1,1,0,1,0,4,38,20,0,2,La Aurora
H02427,1557501,2,0,5,1,0,0,1,0,3,58,82,0,3,Altos del Sol
H02428,2348056,3,0,4,2,0,0,1,1,2,44,16,1,2,La Esperanza
H02429,3027851,2,1,3,1,0,0,1,1,1,12,12,0,4,Las Acacias
H02430,2783023,3,0,5,2,0,0,1,1,3,31,9,0,4,Buenos Aires
H02431,1705115,2,1,5,2,1,1,0,0,5,21,10,1,2,El Bosque
H02432,2182984,4,1,5,1,0,0,1,1,2,54,25,0,5,San Jorge
H02433,1502134,1,1,4,1,0,0,0,0,5,60,20,0,4,Centro
H02434,2294152,2,0,4,2,0,0,1,1,1,23,28,0,3,El Porvenir
H02435,1252528,2,1,3,1,0,0,0,1,5,13,18,0,2,San Jorge
H02436,1574811,3,0,4,1,0,1,1,1,4,8,10,1,2,La Victoria
H02437,1392756,2,0,2,2,0,1,0,1,3,120,41,1,2,San Jorge
H02438,1940962,3,1,3,2,1,0,1,1,5,86,26,1,2,Santa Ana
H02439,1229639,2,0,3,3,0,0,0,1,4,42,35,0,2,Nueva Colombia
H02440,1685865,1,0,7,4,1,0,0,1,3,41,14,0,1,Los Pinos
H02441,2775052,2,1,3,1,0,0,0,1,2,22,11,0,3,El Porvenir
H02442,2404499,2,0,3,2,0,0,1,1,2,42,11,0,5,La Victoria
H02443,1985058,2,0,4,1,0,0,1,1,3,48,8,0,4,El Progreso
H02444,3322940,4,0,4,0,0,0,1,1,1,25,9,0,5,Santa Ana
H02445,1725826,2,0,3,0,0,0,1,0,5,28,49,0,3,El Porvenir
H02446,2294463,2,0,6,5,1,0,1,1,3,38,23,0,2,Bellavista
H02447,2279379,3,0,3,1,0,0,0,1,1,33,26,0,3,Buenos Aires
H02448,2601360,3,1,5,1,0,0,1,1,2,5,16,0,5,Buenos Aires
H02449,2291955,3,0,2,0,0,0,1,1,2,40,3,0,3,El Porvenir
H02450,981956,2,0,6,4,0,0,0,1,4,44,27,0,3,Santa Ana
H02451,3408670,4,0,3,3,1,0,1,1,1,17,21,0,5,La Primavera
H02452,2030715,2,1,5,1,0,0,0,1,3,110,39,0,2,San Jorge
H02453,973220,3,0,3,2,0,0,1,1,2,61,64,0,3,Manablanca
H02454,1324696,1,1,6,1,0,0,1,1,5,67,57,0,1,Santa Ana
H02455,2200776,2,1,6,3,1,0,1,1,1,24,9,0,2,San Luis
H02456,1338420,1,0,5,2,0,0,1,1,3,26,28,0,2,La Unión
H02457,1268839,1,1,4,1,0,0,1,1,2,31,31,0,2,Bellavista
H02458,2451214,2,0,2,2,0,0,1,1,2,32,12,0,4,La Unión
H02459,2377079,3,1,3,1,1,0,1,1,2,27,23,0,2,Centro
H02460,1361617,3,0,5,0,1,0,1,1,1,78,21,0,2,Los Pinos
H02461,1003516,1,0,4,2,0,0,0,0,5,13,19,1,3,La Esperanza
H02462,1680759,2,1,8,3,1,0,1,1,3,39,44,0,3,La Primavera
H02463,2199823,3,1,7,5,1,0,1,1,2,17,14,0,2,La Primavera
H02464,434581,1,1,4,1,0,0,0,1,5,84,68,0,3,La Victoria
H02465,3002815,2,0,4,1,0,0,1,1,2,16,6,0,3,Santa Ana
H02466,1551166,3,0,3,3,0,1,1,1,2,7,21,0,1,Bellavista
H02467,1112876,1,0,3,2,1,0,1,1,3,29,26,0,3,La Victoria
H02468,2778954,2,0,3,0,0,0,1,1,1,42,21,0,5,La Esperanza
H02469,2455285,3,0,3,1,0,0,1,1,2,33,18,0,4,Bellavista
H02470,1266207,1,1,3,0,0,1,0,0,3,32,10,0,2,La Primavera
H02471,633957,1,1,6,3,0,1,0,1,5,105,65,1,3,Villa Sofía
H02472,1471018,1,0,5,2,0,0,1,0,3,75,58,1,2,Nueva Colombia
H02473,1338029,3,0,4,2,0,0,1,1,3,62,25,0,2,El Porvenir
H02474,1807387,2,1,6,4,1,0,1,1,2,36,28,1,2,San Luis
H02475,3652500,4,0,3,1,0,0,0,1,2,18,19,0,4,Santa Ana
H02476,1478287,1,0,4,1,0,0,0,1,3,53,12,0,4,La Unión
H02477,2137575,3,0,3,2,0,0,1,1,2,17,17,0,4,San Jorge
H02478,1310496,1,0,2,1,0,0,1,1,2,36,27,0,3,La Primavera
H02479,2870959,3,0,4,1,0,0,1,1,3,37,19,0,4,La Primavera
H02480,2759846,2,0,4,1,0,0,1,1,2,3,26,0,3,El Porvenir
H02481,1423732,1,1,4,1,1,0,0,1,4,95,17,0,1,El Carmen
H02482,3021437,4,0,5,2,0,0,0,1,2,35,3,0,4,El Carmen
H02483,2079738,1,0,6,4,1,0,1,1,1,21,37,0,2,Las Flores
H02484,983556,2,0,2,0,0,0,0,1,2,38,20,1,3,San Carlos
H02485,1309100,2,1,3,2,0,0,0,1,3,5,36,0,1,Santa Ana
H02486,807435,2,0,2,0,0,0,1,1,3,37,24,0,1,La Victoria
H02487,1895188,2,1,5,0,0,0,1,1,4,47,63,0,2,Villa Sofía
H02488,549119,1,0,7,2,1,0,0,0,4,101,31,0,3,Villa Sofía
H02489,1727029,3,1,4,1,0,0,1,1,1,13,4,0,3,Centro
H02490,1676265,2,0,4,2,0,0,1,1,3,48,54,0,1,San Jorge
H02491,1143898,1,1,5,2,1,0,0,1,5,80,78,1,1,El Carmen
H02492,1494756,3,1,6,4,1,0,1,0,3,24,30,0,2,El Carmen
H02493,831823,1,1,6,3,1,1,0,0,4,78,88,0,3,Villa Sofía
H02494,2319304,2,1,5,1,0,0,1,0,3,69,33,0,4,San Luis
H02495,3004085,2,0,5,2,1,1,1,1,2,58,9,0,3,Las Acacias
H02496,1710519,3,0,7,1,0,0,1,1,2,49,27,0,4,El Progreso
H02497,2174478,3,0,5,2,0,0,1,1,1,27,20,0,5,Centro
H02498,1245489,2,1,7,2,1,0,0,1,3,38,15,1,2,Bellavista
H02499,1893831,3,1,5,1,0,0,1,1,3,23,35,0,3,El Porvenir
H02500,1432330,3,0,6,2,0,0,0,1,3,17,36,1,1,Nueva Colombia
H02501,1179775,2,1,4,1,1,0,1,0,5,111,49,0,1,Manablanca
H02502,1631531,2,0,3,3,0,0,1,1,2,54,44,0,4,La Primavera
H02503,2480202,3,0,3,3,0,1,0,1,2,24,5,0,2,El Porvenir
H02504,3006430,3,0,2,2,0,0,1,1,2,31,16,0,5,El Progreso
H02505,1112057,1,0,3,1,0,0,1,1,5,47,38,0,3,La Victoria
H02506,1483811,3,1,3,1,0,0,0,1,2,81,41,0,3,Altos del Sol
H02507,2744301,2,0,4,1,0,0,1,0,2,20,22,0,5,El Porvenir
H02508,1312882,2,1,5,1,0,1,1,1,4,74,20,1,3,La Primavera
H02509,1602761,2,1,3,1,0,0,0,1,1,49,18,0,4,La Primavera
H02510,1263241,3,0,4,0,0,0,0,1,3,49,32,0,2,Nueva Colombia
H02511,2212137,2,0,7,1,0,0,1,1,2,79,63,1,4,La Victoria
H02512,1613303,2,0,3,1,0,1,0,1,2,3,16,0,4,La Victoria
H02513,2522619,2,0,6,3,0,0,0,1,1,55,32,0,3,El Progreso
H02514,2751931,2,1,2,2,0,0,1,1,2,30,28,1,4,La Primavera
H02515,2745737,2,0,4,1,0,0,1,1,1,27,17,0,2,La Unión
H02516,1068519,2,1,4,2,1,0,0,1,2,29,33,0,3,Los Pinos
H02517,1540488,2,1,5,2,0,0,1,0,4,26,12,0,2,Nueva Colombia
H02518,3190319,2,0,5,1,0,0,0,1,1,12,8,0,3,El Carmen
H02519,935420,2,1,3,0,0,0,0,1,5,43,63,0,2,La Victoria
H02520,2397601,3,1,3,2,0,0,1,1,2,35,3,0,3,La Primavera
H02521,1973938,3,0,6,3,1,1,1,1,4,29,23,1,3,Centro
H02522,2711338,3,1,2,0,0,0,1,1,3,37,42,0,4,Buenos Aires
H02523,1447249,1,1,6,3,0,0,0,0,3,34,31,1,2,El Progreso
H02524,1489249,2,0,3,1,1,0,0,0,3,124,100,1,3,El Carmen
H02525,2470573,4,1,3,1,0,0,1,1,3,5,17,0,3,Los Pinos
H02526,1541993,3,1,3,2,1,0,1,1,3,43,33,1,3,Manablanca
H02527,1006055,2,1,5,4,1,1,0,0,5,48,31,1,2,El Carmen
H02528,1667066,2,0,5,4,0,0,1,1,3,45,23,1,4,Las Acacias
H02529,875267,1,1,4,0,1,0,0,1,4,99,55,1,2,La Victoria
H02530,2890916,4,0,4,1,0,0,1,1,2,34,9,0,5,San Luis
H02531,907384,2,1,8,2,0,0,1,0,4,87,43,1,3,San Luis
H02532,2276300,3,0,5,2,0,0,1,1,2,17,17,1,4,La Victoria
H02533,1207558,2,1,3,1,0,0,0,1,5,37,23,1,3,El Bosque
H02534,1439591,2,0,1,2,1,0,1,1,4,58,4,0,2,La Victoria
H02535,1813108,2,1,6,3,0,0,1,1,3,43,51,1,3,Los Pinos
H02536,584910,1,1,6,1,0,0,0,0,3,45,64,1,2,Buenos Aires
H02537,1533477,2,1,9,2,0,0,1,1,2,34,28,0,3,Manablanca
H02538,1945999,2,1,2,1,0,0,1,0,2,31,21,0,2,Bellavista
H02539,2174178,3,0,9,2,0,0,1,1,4,40,34,0,4,Manablanca
H02540,1772053,2,1,6,0,0,0,0,1,2,71,44,0,2,La Unión
H02541,1209400,2,0,5,1,0,0,0,1,5,62,35,0,2,San Jorge
H02542,3221425,3,1,5,2,0,0,1,1,2,6,9,0,3,Las Flores
H02543,1311036,1,1,3,3,0,1,1,1,5,53,6,0,2,La Aurora
H02544,1546420,2,1,6,2,0,0,1,0,5,53,49,0,4,El Bosque
H02545,1632197,1,1,5,3,1,0,0,0,3,67,57,0,2,La Aurora
H02546,1200787,2,1,4,1,0,0,0,0,4,110,54,0,2,El Carmen
H02547,1652981,3,1,4,1,0,0,1,1,2,37,10,1,4,Santa Ana
H02548,1317284,1,0,2,1,0,0,1,1,3,94,47,0,3,Nueva Colombia
H02549,1799205,2,1,4,2,0,0,0,1,4,21,12,1,1,La Unión
H02550,1396196,1,1,6,3,0,0,0,0,4,67,21,0,1,Los Pinos
H02551,1176436,1,1,5,1,0,0,1,0,2,31,36,0,2,El Porvenir
H02552,1182096,1,1,2,2,0,0,1,1,4,41,17,0,3,Manablanca
H02553,3160050,4,0,3,1,0,0,1,1,3,42,10,0,3,Villa Diana
H02554,935377,2,1,6,3,0,0,0,1,5,55,70,0,2,Villa Diana
H02555,2448044,2,1,4,2,0,0,1,1,2,38,21,0,5,La Unión
H02556,3493789,3,1,3,4,0,0,1,1,3,23,24,0,2,Las Acacias
H02557,1352572,2,0,2,3,0,0,1,0,4,56,44,0,1,Nueva Colombia
H02558,2264430,3,0,3,1,0,0,1,1,2,22,6,0,3,San Carlos
H02559,3067792,3,0,3,1,0,0,1,1,2,42,10,0,5,El Progreso
H02560,1437731,2,1,3,3,0,0,1,1,2,49,42,0,2,Altos del Sol
H02561,1036448,1,1,6,3,0,0,1,1,3,52,27,0,3,Altos del Sol
H02562,766311,1,1,4,4,1,0,0,0,4,81,89,0,2,Nueva Colombia
H02563,2849959,4,1,3,2,1,0,1,1,1,23,22,1,2,San Carlos
H02564,1532813,2,1,3,1,0,0,1,1,3,51,21,0,4,San Jorge
H02565,759428,1,1,5,3,0,0,0,0,5,117,27,0,2,Altos del Sol
H02566,1751927,3,1,5,4,1,0,0,0,2,27,24,0,2,Altos del Sol
H02567,1191496,1,1,4,0,0,0,1,1,4,54,25,0,4,Santa Ana
H02568,2106033,4,1,4,3,0,0,1,1,2,22,26,0,3,La Primavera
H02569,1573035,2,1,8,1,0,0,1,1,2,29,33,0,2,San Carlos
H02570,2351995,3,1,7,3,0,0,0,1,3,54,47,1,2,Los Pinos
H02571,586751,2,1,8,2,0,0,0,1,4,40,47,1,1,El Carmen
H02572,1181721,1,1,3,2,0,0,0,1,3,23,42,1,1,Altos del Sol
H02573,3147468,3,0,3,1,1,0,1,1,2,30,3,1,4,San Jorge
H02574,2996982,1,1,7,2,1,1,1,1,3,33,47,0,2,El Carmen
H02575,1413889,1,1,5,0,0,0,1,1,3,48,44,1,2,San Luis
H02576,2049768,2,0,4,3,0,0,1,1,2,24,10,0,5,La Victoria
H02577,1485696,1,1,4,0,0,0,1,1,3,112,51,0,1,El Carmen
H02578,2490284,3,0,2,3,0,0,1,1,2,55,13,0,3,Santa Ana
H02579,1395632,1,0,7,3,0,0,0,1,3,52,29,1,3,La Unión
H02580,1669664,1,0,7,3,0,0,0,1,1,45,10,0,4,Santa Ana
H02581,1829582,1,1,6,2,0,0,1,1,4,81,47,0,3,La Unión
H02582,1235778,2,1,2,1,0,0,1,1,4,59,14,1,2,Villa Sofía
H02583,3302088,3,1,4,2,0,0,1,1,3,48,29,0,2,San Carlos
H02584,2004452,2,0,4,3,1,0,1,1,2,7,14,0,5,Buenos Aires
H02585,1438052,2,0,7,3,0,0,1,1,5,78,50,0,1,Los Pinos
H02586,4055446,4,0,3,2,0,0,1,1,1,34,12,0,3,San Luis
H02587,1578827,3,0,6,0,0,0,0,1,3,65,56,1,1,Manablanca
H02588,1043567,2,1,6,0,0,0,1,1,4,56,9,1,1,La Esperanza
H02589,1818694,1,1,5,1,0,0,1,1,4,47,34,0,1,El Carmen
H02590,3045701,4,1,4,1,0,0,1,1,2,3,5,0,4,Santa Ana
H02591,763284,1,1,3,1,1,0,1,1,4,31,11,0,1,Centro
H02592,2522267,2,1,5,1,0,0,1,1,4,36,8,0,3,La Esperanza
H02593,1638347,2,1,4,1,0,0,1,1,2,44,18,1,3,Santa Ana
H02594,2828870,2,0,4,0,0,0,1,1,2,20,7,0,5,Los Pinos
H02595,1804525,2,1,7,1,1,0,1,1,3,15,41,0,2,Manablanca
H02596,1416880,2,1,3,3,0,0,1,1,3,68,33,0,3,La Primavera
H02597,4053902,3,0,2,1,0,0,1,1,3,23,28,0,5,Las Flores
H02598,1517814,2,0,5,2,0,1,1,1,4,88,55,0,2,El Bosque
H02599,2502618,4,0,4,1,0,1,1,1,1,48,14,1,4,La Primavera
H02600,971731,1,1,5,2,0,0,0,0,5,78,84,0,2,Altos del Sol
H02601,1334239,2,0,4,2,0,0,1,1,4,46,61,0,3,Villa Sofía
H02602,2563178,3,0,3,2,0,0,1,1,2,37,19,1,4,Centro
H02603,1307636,2,1,4,1,0,0,0,1,3,22,69,0,2,San Jorge
H02604,1343486,2,1,5,1,0,0,0,1,4,42,35,0,2,Villa Sofía
H02605,891400,1,1,6,4,0,0,1,1,2,37,21,0,3,Villa Sofía
H02606,851810,2,0,5,1,0,1,1,0,2,80,14,1,2,Villa Sofía
H02607,1489792,2,1,3,3,1,0,1,0,3,42,43,0,4,San Jorge
H02608,1977937,3,1,6,1,1,0,1,1,5,21,45,1,1,Bellavista
H02609,1181370,1,1,4,2,0,0,1,1,5,40,25,1,3,Santa Ana
H02610,1161221,3,0,4,4,0,0,1,1,4,34,34,0,3,Santa Ana
H02611,1066606,3,1,5,1,1,0,1,0,4,45,17,0,4,La Victoria
H02612,1435203,2,1,4,0,0,0,1,1,3,57,65,1,3,Nueva Colombia
H02613,1065084,2,1,8,1,1,0,1,1,5,73,62,0,2,La Unión
H02614,644351,1,1,5,1,0,0,0,0,5,78,71,0,2,El Bosque
H02615,434439,1,0,4,2,0,0,1,0,2,72,21,0,2,Los Pinos
H02616,1677457,3,1,7,0,0,0,0,1,3,56,32,0,1,Villa Sofía
H02617,2996377,3,0,2,0,0,0,1,1,1,23,19,0,4,La Esperanza
H02618,3156129,3,0,2,2,0,0,0,1,3,30,20,0,5,La Esperanza
H02619,1519241,1,0,4,4,0,0,1,1,3,53,23,0,2,La Aurora
H02620,887931,1,1,3,2,1,1,0,1,5,92,53,0,1,El Bosque
H02621,2946457,3,0,4,2,0,0,1,1,1,33,16,0,3,La Victoria
H02622,785794,3,0,6,1,0,0,0,1,3,70,15,0,2,El Carmen
H02623,1253249,2,1,5,1,0,0,1,1,4,72,14,0,2,Villa Diana
H02624,1846702,2,1,4,0,0,0,1,1,3,9,47,0,1,La Aurora
H02625,1762676,3,1,4,1,1,0,1,1,1,27,11,1,2,Las Flores
H02626,624376,2,1,3,2,0,0,1,1,1,57,20,1,4,La Victoria
H02627,2455329,3,0,5,0,0,0,1,1,1,43,16,0,3,Las Acacias
H02628,3171894,3,0,5,1,1,0,1,1,2,25,20,0,4,Las Flores
H02629,2103082,2,1,7,2,0,0,1,1,4,24,26,1,2,Manablanca
H02630,1996710,3,1,6,0,0,0,1,1,4,38,7,0,2,La Primavera
H02631,1838012,3,1,4,2,1,0,0,1,3,80,64,0,2,Villa Sofía
H02632,2873206,3,1,4,2,1,1,1,1,1,15,37,0,3,San Luis
H02633,1472968,2,0,3,0,0,0,1,1,2,33,15,0,5,San Luis
H02634,1295566,1,1,4,1,0,0,1,1,3,77,31,0,2,El Progreso
H02635,767762,1,1,6,2,0,0,1,1,3,15,24,0,2,Manablanca
H02636,2618694,3,0,2,2,1,0,1,1,3,37,11,0,4,Villa Diana
H02637,1204417,1,0,6,3,1,0,1,1,2,34,24,0,3,El Carmen
H02638,845338,2,1,5,1,0,1,1,1,3,36,36,0,3,San Carlos
H02639,1042049,1,0,4,0,1,0,1,1,3,62,49,0,3,Villa Sofía
H02640,2789804,3,0,7,3,0,0,1,1,2,54,24,0,1,Las Flores
H02641,2400125,3,0,6,2,1,0,1,1,2,33,28,0,2,La Primavera
H02642,2012553,2,1,4,1,0,0,0,0,4,58,42,0,3,Santa Ana
H02643,989493,2,0,5,1,0,0,0,1,4,52,33,0,3,Villa Diana
H02644,1403654,2,0,3,2,0,0,1,1,3,59,29,0,2,Santa Ana
H02645,1403376,2,0,4,3,0,0,1,1,2,49,18,0,4,La Primavera
H02646,2488622,2,0,2,2,0,0,1,1,2,35,6,0,4,El Porvenir
H02647,1400694,2,0,7,3,0,0,0,1,3,58,11,1,2,La Primavera
H02648,1824755,2,1,6,1,0,1,1,1,3,89,52,0,2,Nueva Colombia
H02649,1931643,2,0,5,2,0,0,1,1,4,69,43,1,2,La Primavera
H02650,2621311,2,1,3,3,1,0,1,1,1,8,29,0,4,San Carlos
H02651,1852991,1,1,5,4,1,0,1,1,4,55,14,1,4,La Victoria
H02652,1862954,3,0,5,0,0,0,0,0,3,80,60,0,2,Las Acacias
H02653,3313994,2,1,4,1,0,1,1,1,1,33,22,0,3,El Carmen
H02654,831750,1,1,5,2,0,0,0,1,3,16,33,1,2,Nueva Colombia
H02655,1518533,1,1,5,3,0,0,1,0,3,32,12,0,2,El Bosque
H02656,1703991,2,1,7,1,0,0,1,1,5,8,9,0,2,Villa Diana
H02657,1036037,1,1,3,2,0,0,1,1,3,33,29,0,1,Las Acacias
H02658,1263556,2,0,5,2,1,0,1,0,4,68,43,0,4,San Luis
H02659,1568329,2,1,4,1,0,0,1,0,3,73,61,0,2,Centro
H02660,2585429,3,0,3,1,0,0,1,1,1,33,20,0,4,Buenos Aires
H02661,1785093,1,1,6,3,1,0,1,1,3,55,29,0,2,El Carmen
H02662,1286666,1,0,4,1,0,0,1,1,5,40,60,1,2,San Luis
H02663,3112987,3,1,3,1,0,0,1,1,1,5,9,1,5,La Esperanza
H02664,2327331,3,0,5,0,0,0,1,1,3,16,7,0,3,Santa Ana
H02665,1511785,2,1,3,3,0,0,0,0,4,54,33,1,3,Los Pinos
H02666,1459337,2,0,5,2,0,1,1,1,3,13,17,0,2,San Carlos
H02667,1107626,2,1,6,3,0,1,1,0,4,72,77,0,2,Buenos Aires
H02668,1066247,2,1,5,2,0,0,1,0,4,79,12,0,2,Santa Ana
H02669,1491732,3,1,5,1,0,0,1,1,4,20,29,1,4,La Esperanza
H02670,1630967,2,1,4,0,0,1,1,1,4,64,38,0,1,La Aurora
H02671,2821449,4,0,5,1,0,0,1,1,3,12,24,1,4,Santa Ana
H02672,1917453,1,0,5,2,0,0,1,0,2,29,4,1,4,La Aurora
H02673,1616259,2,1,8,2,0,0,1,1,2,47,40,0,3,Villa Sofía
H02674,1728356,1,1,4,1,0,0,1,1,3,44,47,0,2,El Bosque
H02675,1092068,3,1,4,1,0,0,0,1,3,60,5,1,2,Villa Diana
H02676,2099714,3,1,8,3,0,0,0,1,4,42,23,0,3,Bellavista
H02677,262706,1,1,4,2,1,0,0,0,4,131,57,1,3,El Carmen
H02678,1774071,2,0,5,4,0,0,0,1,4,49,12,0,2,El Porvenir
H02679,1571775,3,1,3,4,0,0,1,0,4,28,10,0,2,Las Flores
H02680,1689499,1,0,5,2,1,0,0,1,5,68,29,0,4,San Carlos
H02681,2167354,3,0,4,0,0,0,1,1,2,26,4,0,3,San Luis
H02682,1273655,2,1,2,2,1,1,1,1,3,67,91,1,2,El Carmen
H02683,1644603,1,0,6,3,1,0,0,1,3,25,37,0,4,Nueva Colombia
H02684,987108,1,0,5,4,1,0,1,0,4,30,25,1,3,Las Acacias
H02685,1555712,2,1,3,3,0,0,0,1,2,34,34,0,1,La Unión
H02686,905261,1,1,4,1,0,1,1,1,3,46,79,0,3,Nueva Colombia
H02687,1523099,2,1,3,0,0,0,1,1,2,40,19,0,4,Los Pinos
H02688,2398123,2,0,7,4,1,1,1,1,3,51,23,0,3,Nueva Colombia
H02689,1980730,3,0,5,4,0,0,1,1,3,33,10,0,1,Bellavista
H02690,1364973,2,1,4,2,0,0,1,1,3,103,60,0,2,San Jorge
H02691,907385,2,0,4,3,0,0,0,1,3,18,21,0,3,La Primavera
H02692,1280656,3,1,5,2,0,0,0,1,3,5,13,1,2,La Esperanza
H02693,1526184,1,0,7,4,0,0,1,1,3,34,58,0,2,El Progreso
H02694,1079194,1,0,6,1,0,0,1,1,3,35,25,1,3,Nueva Colombia
H02695,1892164,2,0,4,1,0,1,1,1,2,15,24,0,4,San Jorge
H02696,1950889,2,0,7,1,0,0,0,1,4,22,15,0,1,La Victoria
H02697,1658410,2,1,4,1,1,0,0,1,3,46,50,0,3,Villa Sofía
H02698,2012698,1,0,3,1,0,0,1,0,3,64,71,0,2,Villa Sofía
H02699,2132510,2,0,4,1,0,0,1,1,3,27,6,0,2,La Esperanza
H02700,2277403,4,1,3,2,1,0,0,1,2,24,24,0,4,Villa Diana
H02701,3046628,2,0,4,2,1,0,1,1,2,41,11,0,4,Las Acacias
H02702,869471,1,1,6,1,0,0,1,1,4,98,22,0,1,El Carmen
H02703,1424017,2,1,6,1,0,0,1,1,2,30,46,1,2,Bellavista
H02704,1415863,2,1,3,2,0,1,0,1,2,24,40,0,2,Villa Diana
H02705,1709291,2,1,3,0,0,0,1,1,3,101,31,0,2,San Jorge
H02706,2882020,2,1,1,1,0,0,1,1,4,36,11,0,5,La Esperanza
H02707,1356841,2,0,6,1,0,0,1,0,2,88,38,0,1,Villa Sofía
H02708,1264094,2,1,4,2,1,0,1,1,3,61,26,1,3,Los Pinos
H02709,479709,2,0,4,3,0,0,0,1,3,59,28,0,3,El Porvenir
H02710,2052335,1,0,2,1,0,0,0,1,4,125,71,0,3,Las Acacias
H02711,1764606,1,1,6,2,1,0,1,1,3,27,24,0,3,La Unión
H02712,180000,1,1,5,2,0,0,1,1,4,67,76,0,1,El Carmen
H02713,2629143,3,0,1,1,0,0,1,1,1,25,3,1,3,La Esperanza
H02714,1236001,1,0,6,4,1,0,1,0,4,65,60,0,2,El Bosque
H02715,1036155,1,0,4,1,0,0,1,1,3,44,38,1,2,San Luis
H02716,2488969,3,0,3,1,0,0,1,1,1,49,14,1,3,Bellavista
H02717,2815696,3,0,5,1,0,0,1,1,2,24,18,0,4,La Esperanza
H02718,3045211,3,0,4,2,0,0,1,1,2,35,14,0,3,La Primavera
H02719,853230,1,0,3,3,1,0,0,0,4,73,12,0,1,Las Acacias
H02720,972218,2,1,3,3,0,0,0,1,4,32,19,0,1,Villa Sofía
H02721,2062148,2,1,7,3,1,0,1,1,4,36,28,1,4,Los Pinos
H02722,2243670,3,1,1,2,0,0,0,0,4,60,49,0,2,La Victoria
H02723,3139428,3,0,3,2,1,0,1,1,1,12,32,0,3,La Primavera
H02724,3119117,3,0,5,2,0,0,1,1,2,31,19,0,4,Los Pinos
H02725,1315632,2,1,6,1,0,0,1,0,4,71,52,1,3,Manablanca
H02726,2850904,2,0,6,3,0,0,1,1,2,17,20,0,2,Los Pinos
H02727,681353,2,1,6,0,1,1,0,0,4,106,55,0,3,San Jorge
H02728,712754,3,1,5,3,1,0,1,1,2,38,52,0,3,Las Flores
H02729,688072,1,1,4,3,0,1,0,0,5,114,24,0,1,La Aurora
H02730,2441394,2,0,5,2,0,0,1,1,2,18,24,0,3,San Carlos
H02731,695050,2,1,6,3,1,0,1,1,5,111,60,0,2,San Luis
H02732,1703669,2,1,5,1,0,0,0,1,2,31,49,0,2,La Victoria
H02733,839942,1,1,2,2,0,0,0,1,4,42,14,0,2,Las Flores
H02734,585529,1,1,6,1,0,0,0,0,5,109,48,1,1,Nueva Colombia
H02735,1273143,2,0,4,1,0,0,0,0,2,68,47,0,1,El Bosque
H02736,1333348,2,1,3,0,0,1,0,1,1,33,33,0,4,Bellavista
H02737,3346645,4,0,4,3,0,0,1,1,2,10,23,0,4,La Esperanza
H02738,2436993,2,0,3,1,0,0,1,1,2,33,28,0,4,Las Flores
H02739,455678,1,1,4,4,0,0,0,1,3,107,74,0,3,La Victoria
H02740,792339,1,1,6,2,1,0,1,0,5,111,39,0,3,San Luis
H02741,496539,2,1,6,1,0,0,0,1,5,103,74,0,2,El Bosque
H02742,1112960,1,1,2,1,0,0,0,1,3,30,26,0,2,Villa Diana
H02743,2260602,2,0,4,3,0,0,1,0,1,10,5,0,5,Las Flores
H02744,981666,1,0,7,1,0,0,1,1,4,58,46,0,3,Centro
H02745,2249576,1,0,4,2,0,0,1,1,4,97,40,0,2,La Victoria
H02746,1282704,2,1,2,1,0,0,1,1,3,52,28,0,2,Nueva Colombia
H02747,1479664,2,1,6,2,1,0,1,1,1,47,9,0,2,San Carlos
H02748,2970889,3,0,1,2,0,0,1,1,2,24,10,0,3,Buenos Aires
H02749,896677,2,1,6,3,1,0,1,1,5,40,42,1,4,El Progreso
H02750,2676574,2,0,1,0,0,0,1,1,1,30,24,0,4,Villa Diana
H02751,785777,2,1,3,2,0,0,1,1,5,69,12,0,2,San Luis
H02752,1499534,2,0,6,5,0,0,0,1,3,29,9,0,3,Buenos Aires
H02753,1109132,2,0,6,2,0,1,0,1,3,64,49,0,4,Nueva Colombia
H02754,2560399,2,1,6,3,0,0,1,0,3,61,19,1,2,La Esperanza
H02755,2956113,2,0,4,1,0,0,1,1,2,31,6,0,2,Buenos Aires
H02756,1499650,2,0,6,3,0,0,1,1,2,26,19,0,3,El Bosque
H02757,1394138,3,1,4,3,0,0,1,1,2,53,43,0,3,El Carmen
H02758,1295522,2,0,3,1,0,1,1,0,5,45,45,0,2,La Aurora
H02759,1661409,3,1,4,1,0,0,1,1,3,21,9,1,2,Las Acacias
H02760,3795438,3,1,3,1,0,0,1,1,2,31,23,0,4,Bellavista
H02761,1142284,2,1,4,3,0,0,0,0,4,37,34,0,2,San Luis
H02762,837169,1,1,2,2,0,0,1,1,4,57,29,0,2,Manablanca
H02763,2753466,3,0,3,1,0,0,1,1,3,36,26,0,3,El Porvenir
H02764,2082915,3,0,5,3,0,0,0,1,2,19,31,0,5,Villa Diana
H02765,1027780,2,1,6,3,0,0,1,1,5,35,73,1,2,Buenos Aires
H02766,1694089,2,1,5,2,0,0,1,1,4,45,44,0,2,El Bosque
H02767,3103272,4,0,2,2,1,0,1,1,2,32,9,1,3,Buenos Aires
H02768,1662470,2,1,6,4,1,0,0,1,3,37,29,0,4,Las Flores
H02769,3070593,4,0,1,0,0,0,1,1,2,24,10,0,5,El Porvenir
H02770,2229591,3,0,5,3,1,0,1,1,2,34,58,1,2,Altos del Sol
H02771,3351206,3,0,3,0,0,0,1,1,1,26,20,0,3,El Carmen
H02772,2485754,3,1,7,1,1,1,0,1,2,23,50,0,1,Buenos Aires
H02773,2577414,3,0,3,0,1,0,1,1,1,47,19,0,3,San Luis
H02774,1630867,1,0,3,3,0,0,1,1,3,82,30,0,2,San Jorge
H02775,1691870,2,1,6,2,0,0,0,1,5,56,22,0,3,Manablanca
H02776,1306018,1,1,6,0,0,0,1,1,4,58,39,1,2,Manablanca
H02777,1667053,1,1,6,2,0,1,1,1,4,25,5,0,3,Las Acacias
H02778,3603527,3,0,4,2,0,0,1,1,3,11,11,0,4,Santa Ana
H02779,1281287,2,1,3,0,0,0,0,1,2,53,67,0,2,Altos del Sol
H02780,1242610,1,0,6,0,0,0,0,1,2,74,34,0,1,La Victoria
H02781,3708905,4,1,4,1,0,0,1,1,1,35,8,0,4,Villa Diana
H02782,3654305,3,0,5,1,0,0,1,1,1,44,13,1,2,La Unión
H02783,2589777,2,1,6,1,1,0,0,1,1,31,26,0,3,San Jorge
H02784,2548154,2,0,3,0,0,0,1,1,2,11,18,0,4,La Unión
H02785,1393157,1,1,6,3,1,0,1,0,3,53,45,0,3,La Esperanza
H02786,1705343,1,0,3,2,0,1,0,0,5,98,41,1,3,La Victoria
H02787,1478153,1,0,5,1,1,0,1,0,4,27,22,0,3,Las Flores
H02788,1118290,1,0,3,2,0,0,0,0,3,27,61,0,2,La Victoria
H02789,500000,1,1,5,3,0,0,1,1,1,32,38,0,3,Manablanca
H02790,2799531,2,0,3,2,0,0,1,0,2,24,13,0,3,Villa Diana
H02791,1668056,3,0,6,2,0,1,0,1,2,6,33,0,1,El Carmen
H02792,1811669,2,0,9,3,1,0,0,1,3,29,8,0,3,Villa Diana
H02793,2191056,3,0,3,1,0,0,1,1,2,12,24,0,5,Las Flores
H02794,1385526,2,1,3,3,0,0,0,1,3,27,20,0,2,La Aurora
H02795,704866,1,1,6,1,0,0,1,0,4,104,12,0,2,La Victoria
H02796,2301993,2,1,6,2,0,0,0,1,3,41,32,0,1,El Carmen
H02797,1964018,1,0,7,5,1,0,1,1,2,42,19,0,3,Santa Ana
H02798,1475767,1,1,4,2,1,0,1,1,4,62,34,0,2,Las Acacias
H02799,1467281,2,1,4,2,0,0,0,1,4,35,55,0,3,La Unión
H02800,1633556,2,1,6,2,0,0,1,1,5,30,32,0,2,Las Flores
H02801,3103713,3,0,4,1,1,0,1,1,1,18,15,0,3,Las Flores
H02802,1889028,1,1,4,2,1,0,1,1,1,65,68,0,1,La Aurora
H02803,1192161,1,0,5,0,0,0,0,1,4,48,44,1,3,Bellavista
H02804,1970857,2,0,5,4,0,0,1,1,2,32,18,0,2,Los Pinos
H02805,3392771,3,0,2,1,1,0,1,1,1,18,15,0,3,Santa Ana
H02806,2619517,3,0,3,2,0,0,1,1,2,17,15,0,4,La Victoria
H02807,721900,2,1,5,0,1,0,1,0,5,70,61,1,1,Villa Sofía
H02808,2460356,4,0,5,0,1,0,1,1,2,32,8,0,4,La Unión
H02809,1692284,1,0,7,4,0,0,1,1,3,57,16,0,2,San Jorge
H02810,1865682,2,1,5,1,1,0,0,1,3,138,70,0,2,El Carmen
H02811,1580616,2,0,4,1,0,0,1,1,2,34,28,0,4,La Unión
H02812,1174568,2,0,4,2,0,0,1,1,4,84,35,0,1,El Carmen
H02813,1428007,2,1,4,2,1,1,1,0,3,45,23,0,1,Bellavista
H02814,2307009,2,0,4,0,0,0,0,1,3,61,29,0,5,San Jorge
H02815,1075517,2,1,5,5,1,0,0,0,5,94,62,1,1,Villa Sofía
H02816,2472409,2,1,7,3,0,0,0,0,5,53,25,0,2,Las Acacias
H02817,979186,2,1,2,1,0,0,1,1,4,41,21,0,1,Bellavista
H02818,2682124,4,0,3,2,0,0,1,0,2,33,10,0,3,Las Acacias
H02819,785244,1,1,9,2,0,0,1,1,5,84,114,0,1,San Luis
H02820,2173332,4,1,3,0,0,0,1,1,1,36,14,1,3,El Porvenir
H02821,2020648,3,0,2,0,0,0,1,1,2,11,16,0,3,El Progreso
H02822,937876,1,1,2,1,0,0,0,1,2,47,54,1,3,La Victoria
H02823,1487043,1,0,5,1,1,0,0,1,3,18,31,0,3,Manablanca
H02824,1210752,1,1,3,1,1,0,0,0,5,130,59,1,2,El Carmen
H02825,3182507,4,0,4,2,0,0,1,1,1,7,16,0,4,El Porvenir
H02826,1936462,2,0,6,3,0,0,1,1,2,32,23,0,2,San Luis
H02827,1457964,1,0,7,3,0,0,1,1,2,5,14,0,3,Manablanca
H02828,1320760,2,1,5,2,0,0,1,0,4,35,35,0,1,Centro
H02829,971280,1,1,5,2,1,0,1,1,5,100,46,0,1,La Primavera
H02830,1408624,3,1,1,2,0,0,1,1,3,56,20,0,2,La Aurora
H02831,1487857,2,1,3,4,1,1,0,1,3,46,19,0,3,El Carmen
H02832,2342319,2,0,9,4,1,0,1,1,2,16,29,0,3,La Unión
H02833,2790382,3,0,2,1,0,1,1,1,1,31,11,0,3,Centro
H02834,2937981,3,0,2,1,0,0,1,1,1,11,48,0,4,Santa Ana
H02835,1285873,1,1,9,3,0,0,1,0,3,32,27,0,2,San Carlos
H02836,2866574,4,0,3,2,0,0,1,1,2,35,3,0,3,La Victoria
H02837,1076452,2,1,4,3,1,0,1,1,3,41,45,0,2,Santa Ana
H02838,1158363,2,0,4,2,0,0,0,1,2,13,22,0,3,Villa Diana
H02839,1787939,2,1,2,1,1,1,0,1,3,104,45,0,3,Villa Sofía
H02840,1444251,2,0,6,3,1,0,0,0,2,44,4,0,2,La Aurora
H02841,2298640,3,0,5,0,1,0,1,1,1,36,10,0,4,Santa Ana
H02842,2141085,3,0,3,0,1,0,0,0,1,67,49,1,3,Manablanca
H02843,1351895,1,0,6,2,0,0,1,1,2,28,34,0,4,Nueva Colombia
H02844,657560,2,1,4,2,0,0,1,1,1,67,44,0,1,La Victoria
H02845,2004568,2,1,6,2,0,1,1,1,4,24,24,1,2,Altos del Sol
H02846,1640529,2,1,6,1,0,0,1,1,3,35,29,0,1,La Unión
H02847,1667646,2,0,4,2,0,0,0,1,2,104,15,0,3,La Victoria
H02848,771879,1,0,7,2,1,0,1,0,4,50,30,0,2,San Luis
H02849,925617,3,1,5,4,0,0,1,1,5,20,26,1,1,El Bosque
H02850,1269865,1,0,4,1,1,0,0,1,5,14,16,0,2,Centro
H02851,778705,1,1,4,2,1,0,0,1,5,105,51,0,3,El Carmen
H02852,2685672,2,0,4,1,1,0,1,1,1,22,23,0,3,El Progreso
H02853,992472,2,1,4,1,0,0,0,0,3,37,41,0,2,El Carmen
H02854,1347910,2,0,3,3,0,0,1,1,2,5,13,0,2,La Unión
H02855,2101485,2,0,4,2,0,0,1,0,3,37,18,0,3,Nueva Colombia
H02856,3414052,4,0,4,1,0,0,1,1,1,49,5,0,3,Santa Ana
H02857,2257536,3,0,3,2,0,1,1,1,2,33,33,0,2,Los Pinos
H02858,1498013,1,1,5,1,0,1,1,1,3,65,47,0,1,El Carmen
H02859,3179011,3,0,3,2,0,0,1,1,3,23,23,0,5,Bellavista
H02860,2844711,2,1,5,0,0,0,1,1,2,11,19,0,3,Las Acacias
H02861,1339358,3,1,5,3,0,0,1,1,3,51,14,0,2,Buenos Aires
H02862,1756342,2,1,6,3,1,0,1,0,2,5,21,0,2,La Esperanza
H02863,2442966,3,0,4,2,0,0,1,1,2,16,15,0,4,La Victoria
H02864,898559,3,0,4,2,0,0,0,1,3,44,25,0,1,El Carmen
H02865,1988563,2,0,2,2,0,0,1,1,4,45,11,1,3,La Unión
H02866,3192410,3,0,5,1,0,0,1,1,2,29,30,0,4,La Unión
H02867,637469,1,1,3,2,0,0,0,1,5,77,51,1,1,San Jorge
H02868,2381366,3,0,4,1,1,0,1,1,1,30,19,0,4,La Primavera
H02869,507323,2,1,4,2,0,0,1,1,3,46,24,0,1,Los Pinos
H02870,1017001,2,0,4,0,1,0,0,1,2,50,65,0,3,Las Acacias
H02871,566744,2,0,6,1,0,0,1,1,3,29,32,0,2,Nueva Colombia
H02872,2060788,2,1,5,3,0,0,0,0,4,5,21,0,1,Buenos Aires
H02873,1549222,1,1,5,2,0,0,0,1,3,9,14,1,1,Santa Ana
H02874,2200031,3,1,4,3,0,0,1,1,4,54,27,1,2,Altos del Sol
H02875,1229645,1,1,9,4,0,0,0,0,5,75,20,1,3,Buenos Aires
H02876,3073665,3,0,4,1,0,0,1,0,1,20,12,0,5,El Progreso
H02877,1537332,3,0,3,1,0,0,1,1,1,29,21,0,3,Villa Diana
H02878,2937824,3,0,4,1,0,0,1,1,2,18,23,0,4,La Unión
H02879,2143074,3,1,5,1,0,0,0,1,5,75,76,0,3,La Aurora
H02880,1440624,2,1,1,2,0,0,1,1,3,49,9,1,1,El Bosque
H02881,874953,1,0,3,1,0,0,0,1,3,49,49,0,2,Bellavista
H02882,1950957,3,1,2,1,0,0,1,1,4,65,40,0,2,San Jorge
H02883,3078777,3,1,4,1,0,0,1,1,2,20,4,0,5,San Luis
H02884,1894060,2,1,6,1,0,1,1,0,4,58,46,0,1,La Unión
H02885,830684,2,0,7,2,0,0,0,1,4,76,66,1,2,La Aurora
H02886,1222812,2,1,4,3,1,0,1,0,3,62,25,0,1,Manablanca
H02887,1324659,1,0,5,2,1,0,1,0,2,130,68,0,3,Villa Sofía
H02888,1684734,2,1,2,1,0,0,1,1,4,39,37,0,2,El Bosque
H02889,3603648,3,1,4,2,0,0,1,1,3,42,35,0,4,Bellavista
H02890,888293,2,0,4,2,0,0,0,1,3,55,23,0,2,Villa Diana
H02891,2805502,2,0,3,2,0,0,1,1,2,4,15,0,4,Las Acacias
H02892,888807,2,1,8,2,0,0,0,1,4,60,18,0,4,Villa Sofía
H02893,1775736,2,1,1,1,0,0,0,0,4,29,62,0,3,La Aurora
H02894,2057318,1,0,3,1,0,0,1,0,2,92,34,1,2,La Aurora
H02895,894461,2,1,5,2,1,0,0,0,3,48,34,0,3,El Bosque
H02896,1797884,2,1,5,2,0,1,0,0,3,80,88,1,2,Las Acacias
H02897,2348252,2,1,7,2,0,0,0,0,3,10,29,0,3,La Aurora
H02898,2469859,3,0,7,3,1,1,1,1,3,44,37,0,2,El Progreso
H02899,756300,2,1,6,3,1,0,1,1,3,58,30,0,2,San Luis
H02900,1265299,2,0,2,2,1,1,0,0,4,68,54,0,1,La Aurora
H02901,1008010,1,1,3,3,0,0,0,0,5,115,76,0,3,El Bosque
H02902,1888039,2,0,6,3,0,1,0,1,4,22,28,0,3,El Progreso
H02903,2982615,3,0,2,0,1,0,1,1,1,24,19,0,4,Las Acacias
H02904,2471989,3,0,4,2,0,0,1,1,1,21,10,0,3,Buenos Aires
H02905,1533364,1,1,6,3,0,0,1,1,3,28,33,0,2,Las Acacias
H02906,2437246,3,1,3,1,0,0,1,1,3,18,16,0,4,Buenos Aires
H02907,1294063,2,1,7,1,0,0,0,0,5,75,12,0,2,El Bosque
H02908,1877371,2,0,8,2,1,0,1,1,2,24,42,0,3,Villa Sofía
H02909,2318999,2,0,8,2,1,1,0,1,4,53,28,1,2,La Primavera
H02910,1353124,2,0,4,0,0,0,1,1,5,39,33,0,2,San Carlos
H02911,1566160,2,0,6,1,0,0,1,0,4,73,27,1,3,Bellavista
H02912,1390976,1,0,4,1,1,0,1,1,4,52,30,0,2,El Carmen
H02913,1452498,2,1,5,2,0,0,1,1,5,46,39,1,3,Bellavista
H02914,1797531,3,0,5,3,0,0,1,1,1,4,32,0,3,San Luis
H02915,1743628,3,0,4,2,0,0,1,1,3,92,54,1,3,San Jorge
H02916,823240,1,1,2,2,0,0,1,1,3,30,28,0,4,Buenos Aires
H02917,1769523,2,1,6,0,0,0,1,1,2,62,44,1,3,Manablanca
H02918,3010780,3,1,3,1,0,0,1,1,3,15,8,0,4,Centro
H02919,986969,2,1,4,1,0,0,1,1,2,62,47,0,3,Las Acacias
H02920,1416376,3,1,4,1,1,1,0,1,3,36,70,1,1,Manablanca
H02921,1197353,3,0,5,2,0,0,0,1,3,60,30,0,2,La Primavera
H02922,1347658,2,0,4,0,0,0,0,1,3,32,25,0,2,La Victoria
H02923,1698992,1,1,4,3,0,1,0,1,4,54,39,0,1,Santa Ana
H02924,2213861,3,1,4,2,1,0,0,0,3,88,45,0,2,San Luis
H02925,1985732,2,1,5,3,0,0,1,1,2,17,44,0,2,Altos del Sol
H02926,1140399,2,1,5,2,0,0,0,0,3,10,14,1,2,La Esperanza
H02927,1111086,2,1,2,2,0,0,0,0,2,34,4,0,2,El Bosque
H02928,770123,1,1,3,0,0,1,0,1,2,117,11,0,2,La Primavera
H02929,898425,1,1,4,1,0,0,1,1,3,58,4,0,2,Altos del Sol
H02930,807598,2,0,4,2,1,0,1,1,4,74,34,0,1,El Bosque
H02931,1278247,1,0,4,1,0,0,1,1,5,75,45,1,4,La Victoria
H02932,1817341,2,0,4,2,0,0,1,1,3,5,37,0,2,Santa Ana
H02933,1354575,2,0,4,2,0,0,0,0,3,8,36,0,2,San Luis
H02934,722769,2,1,4,2,0,0,1,1,2,51,38,1,3,La Unión
H02935,1537823,2,0,5,0,1,1,1,1,3,23,43,0,4,La Victoria
H02936,3203413,4,0,3,0,0,0,1,1,2,31,22,1,4,Centro
H02937,1698640,1,0,5,4,0,0,1,1,1,10,19,0,3,Manablanca
H02938,1486669,1,1,4,0,0,0,1,1,4,18,35,0,1,San Carlos
H02939,1091751,1,0,6,1,1,1,1,1,2,51,25,0,2,Nueva Colombia
H02940,2181782,2,1,5,4,1,0,0,1,3,38,25,0,1,Villa Diana
H02941,1382811,1,1,4,0,0,0,0,1,2,82,61,1,3,La Victoria
H02942,2832348,3,1,2,1,0,0,1,1,2,50,21,0,5,Las Flores
H02943,1762539,1,0,4,2,1,0,1,1,3,94,39,0,3,El Carmen
H02944,2370860,2,1,5,0,0,0,1,1,3,20,10,1,3,San Jorge
H02945,1330147,2,1,6,4,0,0,1,0,4,156,21,1,3,San Luis
H02946,1713310,2,0,5,1,0,0,0,1,5,61,19,1,4,El Porvenir
H02947,1446313,1,0,4,2,0,0,1,0,4,64,29,1,2,San Jorge
H02948,2123864,3,0,6,2,0,0,1,1,2,24,31,0,4,San Carlos
H02949,993383,2,1,6,4,0,0,0,1,4,81,39,0,2,Las Acacias
H02950,2396546,2,0,3,0,0,0,0,1,2,18,56,0,4,Altos del Sol
H02951,1385613,1,0,5,2,1,1,0,1,4,46,32,0,1,La Unión
H02952,1681119,1,0,6,2,0,0,1,1,3,42,54,0,2,El Porvenir
H02953,2592063,2,1,6,1,0,0,0,1,5,71,37,0,3,La Victoria
H02954,1215310,1,1,7,3,1,0,0,1,3,124,31,1,2,San Carlos
H02955,1201381,2,1,5,2,0,0,0,1,4,103,104,0,3,El Carmen
H02956,2097996,3,1,5,2,0,1,1,1,4,43,22,0,2,El Bosque
H02957,1413495,2,1,6,1,0,0,0,1,5,52,36,0,3,Manablanca
H02958,1437194,2,1,4,1,0,0,1,1,4,62,10,0,3,Nueva Colombia
H02959,2136699,2,0,6,2,1,0,1,1,2,36,18,1,3,Las Acacias
H02960,1074228,1,0,4,2,0,0,1,0,4,79,10,0,2,Santa Ana
H02961,893633,1,1,7,2,0,0,0,1,5,107,80,0,1,Altos del Sol
H02962,1786064,2,1,5,2,0,0,1,1,3,85,89,1,1,La Victoria
H02963,1160450,1,1,5,2,0,0,0,0,5,122,65,0,2,La Primavera
H02964,1286888,1,1,4,2,1,0,1,0,3,49,35,1,2,La Victoria
H02965,4155107,4,0,5,0,0,0,1,1,1,14,24,0,4,La Unión
H02966,2296352,2,1,4,3,0,0,1,1,1,24,17,0,5,La Esperanza
H02967,2290472,2,1,5,2,0,0,1,1,5,43,17,1,2,Altos del Sol
H02968,1608506,1,0,3,2,0,0,0,1,5,22,12,0,2,Las Flores
H02969,1359710,3,1,6,0,0,0,1,1,4,42,33,0,4,Villa Diana
H02970,1691741,3,0,6,3,0,0,0,0,4,38,43,0,4,El Porvenir
H02971,2255792,3,0,6,3,0,0,0,1,3,33,37,1,3,El Porvenir
H02972,1689635,1,1,4,3,1,0,0,1,2,63,22,1,3,Villa Diana
H02973,2580788,3,0,3,0,0,0,1,1,1,4,3,0,4,Las Acacias
H02974,3024917,3,1,3,1,0,0,1,1,1,12,36,0,3,Las Flores
H02975,2603575,2,1,2,1,1,0,1,1,2,32,18,0,5,La Primavera
H02976,2861707,3,1,3,1,0,0,1,1,3,25,13,0,5,Bellavista
H02977,2496198,3,0,3,1,0,0,1,1,2,34,19,0,4,La Esperanza
H02978,1468542,2,1,4,1,1,0,1,1,3,91,15,0,4,San Luis
H02979,1666630,1,0,5,3,0,0,0,0,4,21,38,0,4,Bellavista
H02980,1792881,1,1,5,3,1,0,1,1,2,44,15,0,2,El Progreso
H02981,2633376,3,0,3,2,1,0,1,1,1,41,42,0,2,Villa Diana
H02982,2687120,3,0,4,1,0,0,1,1,1,44,28,0,4,El Carmen
H02983,2899085,4,1,3,1,1,0,1,1,1,22,10,0,3,San Jorge
H02984,1005550,3,0,6,1,0,0,0,1,1,27,4,0,1,El Progreso
H02985,1367368,2,0,3,1,1,0,0,1,3,41,31,0,2,Santa Ana
H02986,1670072,2,1,4,3,0,0,1,1,5,107,58,0,4,El Carmen
H02987,1148464,1,1,6,2,0,0,1,1,2,63,12,1,2,Bellavista
H02988,951897,3,1,4,1,0,0,0,0,5,27,10,0,2,Nueva Colombia
H02989,2397814,3,0,4,3,0,0,1,1,2,28,20,0,2,La Victoria
H02990,1608727,1,0,4,1,0,0,0,1,5,12,40,1,1,La Unión
H02991,1290373,1,1,2,2,1,0,1,0,2,51,15,0,4,San Jorge
H02992,1054564,2,1,3,4,1,0,0,0,3,61,4,0,2,San Jorge
H02993,820197,1,0,7,3,1,0,0,1,3,21,15,0,1,El Carmen
H02994,1079404,2,1,5,1,0,0,1,1,3,44,44,0,2,Manablanca
H02995,1124018,2,0,2,1,1,0,0,1,3,38,24,0,1,Nueva Colombia
H02996,1448661,1,1,4,2,0,0,0,0,4,51,9,0,2,La Primavera
H02997,1348544,2,0,7,1,0,0,0,1,5,62,20,0,2,La Aurora
H02998,2825495,3,0,6,0,1,0,1,1,3,50,16,0,3,Las Acacias
H02999,699862,1,1,4,3,0,0,0,0,5,100,72,0,2,Las Acacias
H03000,1227649,1,0,4,3,0,0,1,1,4,48,39,1,4,El Progreso
